2025-12-05 04:31:08 - OTMS - INFO - Loaded 68 tables from primary database
2025-12-05 04:31:08 - OTMS - INFO - Loaded 68 tables from flexible database
2025-12-05 04:31:08 - OTMS - INFO - Added 0 additional custom tables from location_config
2025-12-05 04:31:08 - OTMS - INFO - Attempting to load custom table 'audit_log'
2025-12-05 04:31:08 - OTMS - INFO - Reflecting table 'audit_log' from flex database...
2025-12-05 04:31:08 - OTMS - INFO - Successfully created model for table 'audit_log' from flex database
2025-12-05 04:31:08 - OTMS - INFO - Successfully loaded custom table model for 'audit_log'
2025-12-05 04:31:08 - OTMS - INFO - Retrieved 11 columns for data source 'audit_log'
2025-12-05 04:31:08 - OTMS - INFO - Attempting to load custom table 'audit_log'
2025-12-05 04:31:08 - OTMS - INFO - Reflecting table 'audit_log' from flex database...
2025-12-05 04:31:08 - OTMS - INFO - Successfully created model for table 'audit_log' from flex database
2025-12-05 04:31:08 - OTMS - INFO - Successfully loaded custom table model for 'audit_log'
2025-12-05 04:31:08 - OTMS - INFO - Retrieved 11 columns for data source 'audit_log'
2025-12-05 04:31:08 - OTMS - INFO - Attempting to load custom table 'audit_log'
2025-12-05 04:31:08 - OTMS - INFO - Reflecting table 'audit_log' from flex database...
2025-12-05 04:31:08 - OTMS - INFO - Successfully created model for table 'audit_log' from flex database
2025-12-05 04:31:08 - OTMS - INFO - Successfully loaded custom table model for 'audit_log'
2025-12-05 04:31:08 - OTMS - INFO - Retrieved 11 columns for data source 'audit_log'
2025-12-05 04:31:08 - OTMS - INFO - Attempting to load custom table 'audit_log'
2025-12-05 04:31:08 - OTMS - INFO - Reflecting table 'audit_log' from flex database...
2025-12-05 04:31:08 - OTMS - INFO - Successfully created model for table 'audit_log' from flex database
2025-12-05 04:31:08 - OTMS - INFO - Successfully loaded custom table model for 'audit_log'
2025-12-05 04:31:08 - OTMS - INFO - Retrieved 11 columns for data source 'audit_log'
2025-12-05 04:31:08 - OTMS - INFO - Attempting to load custom table 'audit_log'
2025-12-05 04:31:08 - OTMS - INFO - Reflecting table 'audit_log' from flex database...
2025-12-05 04:31:08 - OTMS - INFO - Successfully created model for table 'audit_log' from flex database
2025-12-05 04:31:08 - OTMS - INFO - Successfully loaded custom table model for 'audit_log'
2025-12-05 04:31:08 - OTMS - INFO - Retrieved 11 columns for data source 'audit_log'
2025-12-05 04:31:08 - OTMS - INFO - Attempting to load custom table 'audit_log'
2025-12-05 04:31:08 - OTMS - INFO - Reflecting table 'audit_log' from flex database...
2025-12-05 04:31:08 - OTMS - INFO - Successfully created model for table 'audit_log' from flex database
2025-12-05 04:31:08 - OTMS - INFO - Successfully loaded custom table model for 'audit_log'
2025-12-05 04:31:08 - OTMS - INFO - Retrieved 11 columns for data source 'audit_log'
2025-12-05 04:43:09 - OTMS - INFO - Reflecting table 'flex_meters_2' from flex database...
2025-12-05 04:43:09 - OTMS - INFO - Successfully created model for table 'flex_meters_2' from flex database
2025-12-05 04:43:23 - OTMS - INFO - Reflecting table 'flex_meters_2' from flex database...
2025-12-05 04:43:23 - OTMS - INFO - Successfully created model for table 'flex_meters_2' from flex database
2025-12-05 04:43:23 - OTMS - INFO - Reflecting table 'flex_produced_water_2' from flex database...
2025-12-05 04:43:23 - OTMS - INFO - Successfully created model for table 'flex_produced_water_2' from flex database
2025-12-05 04:56:07 - OTMS - INFO - Reflecting table 'custom_tanker_offloading_summary_4' from flex database...
2025-12-05 04:56:07 - OTMS - INFO - Successfully created model for table 'custom_tanker_offloading_summary_4' from flex database
2025-12-05 04:56:24 - OTMS - INFO - [DELETE] YadeVoyage #2 by admin - Deleted YADE Voyage 2121 with direct approval by admin (admin-operations)
2025-12-05 05:06:03 - OTMS - INFO - Reflecting table 'flex_meters_2' from flex database...
2025-12-05 05:06:03 - OTMS - INFO - Successfully created model for table 'flex_meters_2' from flex database
2025-12-05 05:06:03 - OTMS - INFO - Reflecting table 'flex_produced_water_2' from flex database...
2025-12-05 05:06:03 - OTMS - INFO - Successfully created model for table 'flex_produced_water_2' from flex database
2025-12-05 07:54:34 - OTMS - INFO - Reflecting table 'flex_meters_2' from flex database...
2025-12-05 07:54:34 - OTMS - INFO - Successfully created model for table 'flex_meters_2' from flex database
2025-12-05 07:54:34 - OTMS - INFO - Reflecting table 'flex_produced_water_2' from flex database...
2025-12-05 07:54:34 - OTMS - INFO - Successfully created model for table 'flex_produced_water_2' from flex database
2025-12-05 07:54:44 - OTMS - INFO - Reflecting table 'flex_meters_2' from flex database...
2025-12-05 07:54:44 - OTMS - INFO - Successfully created model for table 'flex_meters_2' from flex database
2025-12-05 07:54:44 - OTMS - INFO - Reflecting table 'flex_produced_water_2' from flex database...
2025-12-05 07:54:44 - OTMS - INFO - Successfully created model for table 'flex_produced_water_2' from flex database
2025-12-05 07:55:00 - OTMS - INFO - Reflecting table 'flex_meters_2' from flex database...
2025-12-05 07:55:00 - OTMS - INFO - Successfully created model for table 'flex_meters_2' from flex database
2025-12-05 07:55:00 - OTMS - INFO - Reflecting table 'flex_produced_water_2' from flex database...
2025-12-05 07:55:00 - OTMS - INFO - Successfully created model for table 'flex_produced_water_2' from flex database
2025-12-05 15:39:59 - OTMS - INFO - Loaded 68 tables from primary database
2025-12-05 15:39:59 - OTMS - INFO - Loaded 68 tables from flexible database
2025-12-05 15:39:59 - OTMS - INFO - Added 0 additional custom tables from location_config
2025-12-05 15:39:59 - OTMS - INFO - Attempting to load custom table 'audit_log'
2025-12-05 15:39:59 - OTMS - INFO - Reflecting table 'audit_log' from flex database...
2025-12-05 15:39:59 - OTMS - INFO - Successfully created model for table 'audit_log' from flex database
2025-12-05 15:39:59 - OTMS - INFO - Successfully loaded custom table model for 'audit_log'
2025-12-05 15:39:59 - OTMS - INFO - Retrieved 11 columns for data source 'audit_log'
2025-12-05 15:39:59 - OTMS - INFO - Attempting to load custom table 'audit_log'
2025-12-05 15:39:59 - OTMS - INFO - Reflecting table 'audit_log' from flex database...
2025-12-05 15:39:59 - OTMS - INFO - Successfully created model for table 'audit_log' from flex database
2025-12-05 15:39:59 - OTMS - INFO - Successfully loaded custom table model for 'audit_log'
2025-12-05 15:39:59 - OTMS - INFO - Retrieved 11 columns for data source 'audit_log'
2025-12-05 15:39:59 - OTMS - INFO - Attempting to load custom table 'audit_log'
2025-12-05 15:39:59 - OTMS - INFO - Reflecting table 'audit_log' from flex database...
2025-12-05 15:39:59 - OTMS - INFO - Successfully created model for table 'audit_log' from flex database
2025-12-05 15:39:59 - OTMS - INFO - Successfully loaded custom table model for 'audit_log'
2025-12-05 15:39:59 - OTMS - INFO - Retrieved 11 columns for data source 'audit_log'
2025-12-05 15:39:59 - OTMS - INFO - Attempting to load custom table 'audit_log'
2025-12-05 15:39:59 - OTMS - INFO - Reflecting table 'audit_log' from flex database...
2025-12-05 15:39:59 - OTMS - INFO - Successfully created model for table 'audit_log' from flex database
2025-12-05 15:39:59 - OTMS - INFO - Successfully loaded custom table model for 'audit_log'
2025-12-05 15:39:59 - OTMS - INFO - Retrieved 11 columns for data source 'audit_log'
2025-12-05 15:39:59 - OTMS - INFO - Attempting to load custom table 'audit_log'
2025-12-05 15:39:59 - OTMS - INFO - Reflecting table 'audit_log' from flex database...
2025-12-05 15:39:59 - OTMS - INFO - Successfully created model for table 'audit_log' from flex database
2025-12-05 15:39:59 - OTMS - INFO - Successfully loaded custom table model for 'audit_log'
2025-12-05 15:39:59 - OTMS - INFO - Retrieved 11 columns for data source 'audit_log'
2025-12-05 15:39:59 - OTMS - INFO - Attempting to load custom table 'audit_log'
2025-12-05 15:39:59 - OTMS - INFO - Reflecting table 'audit_log' from flex database...
2025-12-05 15:39:59 - OTMS - INFO - Successfully created model for table 'audit_log' from flex database
2025-12-05 15:39:59 - OTMS - INFO - Successfully loaded custom table model for 'audit_log'
2025-12-05 15:39:59 - OTMS - INFO - Retrieved 11 columns for data source 'audit_log'
2025-12-05 15:44:22 - OTMS - INFO - Loaded 68 tables from primary database
2025-12-05 15:44:22 - OTMS - INFO - Loaded 68 tables from flexible database
2025-12-05 15:44:22 - OTMS - INFO - Added 0 additional custom tables from location_config
2025-12-05 15:44:22 - OTMS - INFO - Attempting to load custom table 'audit_log'
2025-12-05 15:44:22 - OTMS - INFO - Reflecting table 'audit_log' from flex database...
2025-12-05 15:44:22 - OTMS - INFO - Successfully created model for table 'audit_log' from flex database
2025-12-05 15:44:22 - OTMS - INFO - Successfully loaded custom table model for 'audit_log'
2025-12-05 15:44:22 - OTMS - INFO - Retrieved 11 columns for data source 'audit_log'
2025-12-05 15:44:22 - OTMS - INFO - Attempting to load custom table 'audit_log'
2025-12-05 15:44:22 - OTMS - INFO - Reflecting table 'audit_log' from flex database...
2025-12-05 15:44:22 - OTMS - INFO - Successfully created model for table 'audit_log' from flex database
2025-12-05 15:44:22 - OTMS - INFO - Successfully loaded custom table model for 'audit_log'
2025-12-05 15:44:22 - OTMS - INFO - Retrieved 11 columns for data source 'audit_log'
2025-12-05 15:44:22 - OTMS - INFO - Attempting to load custom table 'audit_log'
2025-12-05 15:44:22 - OTMS - INFO - Reflecting table 'audit_log' from flex database...
2025-12-05 15:44:22 - OTMS - INFO - Successfully created model for table 'audit_log' from flex database
2025-12-05 15:44:22 - OTMS - INFO - Successfully loaded custom table model for 'audit_log'
2025-12-05 15:44:22 - OTMS - INFO - Retrieved 11 columns for data source 'audit_log'
2025-12-05 15:44:22 - OTMS - INFO - Attempting to load custom table 'audit_log'
2025-12-05 15:44:22 - OTMS - INFO - Reflecting table 'audit_log' from flex database...
2025-12-05 15:44:22 - OTMS - INFO - Successfully created model for table 'audit_log' from flex database
2025-12-05 15:44:22 - OTMS - INFO - Successfully loaded custom table model for 'audit_log'
2025-12-05 15:44:22 - OTMS - INFO - Retrieved 11 columns for data source 'audit_log'
2025-12-05 15:44:22 - OTMS - INFO - Attempting to load custom table 'audit_log'
2025-12-05 15:44:22 - OTMS - INFO - Reflecting table 'audit_log' from flex database...
2025-12-05 15:44:22 - OTMS - INFO - Successfully created model for table 'audit_log' from flex database
2025-12-05 15:44:22 - OTMS - INFO - Successfully loaded custom table model for 'audit_log'
2025-12-05 15:44:22 - OTMS - INFO - Retrieved 11 columns for data source 'audit_log'
2025-12-05 15:44:22 - OTMS - INFO - Attempting to load custom table 'audit_log'
2025-12-05 15:44:22 - OTMS - INFO - Reflecting table 'audit_log' from flex database...
2025-12-05 15:44:22 - OTMS - INFO - Successfully created model for table 'audit_log' from flex database
2025-12-05 15:44:22 - OTMS - INFO - Successfully loaded custom table model for 'audit_log'
2025-12-05 15:44:22 - OTMS - INFO - Retrieved 11 columns for data source 'audit_log'
2025-12-05 15:47:45 - OTMS - INFO - Loaded 68 tables from primary database
2025-12-05 15:47:45 - OTMS - INFO - Loaded 68 tables from flexible database
2025-12-05 15:47:45 - OTMS - INFO - Added 0 additional custom tables from location_config
2025-12-05 15:47:45 - OTMS - INFO - Attempting to load custom table 'yade_voyage'
2025-12-05 15:47:45 - OTMS - INFO - Reflecting table 'yade_voyage' from flex database...
2025-12-05 15:47:45 - OTMS - INFO - Successfully created model for table 'yade_voyage' from flex database
2025-12-05 15:47:45 - OTMS - INFO - Successfully loaded custom table model for 'yade_voyage'
2025-12-05 15:47:45 - OTMS - INFO - Retrieved 19 columns for data source 'yade_voyage'
2025-12-05 15:47:45 - OTMS - INFO - Attempting to load custom table 'audit_log'
2025-12-05 15:47:45 - OTMS - INFO - Reflecting table 'audit_log' from flex database...
2025-12-05 15:47:45 - OTMS - INFO - Successfully created model for table 'audit_log' from flex database
2025-12-05 15:47:45 - OTMS - INFO - Successfully loaded custom table model for 'audit_log'
2025-12-05 15:47:45 - OTMS - INFO - Retrieved 11 columns for data source 'audit_log'
2025-12-05 15:47:45 - OTMS - INFO - Attempting to load custom table 'audit_log'
2025-12-05 15:47:45 - OTMS - INFO - Reflecting table 'audit_log' from flex database...
2025-12-05 15:47:45 - OTMS - INFO - Successfully created model for table 'audit_log' from flex database
2025-12-05 15:47:45 - OTMS - INFO - Successfully loaded custom table model for 'audit_log'
2025-12-05 15:47:45 - OTMS - INFO - Retrieved 11 columns for data source 'audit_log'
2025-12-05 15:47:45 - OTMS - INFO - Attempting to load custom table 'audit_log'
2025-12-05 15:47:45 - OTMS - INFO - Reflecting table 'audit_log' from flex database...
2025-12-05 15:47:45 - OTMS - INFO - Successfully created model for table 'audit_log' from flex database
2025-12-05 15:47:45 - OTMS - INFO - Successfully loaded custom table model for 'audit_log'
2025-12-05 15:47:45 - OTMS - INFO - Retrieved 11 columns for data source 'audit_log'
2025-12-05 15:47:45 - OTMS - INFO - Attempting to load custom table 'audit_log'
2025-12-05 15:47:45 - OTMS - INFO - Reflecting table 'audit_log' from flex database...
2025-12-05 15:47:45 - OTMS - INFO - Successfully created model for table 'audit_log' from flex database
2025-12-05 15:47:45 - OTMS - INFO - Successfully loaded custom table model for 'audit_log'
2025-12-05 15:47:45 - OTMS - INFO - Retrieved 11 columns for data source 'audit_log'
2025-12-05 15:47:45 - OTMS - INFO - Attempting to load custom table 'audit_log'
2025-12-05 15:47:45 - OTMS - INFO - Reflecting table 'audit_log' from flex database...
2025-12-05 15:47:45 - OTMS - INFO - Successfully created model for table 'audit_log' from flex database
2025-12-05 15:47:45 - OTMS - INFO - Successfully loaded custom table model for 'audit_log'
2025-12-05 15:47:45 - OTMS - INFO - Retrieved 11 columns for data source 'audit_log'
2025-12-05 15:47:58 - OTMS - INFO - Loaded 68 tables from primary database
2025-12-05 15:47:58 - OTMS - INFO - Loaded 68 tables from flexible database
2025-12-05 15:47:58 - OTMS - INFO - Added 0 additional custom tables from location_config
2025-12-05 15:47:58 - OTMS - INFO - Attempting to load custom table 'yade_voyage'
2025-12-05 15:47:58 - OTMS - INFO - Reflecting table 'yade_voyage' from flex database...
2025-12-05 15:47:58 - OTMS - INFO - Successfully created model for table 'yade_voyage' from flex database
2025-12-05 15:47:58 - OTMS - INFO - Successfully loaded custom table model for 'yade_voyage'
2025-12-05 15:47:58 - OTMS - INFO - Retrieved 19 columns for data source 'yade_voyage'
2025-12-05 15:47:58 - OTMS - INFO - Attempting to load custom table 'toa_yade_summary'
2025-12-05 15:47:58 - OTMS - INFO - Reflecting table 'toa_yade_summary' from flex database...
2025-12-05 15:47:58 - OTMS - INFO - Successfully created model for table 'toa_yade_summary' from flex database
2025-12-05 15:47:58 - OTMS - INFO - Successfully loaded custom table model for 'toa_yade_summary'
2025-12-05 15:47:58 - OTMS - INFO - Retrieved 20 columns for data source 'toa_yade_summary'
2025-12-05 15:47:58 - OTMS - INFO - Attempting to load custom table 'audit_log'
2025-12-05 15:47:58 - OTMS - INFO - Reflecting table 'audit_log' from flex database...
2025-12-05 15:47:58 - OTMS - INFO - Successfully created model for table 'audit_log' from flex database
2025-12-05 15:47:58 - OTMS - INFO - Successfully loaded custom table model for 'audit_log'
2025-12-05 15:47:58 - OTMS - INFO - Retrieved 11 columns for data source 'audit_log'
2025-12-05 15:47:58 - OTMS - INFO - Attempting to load custom table 'audit_log'
2025-12-05 15:47:58 - OTMS - INFO - Reflecting table 'audit_log' from flex database...
2025-12-05 15:47:58 - OTMS - INFO - Successfully created model for table 'audit_log' from flex database
2025-12-05 15:47:58 - OTMS - INFO - Successfully loaded custom table model for 'audit_log'
2025-12-05 15:47:58 - OTMS - INFO - Retrieved 11 columns for data source 'audit_log'
2025-12-05 15:47:58 - OTMS - INFO - Attempting to load custom table 'audit_log'
2025-12-05 15:47:58 - OTMS - INFO - Reflecting table 'audit_log' from flex database...
2025-12-05 15:47:58 - OTMS - INFO - Successfully created model for table 'audit_log' from flex database
2025-12-05 15:47:58 - OTMS - INFO - Successfully loaded custom table model for 'audit_log'
2025-12-05 15:47:58 - OTMS - INFO - Retrieved 11 columns for data source 'audit_log'
2025-12-05 15:47:58 - OTMS - INFO - Attempting to load custom table 'audit_log'
2025-12-05 15:47:58 - OTMS - INFO - Reflecting table 'audit_log' from flex database...
2025-12-05 15:47:58 - OTMS - INFO - Successfully created model for table 'audit_log' from flex database
2025-12-05 15:47:58 - OTMS - INFO - Successfully loaded custom table model for 'audit_log'
2025-12-05 15:47:58 - OTMS - INFO - Retrieved 11 columns for data source 'audit_log'
2025-12-05 15:48:07 - OTMS - INFO - Loaded 68 tables from primary database
2025-12-05 15:48:07 - OTMS - INFO - Loaded 68 tables from flexible database
2025-12-05 15:48:07 - OTMS - INFO - Added 0 additional custom tables from location_config
2025-12-05 15:48:07 - OTMS - INFO - Attempting to load custom table 'yade_voyage'
2025-12-05 15:48:07 - OTMS - INFO - Reflecting table 'yade_voyage' from flex database...
2025-12-05 15:48:07 - OTMS - INFO - Successfully created model for table 'yade_voyage' from flex database
2025-12-05 15:48:07 - OTMS - INFO - Successfully loaded custom table model for 'yade_voyage'
2025-12-05 15:48:07 - OTMS - INFO - Retrieved 19 columns for data source 'yade_voyage'
2025-12-05 15:48:07 - OTMS - INFO - Attempting to load custom table 'toa_yade_summary'
2025-12-05 15:48:07 - OTMS - INFO - Reflecting table 'toa_yade_summary' from flex database...
2025-12-05 15:48:07 - OTMS - INFO - Successfully created model for table 'toa_yade_summary' from flex database
2025-12-05 15:48:07 - OTMS - INFO - Successfully loaded custom table model for 'toa_yade_summary'
2025-12-05 15:48:07 - OTMS - INFO - Retrieved 20 columns for data source 'toa_yade_summary'
2025-12-05 15:48:07 - OTMS - INFO - Attempting to load custom table 'audit_log'
2025-12-05 15:48:07 - OTMS - INFO - Reflecting table 'audit_log' from flex database...
2025-12-05 15:48:07 - OTMS - INFO - Successfully created model for table 'audit_log' from flex database
2025-12-05 15:48:07 - OTMS - INFO - Successfully loaded custom table model for 'audit_log'
2025-12-05 15:48:07 - OTMS - INFO - Retrieved 11 columns for data source 'audit_log'
2025-12-05 15:48:07 - OTMS - INFO - Attempting to load custom table 'audit_log'
2025-12-05 15:48:07 - OTMS - INFO - Reflecting table 'audit_log' from flex database...
2025-12-05 15:48:07 - OTMS - INFO - Successfully created model for table 'audit_log' from flex database
2025-12-05 15:48:07 - OTMS - INFO - Successfully loaded custom table model for 'audit_log'
2025-12-05 15:48:07 - OTMS - INFO - Retrieved 11 columns for data source 'audit_log'
2025-12-05 15:48:07 - OTMS - INFO - Attempting to load custom table 'audit_log'
2025-12-05 15:48:07 - OTMS - INFO - Reflecting table 'audit_log' from flex database...
2025-12-05 15:48:07 - OTMS - INFO - Successfully created model for table 'audit_log' from flex database
2025-12-05 15:48:07 - OTMS - INFO - Successfully loaded custom table model for 'audit_log'
2025-12-05 15:48:07 - OTMS - INFO - Retrieved 11 columns for data source 'audit_log'
2025-12-05 15:48:07 - OTMS - INFO - Attempting to load custom table 'audit_log'
2025-12-05 15:48:07 - OTMS - INFO - Reflecting table 'audit_log' from flex database...
2025-12-05 15:48:07 - OTMS - INFO - Successfully created model for table 'audit_log' from flex database
2025-12-05 15:48:07 - OTMS - INFO - Successfully loaded custom table model for 'audit_log'
2025-12-05 15:48:07 - OTMS - INFO - Retrieved 11 columns for data source 'audit_log'
2025-12-05 15:48:09 - OTMS - INFO - Loaded 68 tables from primary database
2025-12-05 15:48:09 - OTMS - INFO - Loaded 68 tables from flexible database
2025-12-05 15:48:09 - OTMS - INFO - Added 0 additional custom tables from location_config
2025-12-05 15:48:09 - OTMS - INFO - Attempting to load custom table 'yade_voyage'
2025-12-05 15:48:09 - OTMS - INFO - Reflecting table 'yade_voyage' from flex database...
2025-12-05 15:48:09 - OTMS - INFO - Successfully created model for table 'yade_voyage' from flex database
2025-12-05 15:48:09 - OTMS - INFO - Successfully loaded custom table model for 'yade_voyage'
2025-12-05 15:48:09 - OTMS - INFO - Retrieved 19 columns for data source 'yade_voyage'
2025-12-05 15:48:09 - OTMS - INFO - Attempting to load custom table 'toa_yade_summary'
2025-12-05 15:48:09 - OTMS - INFO - Reflecting table 'toa_yade_summary' from flex database...
2025-12-05 15:48:09 - OTMS - INFO - Successfully created model for table 'toa_yade_summary' from flex database
2025-12-05 15:48:09 - OTMS - INFO - Successfully loaded custom table model for 'toa_yade_summary'
2025-12-05 15:48:09 - OTMS - INFO - Retrieved 20 columns for data source 'toa_yade_summary'
2025-12-05 15:48:09 - OTMS - INFO - Attempting to load custom table 'audit_log'
2025-12-05 15:48:09 - OTMS - INFO - Reflecting table 'audit_log' from flex database...
2025-12-05 15:48:09 - OTMS - INFO - Successfully created model for table 'audit_log' from flex database
2025-12-05 15:48:09 - OTMS - INFO - Successfully loaded custom table model for 'audit_log'
2025-12-05 15:48:09 - OTMS - INFO - Retrieved 11 columns for data source 'audit_log'
2025-12-05 15:48:09 - OTMS - INFO - Attempting to load custom table 'audit_log'
2025-12-05 15:48:09 - OTMS - INFO - Reflecting table 'audit_log' from flex database...
2025-12-05 15:48:09 - OTMS - INFO - Successfully created model for table 'audit_log' from flex database
2025-12-05 15:48:09 - OTMS - INFO - Successfully loaded custom table model for 'audit_log'
2025-12-05 15:48:09 - OTMS - INFO - Retrieved 11 columns for data source 'audit_log'
2025-12-05 15:48:09 - OTMS - INFO - Attempting to load custom table 'audit_log'
2025-12-05 15:48:09 - OTMS - INFO - Reflecting table 'audit_log' from flex database...
2025-12-05 15:48:10 - OTMS - INFO - Successfully created model for table 'audit_log' from flex database
2025-12-05 15:48:10 - OTMS - INFO - Successfully loaded custom table model for 'audit_log'
2025-12-05 15:48:10 - OTMS - INFO - Retrieved 11 columns for data source 'audit_log'
2025-12-05 15:48:10 - OTMS - INFO - Attempting to load custom table 'audit_log'
2025-12-05 15:48:10 - OTMS - INFO - Reflecting table 'audit_log' from flex database...
2025-12-05 15:48:10 - OTMS - INFO - Successfully created model for table 'audit_log' from flex database
2025-12-05 15:48:10 - OTMS - INFO - Successfully loaded custom table model for 'audit_log'
2025-12-05 15:48:10 - OTMS - INFO - Retrieved 11 columns for data source 'audit_log'
2025-12-05 15:48:26 - OTMS - INFO - Loaded 68 tables from primary database
2025-12-05 15:48:26 - OTMS - INFO - Loaded 68 tables from flexible database
2025-12-05 15:48:26 - OTMS - INFO - Added 0 additional custom tables from location_config
2025-12-05 15:48:26 - OTMS - INFO - Attempting to load custom table 'yade_voyage'
2025-12-05 15:48:26 - OTMS - INFO - Reflecting table 'yade_voyage' from flex database...
2025-12-05 15:48:26 - OTMS - INFO - Successfully created model for table 'yade_voyage' from flex database
2025-12-05 15:48:26 - OTMS - INFO - Successfully loaded custom table model for 'yade_voyage'
2025-12-05 15:48:26 - OTMS - INFO - Retrieved 19 columns for data source 'yade_voyage'
2025-12-05 15:48:26 - OTMS - INFO - Attempting to load custom table 'toa_yade_summary'
2025-12-05 15:48:26 - OTMS - INFO - Reflecting table 'toa_yade_summary' from flex database...
2025-12-05 15:48:26 - OTMS - INFO - Successfully created model for table 'toa_yade_summary' from flex database
2025-12-05 15:48:26 - OTMS - INFO - Successfully loaded custom table model for 'toa_yade_summary'
2025-12-05 15:48:26 - OTMS - INFO - Retrieved 20 columns for data source 'toa_yade_summary'
2025-12-05 15:48:26 - OTMS - INFO - Attempting to load custom table 'audit_log'
2025-12-05 15:48:26 - OTMS - INFO - Reflecting table 'audit_log' from flex database...
2025-12-05 15:48:26 - OTMS - INFO - Successfully created model for table 'audit_log' from flex database
2025-12-05 15:48:26 - OTMS - INFO - Successfully loaded custom table model for 'audit_log'
2025-12-05 15:48:26 - OTMS - INFO - Retrieved 11 columns for data source 'audit_log'
2025-12-05 15:48:26 - OTMS - INFO - Attempting to load custom table 'audit_log'
2025-12-05 15:48:26 - OTMS - INFO - Reflecting table 'audit_log' from flex database...
2025-12-05 15:48:26 - OTMS - INFO - Successfully created model for table 'audit_log' from flex database
2025-12-05 15:48:26 - OTMS - INFO - Successfully loaded custom table model for 'audit_log'
2025-12-05 15:48:26 - OTMS - INFO - Retrieved 11 columns for data source 'audit_log'
2025-12-05 15:48:26 - OTMS - INFO - Attempting to load custom table 'audit_log'
2025-12-05 15:48:26 - OTMS - INFO - Reflecting table 'audit_log' from flex database...
2025-12-05 15:48:26 - OTMS - INFO - Successfully created model for table 'audit_log' from flex database
2025-12-05 15:48:26 - OTMS - INFO - Successfully loaded custom table model for 'audit_log'
2025-12-05 15:48:26 - OTMS - INFO - Retrieved 11 columns for data source 'audit_log'
2025-12-05 15:48:26 - OTMS - INFO - Attempting to load custom table 'audit_log'
2025-12-05 15:48:26 - OTMS - INFO - Reflecting table 'audit_log' from flex database...
2025-12-05 15:48:26 - OTMS - INFO - Successfully created model for table 'audit_log' from flex database
2025-12-05 15:48:26 - OTMS - INFO - Successfully loaded custom table model for 'audit_log'
2025-12-05 15:48:26 - OTMS - INFO - Retrieved 11 columns for data source 'audit_log'
2025-12-05 15:48:26 - OTMS - INFO - Attempting to load custom table 'audit_log'
2025-12-05 15:48:26 - OTMS - INFO - Reflecting table 'audit_log' from flex database...
2025-12-05 15:48:26 - OTMS - INFO - Successfully created model for table 'audit_log' from flex database
2025-12-05 15:48:26 - OTMS - INFO - Successfully loaded custom table model for 'audit_log'
2025-12-05 15:48:26 - OTMS - INFO - Retrieved 11 columns for data source 'audit_log'
2025-12-05 15:48:26 - OTMS - INFO - Attempting to load custom table 'audit_log'
2025-12-05 15:48:26 - OTMS - INFO - Reflecting table 'audit_log' from flex database...
2025-12-05 15:48:26 - OTMS - INFO - Successfully created model for table 'audit_log' from flex database
2025-12-05 15:48:26 - OTMS - INFO - Successfully loaded custom table model for 'audit_log'
2025-12-05 15:48:26 - OTMS - INFO - Retrieved 11 columns for data source 'audit_log'
2025-12-05 15:48:29 - OTMS - INFO - Loaded 68 tables from primary database
2025-12-05 15:48:29 - OTMS - INFO - Loaded 68 tables from flexible database
2025-12-05 15:48:29 - OTMS - INFO - Added 0 additional custom tables from location_config
2025-12-05 15:48:29 - OTMS - INFO - Attempting to load custom table 'yade_voyage'
2025-12-05 15:48:29 - OTMS - INFO - Reflecting table 'yade_voyage' from flex database...
2025-12-05 15:48:29 - OTMS - INFO - Successfully created model for table 'yade_voyage' from flex database
2025-12-05 15:48:29 - OTMS - INFO - Successfully loaded custom table model for 'yade_voyage'
2025-12-05 15:48:29 - OTMS - INFO - Retrieved 19 columns for data source 'yade_voyage'
2025-12-05 15:48:29 - OTMS - INFO - Attempting to load custom table 'toa_yade_summary'
2025-12-05 15:48:29 - OTMS - INFO - Reflecting table 'toa_yade_summary' from flex database...
2025-12-05 15:48:29 - OTMS - INFO - Successfully created model for table 'toa_yade_summary' from flex database
2025-12-05 15:48:29 - OTMS - INFO - Successfully loaded custom table model for 'toa_yade_summary'
2025-12-05 15:48:29 - OTMS - INFO - Retrieved 20 columns for data source 'toa_yade_summary'
2025-12-05 15:48:29 - OTMS - INFO - Attempting to load custom table 'audit_log'
2025-12-05 15:48:29 - OTMS - INFO - Reflecting table 'audit_log' from flex database...
2025-12-05 15:48:29 - OTMS - INFO - Successfully created model for table 'audit_log' from flex database
2025-12-05 15:48:29 - OTMS - INFO - Successfully loaded custom table model for 'audit_log'
2025-12-05 15:48:29 - OTMS - INFO - Retrieved 11 columns for data source 'audit_log'
2025-12-05 15:48:29 - OTMS - INFO - Attempting to load custom table 'audit_log'
2025-12-05 15:48:29 - OTMS - INFO - Reflecting table 'audit_log' from flex database...
2025-12-05 15:48:29 - OTMS - INFO - Successfully created model for table 'audit_log' from flex database
2025-12-05 15:48:29 - OTMS - INFO - Successfully loaded custom table model for 'audit_log'
2025-12-05 15:48:29 - OTMS - INFO - Retrieved 11 columns for data source 'audit_log'
2025-12-05 15:48:29 - OTMS - INFO - Attempting to load custom table 'audit_log'
2025-12-05 15:48:29 - OTMS - INFO - Reflecting table 'audit_log' from flex database...
2025-12-05 15:48:29 - OTMS - INFO - Successfully created model for table 'audit_log' from flex database
2025-12-05 15:48:29 - OTMS - INFO - Successfully loaded custom table model for 'audit_log'
2025-12-05 15:48:29 - OTMS - INFO - Retrieved 11 columns for data source 'audit_log'
2025-12-05 15:48:29 - OTMS - INFO - Attempting to load custom table 'audit_log'
2025-12-05 15:48:29 - OTMS - INFO - Reflecting table 'audit_log' from flex database...
2025-12-05 15:48:29 - OTMS - INFO - Successfully created model for table 'audit_log' from flex database
2025-12-05 15:48:29 - OTMS - INFO - Successfully loaded custom table model for 'audit_log'
2025-12-05 15:48:29 - OTMS - INFO - Retrieved 11 columns for data source 'audit_log'
2025-12-05 15:48:29 - OTMS - INFO - Attempting to load custom table 'audit_log'
2025-12-05 15:48:29 - OTMS - INFO - Reflecting table 'audit_log' from flex database...
2025-12-05 15:48:29 - OTMS - INFO - Successfully created model for table 'audit_log' from flex database
2025-12-05 15:48:29 - OTMS - INFO - Successfully loaded custom table model for 'audit_log'
2025-12-05 15:48:29 - OTMS - INFO - Retrieved 11 columns for data source 'audit_log'
2025-12-05 15:48:29 - OTMS - INFO - Attempting to load custom table 'audit_log'
2025-12-05 15:48:29 - OTMS - INFO - Reflecting table 'audit_log' from flex database...
2025-12-05 15:48:29 - OTMS - INFO - Successfully created model for table 'audit_log' from flex database
2025-12-05 15:48:29 - OTMS - INFO - Successfully loaded custom table model for 'audit_log'
2025-12-05 15:48:29 - OTMS - INFO - Retrieved 11 columns for data source 'audit_log'
2025-12-05 15:48:32 - OTMS - INFO - Loaded 68 tables from primary database
2025-12-05 15:48:32 - OTMS - INFO - Loaded 68 tables from flexible database
2025-12-05 15:48:32 - OTMS - INFO - Added 0 additional custom tables from location_config
2025-12-05 15:48:32 - OTMS - INFO - Attempting to load custom table 'yade_voyage'
2025-12-05 15:48:32 - OTMS - INFO - Reflecting table 'yade_voyage' from flex database...
2025-12-05 15:48:32 - OTMS - INFO - Successfully created model for table 'yade_voyage' from flex database
2025-12-05 15:48:32 - OTMS - INFO - Successfully loaded custom table model for 'yade_voyage'
2025-12-05 15:48:32 - OTMS - INFO - Retrieved 19 columns for data source 'yade_voyage'
2025-12-05 15:48:32 - OTMS - INFO - Attempting to load custom table 'toa_yade_summary'
2025-12-05 15:48:32 - OTMS - INFO - Reflecting table 'toa_yade_summary' from flex database...
2025-12-05 15:48:32 - OTMS - INFO - Successfully created model for table 'toa_yade_summary' from flex database
2025-12-05 15:48:32 - OTMS - INFO - Successfully loaded custom table model for 'toa_yade_summary'
2025-12-05 15:48:32 - OTMS - INFO - Retrieved 20 columns for data source 'toa_yade_summary'
2025-12-05 15:48:32 - OTMS - INFO - Attempting to load custom table 'audit_log'
2025-12-05 15:48:32 - OTMS - INFO - Reflecting table 'audit_log' from flex database...
2025-12-05 15:48:32 - OTMS - INFO - Successfully created model for table 'audit_log' from flex database
2025-12-05 15:48:32 - OTMS - INFO - Successfully loaded custom table model for 'audit_log'
2025-12-05 15:48:32 - OTMS - INFO - Retrieved 11 columns for data source 'audit_log'
2025-12-05 15:48:32 - OTMS - INFO - Attempting to load custom table 'audit_log'
2025-12-05 15:48:32 - OTMS - INFO - Reflecting table 'audit_log' from flex database...
2025-12-05 15:48:32 - OTMS - INFO - Successfully created model for table 'audit_log' from flex database
2025-12-05 15:48:32 - OTMS - INFO - Successfully loaded custom table model for 'audit_log'
2025-12-05 15:48:32 - OTMS - INFO - Retrieved 11 columns for data source 'audit_log'
2025-12-05 15:48:32 - OTMS - INFO - Attempting to load custom table 'audit_log'
2025-12-05 15:48:32 - OTMS - INFO - Reflecting table 'audit_log' from flex database...
2025-12-05 15:48:32 - OTMS - INFO - Successfully created model for table 'audit_log' from flex database
2025-12-05 15:48:32 - OTMS - INFO - Successfully loaded custom table model for 'audit_log'
2025-12-05 15:48:32 - OTMS - INFO - Retrieved 11 columns for data source 'audit_log'
2025-12-05 15:48:32 - OTMS - INFO - Attempting to load custom table 'audit_log'
2025-12-05 15:48:32 - OTMS - INFO - Reflecting table 'audit_log' from flex database...
2025-12-05 15:48:32 - OTMS - INFO - Successfully created model for table 'audit_log' from flex database
2025-12-05 15:48:32 - OTMS - INFO - Successfully loaded custom table model for 'audit_log'
2025-12-05 15:48:32 - OTMS - INFO - Retrieved 11 columns for data source 'audit_log'
2025-12-05 15:48:32 - OTMS - INFO - Attempting to load custom table 'audit_log'
2025-12-05 15:48:32 - OTMS - INFO - Reflecting table 'audit_log' from flex database...
2025-12-05 15:48:32 - OTMS - INFO - Successfully created model for table 'audit_log' from flex database
2025-12-05 15:48:32 - OTMS - INFO - Successfully loaded custom table model for 'audit_log'
2025-12-05 15:48:32 - OTMS - INFO - Retrieved 11 columns for data source 'audit_log'
2025-12-05 15:48:32 - OTMS - INFO - Attempting to load custom table 'audit_log'
2025-12-05 15:48:32 - OTMS - INFO - Reflecting table 'audit_log' from flex database...
2025-12-05 15:48:32 - OTMS - INFO - Successfully created model for table 'audit_log' from flex database
2025-12-05 15:48:32 - OTMS - INFO - Successfully loaded custom table model for 'audit_log'
2025-12-05 15:48:32 - OTMS - INFO - Retrieved 11 columns for data source 'audit_log'
2025-12-05 15:48:34 - OTMS - INFO - Loaded 68 tables from primary database
2025-12-05 15:48:34 - OTMS - INFO - Loaded 68 tables from flexible database
2025-12-05 15:48:34 - OTMS - INFO - Added 0 additional custom tables from location_config
2025-12-05 15:48:34 - OTMS - INFO - Attempting to load custom table 'yade_voyage'
2025-12-05 15:48:34 - OTMS - INFO - Reflecting table 'yade_voyage' from flex database...
2025-12-05 15:48:34 - OTMS - INFO - Successfully created model for table 'yade_voyage' from flex database
2025-12-05 15:48:34 - OTMS - INFO - Successfully loaded custom table model for 'yade_voyage'
2025-12-05 15:48:34 - OTMS - INFO - Retrieved 19 columns for data source 'yade_voyage'
2025-12-05 15:48:34 - OTMS - INFO - Attempting to load custom table 'toa_yade_summary'
2025-12-05 15:48:34 - OTMS - INFO - Reflecting table 'toa_yade_summary' from flex database...
2025-12-05 15:48:34 - OTMS - INFO - Successfully created model for table 'toa_yade_summary' from flex database
2025-12-05 15:48:34 - OTMS - INFO - Successfully loaded custom table model for 'toa_yade_summary'
2025-12-05 15:48:34 - OTMS - INFO - Retrieved 20 columns for data source 'toa_yade_summary'
2025-12-05 15:48:34 - OTMS - INFO - Attempting to load custom table 'audit_log'
2025-12-05 15:48:34 - OTMS - INFO - Reflecting table 'audit_log' from flex database...
2025-12-05 15:48:34 - OTMS - INFO - Successfully created model for table 'audit_log' from flex database
2025-12-05 15:48:34 - OTMS - INFO - Successfully loaded custom table model for 'audit_log'
2025-12-05 15:48:34 - OTMS - INFO - Retrieved 11 columns for data source 'audit_log'
2025-12-05 15:48:34 - OTMS - INFO - Attempting to load custom table 'audit_log'
2025-12-05 15:48:34 - OTMS - INFO - Reflecting table 'audit_log' from flex database...
2025-12-05 15:48:34 - OTMS - INFO - Successfully created model for table 'audit_log' from flex database
2025-12-05 15:48:34 - OTMS - INFO - Successfully loaded custom table model for 'audit_log'
2025-12-05 15:48:34 - OTMS - INFO - Retrieved 11 columns for data source 'audit_log'
2025-12-05 15:48:34 - OTMS - INFO - Attempting to load custom table 'audit_log'
2025-12-05 15:48:34 - OTMS - INFO - Reflecting table 'audit_log' from flex database...
2025-12-05 15:48:34 - OTMS - INFO - Successfully created model for table 'audit_log' from flex database
2025-12-05 15:48:34 - OTMS - INFO - Successfully loaded custom table model for 'audit_log'
2025-12-05 15:48:34 - OTMS - INFO - Retrieved 11 columns for data source 'audit_log'
2025-12-05 15:48:34 - OTMS - INFO - Attempting to load custom table 'audit_log'
2025-12-05 15:48:34 - OTMS - INFO - Reflecting table 'audit_log' from flex database...
2025-12-05 15:48:34 - OTMS - INFO - Successfully created model for table 'audit_log' from flex database
2025-12-05 15:48:34 - OTMS - INFO - Successfully loaded custom table model for 'audit_log'
2025-12-05 15:48:34 - OTMS - INFO - Retrieved 11 columns for data source 'audit_log'
2025-12-05 15:48:34 - OTMS - INFO - Attempting to load custom table 'audit_log'
2025-12-05 15:48:34 - OTMS - INFO - Reflecting table 'audit_log' from flex database...
2025-12-05 15:48:34 - OTMS - INFO - Successfully created model for table 'audit_log' from flex database
2025-12-05 15:48:34 - OTMS - INFO - Successfully loaded custom table model for 'audit_log'
2025-12-05 15:48:34 - OTMS - INFO - Retrieved 11 columns for data source 'audit_log'
2025-12-05 15:48:34 - OTMS - INFO - Attempting to load custom table 'audit_log'
2025-12-05 15:48:34 - OTMS - INFO - Reflecting table 'audit_log' from flex database...
2025-12-05 15:48:34 - OTMS - INFO - Successfully created model for table 'audit_log' from flex database
2025-12-05 15:48:34 - OTMS - INFO - Successfully loaded custom table model for 'audit_log'
2025-12-05 15:48:34 - OTMS - INFO - Retrieved 11 columns for data source 'audit_log'
2025-12-05 15:48:43 - OTMS - INFO - Loaded 68 tables from primary database
2025-12-05 15:48:43 - OTMS - INFO - Loaded 68 tables from flexible database
2025-12-05 15:48:43 - OTMS - INFO - Added 0 additional custom tables from location_config
2025-12-05 15:48:43 - OTMS - INFO - Attempting to load custom table 'yade_voyage'
2025-12-05 15:48:43 - OTMS - INFO - Reflecting table 'yade_voyage' from flex database...
2025-12-05 15:48:43 - OTMS - INFO - Successfully created model for table 'yade_voyage' from flex database
2025-12-05 15:48:43 - OTMS - INFO - Successfully loaded custom table model for 'yade_voyage'
2025-12-05 15:48:43 - OTMS - INFO - Retrieved 19 columns for data source 'yade_voyage'
2025-12-05 15:48:43 - OTMS - INFO - Attempting to load custom table 'toa_yade_summary'
2025-12-05 15:48:43 - OTMS - INFO - Reflecting table 'toa_yade_summary' from flex database...
2025-12-05 15:48:43 - OTMS - INFO - Successfully created model for table 'toa_yade_summary' from flex database
2025-12-05 15:48:43 - OTMS - INFO - Successfully loaded custom table model for 'toa_yade_summary'
2025-12-05 15:48:43 - OTMS - INFO - Retrieved 20 columns for data source 'toa_yade_summary'
2025-12-05 15:48:43 - OTMS - INFO - Attempting to load custom table 'yade_voyage'
2025-12-05 15:48:43 - OTMS - INFO - Reflecting table 'yade_voyage' from flex database...
2025-12-05 15:48:43 - OTMS - INFO - Successfully created model for table 'yade_voyage' from flex database
2025-12-05 15:48:43 - OTMS - INFO - Successfully loaded custom table model for 'yade_voyage'
2025-12-05 15:48:43 - OTMS - INFO - Retrieved 19 columns for data source 'yade_voyage'
2025-12-05 15:48:43 - OTMS - INFO - Attempting to load custom table 'audit_log'
2025-12-05 15:48:43 - OTMS - INFO - Reflecting table 'audit_log' from flex database...
2025-12-05 15:48:43 - OTMS - INFO - Successfully created model for table 'audit_log' from flex database
2025-12-05 15:48:43 - OTMS - INFO - Successfully loaded custom table model for 'audit_log'
2025-12-05 15:48:43 - OTMS - INFO - Retrieved 11 columns for data source 'audit_log'
2025-12-05 15:48:43 - OTMS - INFO - Attempting to load custom table 'audit_log'
2025-12-05 15:48:43 - OTMS - INFO - Reflecting table 'audit_log' from flex database...
2025-12-05 15:48:43 - OTMS - INFO - Successfully created model for table 'audit_log' from flex database
2025-12-05 15:48:43 - OTMS - INFO - Successfully loaded custom table model for 'audit_log'
2025-12-05 15:48:43 - OTMS - INFO - Retrieved 11 columns for data source 'audit_log'
2025-12-05 15:48:43 - OTMS - INFO - Attempting to load custom table 'audit_log'
2025-12-05 15:48:43 - OTMS - INFO - Reflecting table 'audit_log' from flex database...
2025-12-05 15:48:43 - OTMS - INFO - Successfully created model for table 'audit_log' from flex database
2025-12-05 15:48:43 - OTMS - INFO - Successfully loaded custom table model for 'audit_log'
2025-12-05 15:48:43 - OTMS - INFO - Retrieved 11 columns for data source 'audit_log'
2025-12-05 15:48:43 - OTMS - INFO - Attempting to load custom table 'audit_log'
2025-12-05 15:48:43 - OTMS - INFO - Reflecting table 'audit_log' from flex database...
2025-12-05 15:48:43 - OTMS - INFO - Successfully created model for table 'audit_log' from flex database
2025-12-05 15:48:43 - OTMS - INFO - Successfully loaded custom table model for 'audit_log'
2025-12-05 15:48:43 - OTMS - INFO - Retrieved 11 columns for data source 'audit_log'
2025-12-05 15:48:43 - OTMS - INFO - Attempting to load custom table 'audit_log'
2025-12-05 15:48:43 - OTMS - INFO - Reflecting table 'audit_log' from flex database...
2025-12-05 15:48:43 - OTMS - INFO - Successfully created model for table 'audit_log' from flex database
2025-12-05 15:48:43 - OTMS - INFO - Successfully loaded custom table model for 'audit_log'
2025-12-05 15:48:43 - OTMS - INFO - Retrieved 11 columns for data source 'audit_log'
2025-12-05 15:48:47 - OTMS - INFO - Loaded 68 tables from primary database
2025-12-05 15:48:47 - OTMS - INFO - Loaded 68 tables from flexible database
2025-12-05 15:48:47 - OTMS - INFO - Added 0 additional custom tables from location_config
2025-12-05 15:48:47 - OTMS - INFO - Attempting to load custom table 'yade_voyage'
2025-12-05 15:48:47 - OTMS - INFO - Reflecting table 'yade_voyage' from flex database...
2025-12-05 15:48:47 - OTMS - INFO - Successfully created model for table 'yade_voyage' from flex database
2025-12-05 15:48:47 - OTMS - INFO - Successfully loaded custom table model for 'yade_voyage'
2025-12-05 15:48:47 - OTMS - INFO - Retrieved 19 columns for data source 'yade_voyage'
2025-12-05 15:48:47 - OTMS - INFO - Attempting to load custom table 'toa_yade_summary'
2025-12-05 15:48:47 - OTMS - INFO - Reflecting table 'toa_yade_summary' from flex database...
2025-12-05 15:48:47 - OTMS - INFO - Successfully created model for table 'toa_yade_summary' from flex database
2025-12-05 15:48:47 - OTMS - INFO - Successfully loaded custom table model for 'toa_yade_summary'
2025-12-05 15:48:47 - OTMS - INFO - Retrieved 20 columns for data source 'toa_yade_summary'
2025-12-05 15:48:47 - OTMS - INFO - Attempting to load custom table 'yade_voyage'
2025-12-05 15:48:47 - OTMS - INFO - Reflecting table 'yade_voyage' from flex database...
2025-12-05 15:48:47 - OTMS - INFO - Successfully created model for table 'yade_voyage' from flex database
2025-12-05 15:48:47 - OTMS - INFO - Successfully loaded custom table model for 'yade_voyage'
2025-12-05 15:48:47 - OTMS - INFO - Retrieved 19 columns for data source 'yade_voyage'
2025-12-05 15:48:47 - OTMS - INFO - Attempting to load custom table 'audit_log'
2025-12-05 15:48:47 - OTMS - INFO - Reflecting table 'audit_log' from flex database...
2025-12-05 15:48:47 - OTMS - INFO - Successfully created model for table 'audit_log' from flex database
2025-12-05 15:48:47 - OTMS - INFO - Successfully loaded custom table model for 'audit_log'
2025-12-05 15:48:47 - OTMS - INFO - Retrieved 11 columns for data source 'audit_log'
2025-12-05 15:48:47 - OTMS - INFO - Attempting to load custom table 'audit_log'
2025-12-05 15:48:47 - OTMS - INFO - Reflecting table 'audit_log' from flex database...
2025-12-05 15:48:47 - OTMS - INFO - Successfully created model for table 'audit_log' from flex database
2025-12-05 15:48:47 - OTMS - INFO - Successfully loaded custom table model for 'audit_log'
2025-12-05 15:48:47 - OTMS - INFO - Retrieved 11 columns for data source 'audit_log'
2025-12-05 15:48:47 - OTMS - INFO - Attempting to load custom table 'audit_log'
2025-12-05 15:48:47 - OTMS - INFO - Reflecting table 'audit_log' from flex database...
2025-12-05 15:48:47 - OTMS - INFO - Successfully created model for table 'audit_log' from flex database
2025-12-05 15:48:47 - OTMS - INFO - Successfully loaded custom table model for 'audit_log'
2025-12-05 15:48:47 - OTMS - INFO - Retrieved 11 columns for data source 'audit_log'
2025-12-05 15:48:47 - OTMS - INFO - Attempting to load custom table 'audit_log'
2025-12-05 15:48:47 - OTMS - INFO - Reflecting table 'audit_log' from flex database...
2025-12-05 15:48:47 - OTMS - INFO - Successfully created model for table 'audit_log' from flex database
2025-12-05 15:48:47 - OTMS - INFO - Successfully loaded custom table model for 'audit_log'
2025-12-05 15:48:47 - OTMS - INFO - Retrieved 11 columns for data source 'audit_log'
2025-12-05 15:48:47 - OTMS - INFO - Attempting to load custom table 'audit_log'
2025-12-05 15:48:47 - OTMS - INFO - Reflecting table 'audit_log' from flex database...
2025-12-05 15:48:47 - OTMS - INFO - Successfully created model for table 'audit_log' from flex database
2025-12-05 15:48:47 - OTMS - INFO - Successfully loaded custom table model for 'audit_log'
2025-12-05 15:48:47 - OTMS - INFO - Retrieved 11 columns for data source 'audit_log'
2025-12-05 15:48:49 - OTMS - INFO - Loaded 68 tables from primary database
2025-12-05 15:48:49 - OTMS - INFO - Loaded 68 tables from flexible database
2025-12-05 15:48:49 - OTMS - INFO - Added 0 additional custom tables from location_config
2025-12-05 15:48:49 - OTMS - INFO - Attempting to load custom table 'yade_voyage'
2025-12-05 15:48:49 - OTMS - INFO - Reflecting table 'yade_voyage' from flex database...
2025-12-05 15:48:49 - OTMS - INFO - Successfully created model for table 'yade_voyage' from flex database
2025-12-05 15:48:49 - OTMS - INFO - Successfully loaded custom table model for 'yade_voyage'
2025-12-05 15:48:49 - OTMS - INFO - Retrieved 19 columns for data source 'yade_voyage'
2025-12-05 15:48:49 - OTMS - INFO - Attempting to load custom table 'toa_yade_summary'
2025-12-05 15:48:49 - OTMS - INFO - Reflecting table 'toa_yade_summary' from flex database...
2025-12-05 15:48:49 - OTMS - INFO - Successfully created model for table 'toa_yade_summary' from flex database
2025-12-05 15:48:49 - OTMS - INFO - Successfully loaded custom table model for 'toa_yade_summary'
2025-12-05 15:48:49 - OTMS - INFO - Retrieved 20 columns for data source 'toa_yade_summary'
2025-12-05 15:48:49 - OTMS - INFO - Attempting to load custom table 'yade_voyage'
2025-12-05 15:48:49 - OTMS - INFO - Reflecting table 'yade_voyage' from flex database...
2025-12-05 15:48:49 - OTMS - INFO - Successfully created model for table 'yade_voyage' from flex database
2025-12-05 15:48:49 - OTMS - INFO - Successfully loaded custom table model for 'yade_voyage'
2025-12-05 15:48:49 - OTMS - INFO - Retrieved 19 columns for data source 'yade_voyage'
2025-12-05 15:48:49 - OTMS - INFO - Attempting to load custom table 'audit_log'
2025-12-05 15:48:49 - OTMS - INFO - Reflecting table 'audit_log' from flex database...
2025-12-05 15:48:49 - OTMS - INFO - Successfully created model for table 'audit_log' from flex database
2025-12-05 15:48:49 - OTMS - INFO - Successfully loaded custom table model for 'audit_log'
2025-12-05 15:48:49 - OTMS - INFO - Retrieved 11 columns for data source 'audit_log'
2025-12-05 15:48:49 - OTMS - INFO - Attempting to load custom table 'audit_log'
2025-12-05 15:48:49 - OTMS - INFO - Reflecting table 'audit_log' from flex database...
2025-12-05 15:48:49 - OTMS - INFO - Successfully created model for table 'audit_log' from flex database
2025-12-05 15:48:49 - OTMS - INFO - Successfully loaded custom table model for 'audit_log'
2025-12-05 15:48:49 - OTMS - INFO - Retrieved 11 columns for data source 'audit_log'
2025-12-05 15:48:49 - OTMS - INFO - Attempting to load custom table 'audit_log'
2025-12-05 15:48:49 - OTMS - INFO - Reflecting table 'audit_log' from flex database...
2025-12-05 15:48:50 - OTMS - INFO - Successfully created model for table 'audit_log' from flex database
2025-12-05 15:48:50 - OTMS - INFO - Successfully loaded custom table model for 'audit_log'
2025-12-05 15:48:50 - OTMS - INFO - Retrieved 11 columns for data source 'audit_log'
2025-12-05 15:48:50 - OTMS - INFO - Attempting to load custom table 'audit_log'
2025-12-05 15:48:50 - OTMS - INFO - Reflecting table 'audit_log' from flex database...
2025-12-05 15:48:50 - OTMS - INFO - Successfully created model for table 'audit_log' from flex database
2025-12-05 15:48:50 - OTMS - INFO - Successfully loaded custom table model for 'audit_log'
2025-12-05 15:48:50 - OTMS - INFO - Retrieved 11 columns for data source 'audit_log'
2025-12-05 15:48:50 - OTMS - INFO - Attempting to load custom table 'audit_log'
2025-12-05 15:48:50 - OTMS - INFO - Reflecting table 'audit_log' from flex database...
2025-12-05 15:48:50 - OTMS - INFO - Successfully created model for table 'audit_log' from flex database
2025-12-05 15:48:50 - OTMS - INFO - Successfully loaded custom table model for 'audit_log'
2025-12-05 15:48:50 - OTMS - INFO - Retrieved 11 columns for data source 'audit_log'
2025-12-05 15:48:56 - OTMS - INFO - Loaded 68 tables from primary database
2025-12-05 15:48:56 - OTMS - INFO - Loaded 68 tables from flexible database
2025-12-05 15:48:56 - OTMS - INFO - Added 0 additional custom tables from location_config
2025-12-05 15:48:56 - OTMS - INFO - Attempting to load custom table 'yade_voyage'
2025-12-05 15:48:56 - OTMS - INFO - Reflecting table 'yade_voyage' from flex database...
2025-12-05 15:48:56 - OTMS - INFO - Successfully created model for table 'yade_voyage' from flex database
2025-12-05 15:48:56 - OTMS - INFO - Successfully loaded custom table model for 'yade_voyage'
2025-12-05 15:48:56 - OTMS - INFO - Retrieved 19 columns for data source 'yade_voyage'
2025-12-05 15:48:56 - OTMS - INFO - Attempting to load custom table 'toa_yade_summary'
2025-12-05 15:48:56 - OTMS - INFO - Reflecting table 'toa_yade_summary' from flex database...
2025-12-05 15:48:56 - OTMS - INFO - Successfully created model for table 'toa_yade_summary' from flex database
2025-12-05 15:48:56 - OTMS - INFO - Successfully loaded custom table model for 'toa_yade_summary'
2025-12-05 15:48:56 - OTMS - INFO - Retrieved 20 columns for data source 'toa_yade_summary'
2025-12-05 15:48:56 - OTMS - INFO - Attempting to load custom table 'yade_voyage'
2025-12-05 15:48:56 - OTMS - INFO - Reflecting table 'yade_voyage' from flex database...
2025-12-05 15:48:56 - OTMS - INFO - Successfully created model for table 'yade_voyage' from flex database
2025-12-05 15:48:56 - OTMS - INFO - Successfully loaded custom table model for 'yade_voyage'
2025-12-05 15:48:56 - OTMS - INFO - Retrieved 19 columns for data source 'yade_voyage'
2025-12-05 15:48:56 - OTMS - INFO - Attempting to load custom table 'audit_log'
2025-12-05 15:48:56 - OTMS - INFO - Reflecting table 'audit_log' from flex database...
2025-12-05 15:48:56 - OTMS - INFO - Successfully created model for table 'audit_log' from flex database
2025-12-05 15:48:56 - OTMS - INFO - Successfully loaded custom table model for 'audit_log'
2025-12-05 15:48:56 - OTMS - INFO - Retrieved 11 columns for data source 'audit_log'
2025-12-05 15:48:56 - OTMS - INFO - Attempting to load custom table 'audit_log'
2025-12-05 15:48:56 - OTMS - INFO - Reflecting table 'audit_log' from flex database...
2025-12-05 15:48:56 - OTMS - INFO - Successfully created model for table 'audit_log' from flex database
2025-12-05 15:48:56 - OTMS - INFO - Successfully loaded custom table model for 'audit_log'
2025-12-05 15:48:56 - OTMS - INFO - Retrieved 11 columns for data source 'audit_log'
2025-12-05 15:48:56 - OTMS - INFO - Attempting to load custom table 'audit_log'
2025-12-05 15:48:56 - OTMS - INFO - Reflecting table 'audit_log' from flex database...
2025-12-05 15:48:56 - OTMS - INFO - Successfully created model for table 'audit_log' from flex database
2025-12-05 15:48:56 - OTMS - INFO - Successfully loaded custom table model for 'audit_log'
2025-12-05 15:48:56 - OTMS - INFO - Retrieved 11 columns for data source 'audit_log'
2025-12-05 15:48:56 - OTMS - INFO - Attempting to load custom table 'audit_log'
2025-12-05 15:48:56 - OTMS - INFO - Reflecting table 'audit_log' from flex database...
2025-12-05 15:48:56 - OTMS - INFO - Successfully created model for table 'audit_log' from flex database
2025-12-05 15:48:56 - OTMS - INFO - Successfully loaded custom table model for 'audit_log'
2025-12-05 15:48:56 - OTMS - INFO - Retrieved 11 columns for data source 'audit_log'
2025-12-05 15:48:56 - OTMS - INFO - Attempting to load custom table 'audit_log'
2025-12-05 15:48:56 - OTMS - INFO - Reflecting table 'audit_log' from flex database...
2025-12-05 15:48:56 - OTMS - INFO - Successfully created model for table 'audit_log' from flex database
2025-12-05 15:48:56 - OTMS - INFO - Successfully loaded custom table model for 'audit_log'
2025-12-05 15:48:56 - OTMS - INFO - Retrieved 11 columns for data source 'audit_log'
2025-12-05 15:49:02 - OTMS - INFO - Loaded 68 tables from primary database
2025-12-05 15:49:02 - OTMS - INFO - Loaded 68 tables from flexible database
2025-12-05 15:49:02 - OTMS - INFO - Added 0 additional custom tables from location_config
2025-12-05 15:49:02 - OTMS - INFO - Attempting to load custom table 'yade_voyage'
2025-12-05 15:49:02 - OTMS - INFO - Reflecting table 'yade_voyage' from flex database...
2025-12-05 15:49:02 - OTMS - INFO - Successfully created model for table 'yade_voyage' from flex database
2025-12-05 15:49:02 - OTMS - INFO - Successfully loaded custom table model for 'yade_voyage'
2025-12-05 15:49:02 - OTMS - INFO - Retrieved 19 columns for data source 'yade_voyage'
2025-12-05 15:49:02 - OTMS - INFO - Attempting to load custom table 'toa_yade_summary'
2025-12-05 15:49:02 - OTMS - INFO - Reflecting table 'toa_yade_summary' from flex database...
2025-12-05 15:49:02 - OTMS - INFO - Successfully created model for table 'toa_yade_summary' from flex database
2025-12-05 15:49:02 - OTMS - INFO - Successfully loaded custom table model for 'toa_yade_summary'
2025-12-05 15:49:02 - OTMS - INFO - Retrieved 20 columns for data source 'toa_yade_summary'
2025-12-05 15:49:02 - OTMS - INFO - Attempting to load custom table 'yade_voyage'
2025-12-05 15:49:02 - OTMS - INFO - Reflecting table 'yade_voyage' from flex database...
2025-12-05 15:49:02 - OTMS - INFO - Successfully created model for table 'yade_voyage' from flex database
2025-12-05 15:49:02 - OTMS - INFO - Successfully loaded custom table model for 'yade_voyage'
2025-12-05 15:49:02 - OTMS - INFO - Retrieved 19 columns for data source 'yade_voyage'
2025-12-05 15:49:02 - OTMS - INFO - Attempting to load custom table 'audit_log'
2025-12-05 15:49:02 - OTMS - INFO - Reflecting table 'audit_log' from flex database...
2025-12-05 15:49:02 - OTMS - INFO - Successfully created model for table 'audit_log' from flex database
2025-12-05 15:49:02 - OTMS - INFO - Successfully loaded custom table model for 'audit_log'
2025-12-05 15:49:02 - OTMS - INFO - Retrieved 11 columns for data source 'audit_log'
2025-12-05 15:49:02 - OTMS - INFO - Attempting to load custom table 'audit_log'
2025-12-05 15:49:02 - OTMS - INFO - Reflecting table 'audit_log' from flex database...
2025-12-05 15:49:02 - OTMS - INFO - Successfully created model for table 'audit_log' from flex database
2025-12-05 15:49:02 - OTMS - INFO - Successfully loaded custom table model for 'audit_log'
2025-12-05 15:49:02 - OTMS - INFO - Retrieved 11 columns for data source 'audit_log'
2025-12-05 15:49:02 - OTMS - INFO - Attempting to load custom table 'audit_log'
2025-12-05 15:49:02 - OTMS - INFO - Reflecting table 'audit_log' from flex database...
2025-12-05 15:49:02 - OTMS - INFO - Successfully created model for table 'audit_log' from flex database
2025-12-05 15:49:02 - OTMS - INFO - Successfully loaded custom table model for 'audit_log'
2025-12-05 15:49:02 - OTMS - INFO - Retrieved 11 columns for data source 'audit_log'
2025-12-05 15:49:02 - OTMS - INFO - Attempting to load custom table 'audit_log'
2025-12-05 15:49:02 - OTMS - INFO - Reflecting table 'audit_log' from flex database...
2025-12-05 15:49:02 - OTMS - INFO - Successfully created model for table 'audit_log' from flex database
2025-12-05 15:49:02 - OTMS - INFO - Successfully loaded custom table model for 'audit_log'
2025-12-05 15:49:02 - OTMS - INFO - Retrieved 11 columns for data source 'audit_log'
2025-12-05 15:49:02 - OTMS - INFO - Attempting to load custom table 'audit_log'
2025-12-05 15:49:02 - OTMS - INFO - Reflecting table 'audit_log' from flex database...
2025-12-05 15:49:02 - OTMS - INFO - Successfully created model for table 'audit_log' from flex database
2025-12-05 15:49:02 - OTMS - INFO - Successfully loaded custom table model for 'audit_log'
2025-12-05 15:49:02 - OTMS - INFO - Retrieved 11 columns for data source 'audit_log'
2025-12-05 15:49:05 - OTMS - INFO - Loaded 68 tables from primary database
2025-12-05 15:49:05 - OTMS - INFO - Loaded 68 tables from flexible database
2025-12-05 15:49:05 - OTMS - INFO - Added 0 additional custom tables from location_config
2025-12-05 15:49:05 - OTMS - INFO - Attempting to load custom table 'yade_voyage'
2025-12-05 15:49:05 - OTMS - INFO - Reflecting table 'yade_voyage' from flex database...
2025-12-05 15:49:05 - OTMS - INFO - Successfully created model for table 'yade_voyage' from flex database
2025-12-05 15:49:05 - OTMS - INFO - Successfully loaded custom table model for 'yade_voyage'
2025-12-05 15:49:05 - OTMS - INFO - Retrieved 19 columns for data source 'yade_voyage'
2025-12-05 15:49:05 - OTMS - INFO - Attempting to load custom table 'toa_yade_summary'
2025-12-05 15:49:05 - OTMS - INFO - Reflecting table 'toa_yade_summary' from flex database...
2025-12-05 15:49:05 - OTMS - INFO - Successfully created model for table 'toa_yade_summary' from flex database
2025-12-05 15:49:05 - OTMS - INFO - Successfully loaded custom table model for 'toa_yade_summary'
2025-12-05 15:49:05 - OTMS - INFO - Retrieved 20 columns for data source 'toa_yade_summary'
2025-12-05 15:49:05 - OTMS - INFO - Attempting to load custom table 'yade_voyage'
2025-12-05 15:49:05 - OTMS - INFO - Reflecting table 'yade_voyage' from flex database...
2025-12-05 15:49:05 - OTMS - INFO - Successfully created model for table 'yade_voyage' from flex database
2025-12-05 15:49:05 - OTMS - INFO - Successfully loaded custom table model for 'yade_voyage'
2025-12-05 15:49:05 - OTMS - INFO - Retrieved 19 columns for data source 'yade_voyage'
2025-12-05 15:49:05 - OTMS - INFO - Attempting to load custom table 'audit_log'
2025-12-05 15:49:05 - OTMS - INFO - Reflecting table 'audit_log' from flex database...
2025-12-05 15:49:05 - OTMS - INFO - Successfully created model for table 'audit_log' from flex database
2025-12-05 15:49:05 - OTMS - INFO - Successfully loaded custom table model for 'audit_log'
2025-12-05 15:49:05 - OTMS - INFO - Retrieved 11 columns for data source 'audit_log'
2025-12-05 15:49:05 - OTMS - INFO - Attempting to load custom table 'audit_log'
2025-12-05 15:49:05 - OTMS - INFO - Reflecting table 'audit_log' from flex database...
2025-12-05 15:49:05 - OTMS - INFO - Successfully created model for table 'audit_log' from flex database
2025-12-05 15:49:05 - OTMS - INFO - Successfully loaded custom table model for 'audit_log'
2025-12-05 15:49:05 - OTMS - INFO - Retrieved 11 columns for data source 'audit_log'
2025-12-05 15:49:05 - OTMS - INFO - Attempting to load custom table 'audit_log'
2025-12-05 15:49:05 - OTMS - INFO - Reflecting table 'audit_log' from flex database...
2025-12-05 15:49:05 - OTMS - INFO - Successfully created model for table 'audit_log' from flex database
2025-12-05 15:49:05 - OTMS - INFO - Successfully loaded custom table model for 'audit_log'
2025-12-05 15:49:05 - OTMS - INFO - Retrieved 11 columns for data source 'audit_log'
2025-12-05 15:49:05 - OTMS - INFO - Attempting to load custom table 'audit_log'
2025-12-05 15:49:05 - OTMS - INFO - Reflecting table 'audit_log' from flex database...
2025-12-05 15:49:05 - OTMS - INFO - Successfully created model for table 'audit_log' from flex database
2025-12-05 15:49:05 - OTMS - INFO - Successfully loaded custom table model for 'audit_log'
2025-12-05 15:49:05 - OTMS - INFO - Retrieved 11 columns for data source 'audit_log'
2025-12-05 15:49:05 - OTMS - INFO - Attempting to load custom table 'audit_log'
2025-12-05 15:49:05 - OTMS - INFO - Reflecting table 'audit_log' from flex database...
2025-12-05 15:49:05 - OTMS - INFO - Successfully created model for table 'audit_log' from flex database
2025-12-05 15:49:05 - OTMS - INFO - Successfully loaded custom table model for 'audit_log'
2025-12-05 15:49:05 - OTMS - INFO - Retrieved 11 columns for data source 'audit_log'
2025-12-05 15:49:07 - OTMS - INFO - Loaded 68 tables from primary database
2025-12-05 15:49:07 - OTMS - INFO - Loaded 68 tables from flexible database
2025-12-05 15:49:07 - OTMS - INFO - Added 0 additional custom tables from location_config
2025-12-05 15:49:07 - OTMS - INFO - Attempting to load custom table 'yade_voyage'
2025-12-05 15:49:07 - OTMS - INFO - Reflecting table 'yade_voyage' from flex database...
2025-12-05 15:49:07 - OTMS - INFO - Successfully created model for table 'yade_voyage' from flex database
2025-12-05 15:49:07 - OTMS - INFO - Successfully loaded custom table model for 'yade_voyage'
2025-12-05 15:49:07 - OTMS - INFO - Retrieved 19 columns for data source 'yade_voyage'
2025-12-05 15:49:07 - OTMS - INFO - Attempting to load custom table 'toa_yade_summary'
2025-12-05 15:49:07 - OTMS - INFO - Reflecting table 'toa_yade_summary' from flex database...
2025-12-05 15:49:07 - OTMS - INFO - Successfully created model for table 'toa_yade_summary' from flex database
2025-12-05 15:49:07 - OTMS - INFO - Successfully loaded custom table model for 'toa_yade_summary'
2025-12-05 15:49:07 - OTMS - INFO - Retrieved 20 columns for data source 'toa_yade_summary'
2025-12-05 15:49:07 - OTMS - INFO - Attempting to load custom table 'yade_voyage'
2025-12-05 15:49:07 - OTMS - INFO - Reflecting table 'yade_voyage' from flex database...
2025-12-05 15:49:07 - OTMS - INFO - Successfully created model for table 'yade_voyage' from flex database
2025-12-05 15:49:07 - OTMS - INFO - Successfully loaded custom table model for 'yade_voyage'
2025-12-05 15:49:07 - OTMS - INFO - Retrieved 19 columns for data source 'yade_voyage'
2025-12-05 15:49:07 - OTMS - INFO - Attempting to load custom table 'audit_log'
2025-12-05 15:49:07 - OTMS - INFO - Reflecting table 'audit_log' from flex database...
2025-12-05 15:49:07 - OTMS - INFO - Successfully created model for table 'audit_log' from flex database
2025-12-05 15:49:07 - OTMS - INFO - Successfully loaded custom table model for 'audit_log'
2025-12-05 15:49:07 - OTMS - INFO - Retrieved 11 columns for data source 'audit_log'
2025-12-05 15:49:08 - OTMS - INFO - Loaded 68 tables from primary database
2025-12-05 15:49:08 - OTMS - INFO - Loaded 68 tables from flexible database
2025-12-05 15:49:08 - OTMS - INFO - Added 0 additional custom tables from location_config
2025-12-05 15:49:08 - OTMS - INFO - Attempting to load custom table 'yade_voyage'
2025-12-05 15:49:08 - OTMS - INFO - Reflecting table 'yade_voyage' from flex database...
2025-12-05 15:49:08 - OTMS - INFO - Successfully created model for table 'yade_voyage' from flex database
2025-12-05 15:49:08 - OTMS - INFO - Successfully loaded custom table model for 'yade_voyage'
2025-12-05 15:49:08 - OTMS - INFO - Retrieved 19 columns for data source 'yade_voyage'
2025-12-05 15:49:08 - OTMS - INFO - Attempting to load custom table 'toa_yade_summary'
2025-12-05 15:49:08 - OTMS - INFO - Reflecting table 'toa_yade_summary' from flex database...
2025-12-05 15:49:08 - OTMS - INFO - Successfully created model for table 'toa_yade_summary' from flex database
2025-12-05 15:49:08 - OTMS - INFO - Successfully loaded custom table model for 'toa_yade_summary'
2025-12-05 15:49:08 - OTMS - INFO - Retrieved 20 columns for data source 'toa_yade_summary'
2025-12-05 15:49:08 - OTMS - INFO - Attempting to load custom table 'yade_voyage'
2025-12-05 15:49:08 - OTMS - INFO - Reflecting table 'yade_voyage' from flex database...
2025-12-05 15:49:08 - OTMS - INFO - Successfully created model for table 'yade_voyage' from flex database
2025-12-05 15:49:08 - OTMS - INFO - Successfully loaded custom table model for 'yade_voyage'
2025-12-05 15:49:08 - OTMS - INFO - Retrieved 19 columns for data source 'yade_voyage'
2025-12-05 15:49:08 - OTMS - INFO - Attempting to load custom table 'audit_log'
2025-12-05 15:49:08 - OTMS - INFO - Reflecting table 'audit_log' from flex database...
2025-12-05 15:49:08 - OTMS - INFO - Successfully created model for table 'audit_log' from flex database
2025-12-05 15:49:08 - OTMS - INFO - Successfully loaded custom table model for 'audit_log'
2025-12-05 15:49:08 - OTMS - INFO - Retrieved 11 columns for data source 'audit_log'
2025-12-05 15:49:08 - OTMS - INFO - Attempting to load custom table 'audit_log'
2025-12-05 15:49:08 - OTMS - INFO - Reflecting table 'audit_log' from flex database...
2025-12-05 15:49:08 - OTMS - INFO - Successfully created model for table 'audit_log' from flex database
2025-12-05 15:49:08 - OTMS - INFO - Successfully loaded custom table model for 'audit_log'
2025-12-05 15:49:08 - OTMS - INFO - Retrieved 11 columns for data source 'audit_log'
2025-12-05 15:49:08 - OTMS - INFO - Attempting to load custom table 'audit_log'
2025-12-05 15:49:08 - OTMS - INFO - Reflecting table 'audit_log' from flex database...
2025-12-05 15:49:08 - OTMS - INFO - Successfully created model for table 'audit_log' from flex database
2025-12-05 15:49:08 - OTMS - INFO - Successfully loaded custom table model for 'audit_log'
2025-12-05 15:49:08 - OTMS - INFO - Retrieved 11 columns for data source 'audit_log'
2025-12-05 15:49:08 - OTMS - INFO - Attempting to load custom table 'audit_log'
2025-12-05 15:49:08 - OTMS - INFO - Reflecting table 'audit_log' from flex database...
2025-12-05 15:49:08 - OTMS - INFO - Successfully created model for table 'audit_log' from flex database
2025-12-05 15:49:08 - OTMS - INFO - Successfully loaded custom table model for 'audit_log'
2025-12-05 15:49:08 - OTMS - INFO - Retrieved 11 columns for data source 'audit_log'
2025-12-05 15:49:08 - OTMS - INFO - Attempting to load custom table 'audit_log'
2025-12-05 15:49:08 - OTMS - INFO - Reflecting table 'audit_log' from flex database...
2025-12-05 15:49:08 - OTMS - INFO - Successfully created model for table 'audit_log' from flex database
2025-12-05 15:49:08 - OTMS - INFO - Successfully loaded custom table model for 'audit_log'
2025-12-05 15:49:08 - OTMS - INFO - Retrieved 11 columns for data source 'audit_log'
2025-12-05 15:49:15 - OTMS - INFO - Loaded 68 tables from primary database
2025-12-05 15:49:15 - OTMS - INFO - Loaded 68 tables from flexible database
2025-12-05 15:49:15 - OTMS - INFO - Added 0 additional custom tables from location_config
2025-12-05 15:49:15 - OTMS - INFO - Attempting to load custom table 'yade_voyage'
2025-12-05 15:49:15 - OTMS - INFO - Reflecting table 'yade_voyage' from flex database...
2025-12-05 15:49:15 - OTMS - INFO - Successfully created model for table 'yade_voyage' from flex database
2025-12-05 15:49:15 - OTMS - INFO - Successfully loaded custom table model for 'yade_voyage'
2025-12-05 15:49:15 - OTMS - INFO - Retrieved 19 columns for data source 'yade_voyage'
2025-12-05 15:49:15 - OTMS - INFO - Attempting to load custom table 'toa_yade_summary'
2025-12-05 15:49:15 - OTMS - INFO - Reflecting table 'toa_yade_summary' from flex database...
2025-12-05 15:49:15 - OTMS - INFO - Successfully created model for table 'toa_yade_summary' from flex database
2025-12-05 15:49:15 - OTMS - INFO - Successfully loaded custom table model for 'toa_yade_summary'
2025-12-05 15:49:15 - OTMS - INFO - Retrieved 20 columns for data source 'toa_yade_summary'
2025-12-05 15:49:15 - OTMS - INFO - Attempting to load custom table 'yade_voyage'
2025-12-05 15:49:15 - OTMS - INFO - Reflecting table 'yade_voyage' from flex database...
2025-12-05 15:49:15 - OTMS - INFO - Successfully created model for table 'yade_voyage' from flex database
2025-12-05 15:49:15 - OTMS - INFO - Successfully loaded custom table model for 'yade_voyage'
2025-12-05 15:49:15 - OTMS - INFO - Retrieved 19 columns for data source 'yade_voyage'
2025-12-05 15:49:15 - OTMS - INFO - Attempting to load custom table 'yade_voyage'
2025-12-05 15:49:15 - OTMS - INFO - Reflecting table 'yade_voyage' from flex database...
2025-12-05 15:49:15 - OTMS - INFO - Successfully created model for table 'yade_voyage' from flex database
2025-12-05 15:49:15 - OTMS - INFO - Successfully loaded custom table model for 'yade_voyage'
2025-12-05 15:49:15 - OTMS - INFO - Retrieved 19 columns for data source 'yade_voyage'
2025-12-05 15:49:15 - OTMS - INFO - Attempting to load custom table 'audit_log'
2025-12-05 15:49:15 - OTMS - INFO - Reflecting table 'audit_log' from flex database...
2025-12-05 15:49:15 - OTMS - INFO - Successfully created model for table 'audit_log' from flex database
2025-12-05 15:49:15 - OTMS - INFO - Successfully loaded custom table model for 'audit_log'
2025-12-05 15:49:15 - OTMS - INFO - Retrieved 11 columns for data source 'audit_log'
2025-12-05 15:49:15 - OTMS - INFO - Attempting to load custom table 'audit_log'
2025-12-05 15:49:15 - OTMS - INFO - Reflecting table 'audit_log' from flex database...
2025-12-05 15:49:15 - OTMS - INFO - Successfully created model for table 'audit_log' from flex database
2025-12-05 15:49:15 - OTMS - INFO - Successfully loaded custom table model for 'audit_log'
2025-12-05 15:49:15 - OTMS - INFO - Retrieved 11 columns for data source 'audit_log'
2025-12-05 15:49:15 - OTMS - INFO - Attempting to load custom table 'audit_log'
2025-12-05 15:49:15 - OTMS - INFO - Reflecting table 'audit_log' from flex database...
2025-12-05 15:49:15 - OTMS - INFO - Successfully created model for table 'audit_log' from flex database
2025-12-05 15:49:15 - OTMS - INFO - Successfully loaded custom table model for 'audit_log'
2025-12-05 15:49:15 - OTMS - INFO - Retrieved 11 columns for data source 'audit_log'
2025-12-05 15:49:15 - OTMS - INFO - Attempting to load custom table 'audit_log'
2025-12-05 15:49:15 - OTMS - INFO - Reflecting table 'audit_log' from flex database...
2025-12-05 15:49:15 - OTMS - INFO - Successfully created model for table 'audit_log' from flex database
2025-12-05 15:49:15 - OTMS - INFO - Successfully loaded custom table model for 'audit_log'
2025-12-05 15:49:15 - OTMS - INFO - Retrieved 11 columns for data source 'audit_log'
2025-12-05 15:49:17 - OTMS - INFO - Loaded 68 tables from primary database
2025-12-05 15:49:17 - OTMS - INFO - Loaded 68 tables from flexible database
2025-12-05 15:49:17 - OTMS - INFO - Added 0 additional custom tables from location_config
2025-12-05 15:49:17 - OTMS - INFO - Attempting to load custom table 'yade_voyage'
2025-12-05 15:49:17 - OTMS - INFO - Reflecting table 'yade_voyage' from flex database...
2025-12-05 15:49:17 - OTMS - INFO - Successfully created model for table 'yade_voyage' from flex database
2025-12-05 15:49:17 - OTMS - INFO - Successfully loaded custom table model for 'yade_voyage'
2025-12-05 15:49:17 - OTMS - INFO - Retrieved 19 columns for data source 'yade_voyage'
2025-12-05 15:49:17 - OTMS - INFO - Attempting to load custom table 'toa_yade_summary'
2025-12-05 15:49:17 - OTMS - INFO - Reflecting table 'toa_yade_summary' from flex database...
2025-12-05 15:49:17 - OTMS - INFO - Successfully created model for table 'toa_yade_summary' from flex database
2025-12-05 15:49:17 - OTMS - INFO - Successfully loaded custom table model for 'toa_yade_summary'
2025-12-05 15:49:17 - OTMS - INFO - Retrieved 20 columns for data source 'toa_yade_summary'
2025-12-05 15:49:17 - OTMS - INFO - Attempting to load custom table 'yade_voyage'
2025-12-05 15:49:17 - OTMS - INFO - Reflecting table 'yade_voyage' from flex database...
2025-12-05 15:49:17 - OTMS - INFO - Successfully created model for table 'yade_voyage' from flex database
2025-12-05 15:49:17 - OTMS - INFO - Successfully loaded custom table model for 'yade_voyage'
2025-12-05 15:49:17 - OTMS - INFO - Retrieved 19 columns for data source 'yade_voyage'
2025-12-05 15:49:17 - OTMS - INFO - Attempting to load custom table 'yade_voyage'
2025-12-05 15:49:17 - OTMS - INFO - Reflecting table 'yade_voyage' from flex database...
2025-12-05 15:49:17 - OTMS - INFO - Successfully created model for table 'yade_voyage' from flex database
2025-12-05 15:49:17 - OTMS - INFO - Successfully loaded custom table model for 'yade_voyage'
2025-12-05 15:49:17 - OTMS - INFO - Retrieved 19 columns for data source 'yade_voyage'
2025-12-05 15:49:17 - OTMS - INFO - Attempting to load custom table 'audit_log'
2025-12-05 15:49:17 - OTMS - INFO - Reflecting table 'audit_log' from flex database...
2025-12-05 15:49:17 - OTMS - INFO - Successfully created model for table 'audit_log' from flex database
2025-12-05 15:49:17 - OTMS - INFO - Successfully loaded custom table model for 'audit_log'
2025-12-05 15:49:17 - OTMS - INFO - Retrieved 11 columns for data source 'audit_log'
2025-12-05 15:49:17 - OTMS - INFO - Attempting to load custom table 'audit_log'
2025-12-05 15:49:17 - OTMS - INFO - Reflecting table 'audit_log' from flex database...
2025-12-05 15:49:17 - OTMS - INFO - Successfully created model for table 'audit_log' from flex database
2025-12-05 15:49:17 - OTMS - INFO - Successfully loaded custom table model for 'audit_log'
2025-12-05 15:49:17 - OTMS - INFO - Retrieved 11 columns for data source 'audit_log'
2025-12-05 15:49:17 - OTMS - INFO - Attempting to load custom table 'audit_log'
2025-12-05 15:49:17 - OTMS - INFO - Reflecting table 'audit_log' from flex database...
2025-12-05 15:49:18 - OTMS - INFO - Successfully created model for table 'audit_log' from flex database
2025-12-05 15:49:18 - OTMS - INFO - Successfully loaded custom table model for 'audit_log'
2025-12-05 15:49:18 - OTMS - INFO - Retrieved 11 columns for data source 'audit_log'
2025-12-05 15:49:18 - OTMS - INFO - Attempting to load custom table 'audit_log'
2025-12-05 15:49:18 - OTMS - INFO - Reflecting table 'audit_log' from flex database...
2025-12-05 15:49:18 - OTMS - INFO - Successfully created model for table 'audit_log' from flex database
2025-12-05 15:49:18 - OTMS - INFO - Successfully loaded custom table model for 'audit_log'
2025-12-05 15:49:18 - OTMS - INFO - Retrieved 11 columns for data source 'audit_log'
2025-12-05 15:49:25 - OTMS - INFO - Loaded 68 tables from primary database
2025-12-05 15:49:25 - OTMS - INFO - Loaded 68 tables from flexible database
2025-12-05 15:49:25 - OTMS - INFO - Added 0 additional custom tables from location_config
2025-12-05 15:49:25 - OTMS - INFO - Attempting to load custom table 'yade_voyage'
2025-12-05 15:49:25 - OTMS - INFO - Reflecting table 'yade_voyage' from flex database...
2025-12-05 15:49:25 - OTMS - INFO - Successfully created model for table 'yade_voyage' from flex database
2025-12-05 15:49:25 - OTMS - INFO - Successfully loaded custom table model for 'yade_voyage'
2025-12-05 15:49:25 - OTMS - INFO - Retrieved 19 columns for data source 'yade_voyage'
2025-12-05 15:49:25 - OTMS - INFO - Attempting to load custom table 'toa_yade_summary'
2025-12-05 15:49:25 - OTMS - INFO - Reflecting table 'toa_yade_summary' from flex database...
2025-12-05 15:49:25 - OTMS - INFO - Successfully created model for table 'toa_yade_summary' from flex database
2025-12-05 15:49:25 - OTMS - INFO - Successfully loaded custom table model for 'toa_yade_summary'
2025-12-05 15:49:25 - OTMS - INFO - Retrieved 20 columns for data source 'toa_yade_summary'
2025-12-05 15:49:25 - OTMS - INFO - Attempting to load custom table 'yade_voyage'
2025-12-05 15:49:25 - OTMS - INFO - Reflecting table 'yade_voyage' from flex database...
2025-12-05 15:49:25 - OTMS - INFO - Successfully created model for table 'yade_voyage' from flex database
2025-12-05 15:49:25 - OTMS - INFO - Successfully loaded custom table model for 'yade_voyage'
2025-12-05 15:49:25 - OTMS - INFO - Retrieved 19 columns for data source 'yade_voyage'
2025-12-05 15:49:25 - OTMS - INFO - Attempting to load custom table 'yade_voyage'
2025-12-05 15:49:25 - OTMS - INFO - Reflecting table 'yade_voyage' from flex database...
2025-12-05 15:49:25 - OTMS - INFO - Successfully created model for table 'yade_voyage' from flex database
2025-12-05 15:49:25 - OTMS - INFO - Successfully loaded custom table model for 'yade_voyage'
2025-12-05 15:49:25 - OTMS - INFO - Retrieved 19 columns for data source 'yade_voyage'
2025-12-05 15:49:25 - OTMS - INFO - Attempting to load custom table 'audit_log'
2025-12-05 15:49:25 - OTMS - INFO - Reflecting table 'audit_log' from flex database...
2025-12-05 15:49:25 - OTMS - INFO - Successfully created model for table 'audit_log' from flex database
2025-12-05 15:49:25 - OTMS - INFO - Successfully loaded custom table model for 'audit_log'
2025-12-05 15:49:25 - OTMS - INFO - Retrieved 11 columns for data source 'audit_log'
2025-12-05 15:49:25 - OTMS - INFO - Attempting to load custom table 'audit_log'
2025-12-05 15:49:25 - OTMS - INFO - Reflecting table 'audit_log' from flex database...
2025-12-05 15:49:25 - OTMS - INFO - Successfully created model for table 'audit_log' from flex database
2025-12-05 15:49:25 - OTMS - INFO - Successfully loaded custom table model for 'audit_log'
2025-12-05 15:49:25 - OTMS - INFO - Retrieved 11 columns for data source 'audit_log'
2025-12-05 15:49:26 - OTMS - INFO - Attempting to load custom table 'audit_log'
2025-12-05 15:49:26 - OTMS - INFO - Reflecting table 'audit_log' from flex database...
2025-12-05 15:49:26 - OTMS - INFO - Successfully created model for table 'audit_log' from flex database
2025-12-05 15:49:26 - OTMS - INFO - Successfully loaded custom table model for 'audit_log'
2025-12-05 15:49:26 - OTMS - INFO - Retrieved 11 columns for data source 'audit_log'
2025-12-05 15:49:26 - OTMS - INFO - Attempting to load custom table 'audit_log'
2025-12-05 15:49:26 - OTMS - INFO - Reflecting table 'audit_log' from flex database...
2025-12-05 15:49:26 - OTMS - INFO - Successfully created model for table 'audit_log' from flex database
2025-12-05 15:49:26 - OTMS - INFO - Successfully loaded custom table model for 'audit_log'
2025-12-05 15:49:26 - OTMS - INFO - Retrieved 11 columns for data source 'audit_log'
2025-12-05 15:49:28 - OTMS - INFO - Loaded 68 tables from primary database
2025-12-05 15:49:28 - OTMS - INFO - Loaded 68 tables from flexible database
2025-12-05 15:49:28 - OTMS - INFO - Added 0 additional custom tables from location_config
2025-12-05 15:49:28 - OTMS - INFO - Attempting to load custom table 'yade_voyage'
2025-12-05 15:49:28 - OTMS - INFO - Reflecting table 'yade_voyage' from flex database...
2025-12-05 15:49:28 - OTMS - INFO - Successfully created model for table 'yade_voyage' from flex database
2025-12-05 15:49:28 - OTMS - INFO - Successfully loaded custom table model for 'yade_voyage'
2025-12-05 15:49:28 - OTMS - INFO - Retrieved 19 columns for data source 'yade_voyage'
2025-12-05 15:49:28 - OTMS - INFO - Attempting to load custom table 'toa_yade_summary'
2025-12-05 15:49:28 - OTMS - INFO - Reflecting table 'toa_yade_summary' from flex database...
2025-12-05 15:49:28 - OTMS - INFO - Successfully created model for table 'toa_yade_summary' from flex database
2025-12-05 15:49:28 - OTMS - INFO - Successfully loaded custom table model for 'toa_yade_summary'
2025-12-05 15:49:28 - OTMS - INFO - Retrieved 20 columns for data source 'toa_yade_summary'
2025-12-05 15:49:28 - OTMS - INFO - Attempting to load custom table 'yade_voyage'
2025-12-05 15:49:28 - OTMS - INFO - Reflecting table 'yade_voyage' from flex database...
2025-12-05 15:49:28 - OTMS - INFO - Successfully created model for table 'yade_voyage' from flex database
2025-12-05 15:49:28 - OTMS - INFO - Successfully loaded custom table model for 'yade_voyage'
2025-12-05 15:49:28 - OTMS - INFO - Retrieved 19 columns for data source 'yade_voyage'
2025-12-05 15:49:28 - OTMS - INFO - Attempting to load custom table 'yade_voyage'
2025-12-05 15:49:28 - OTMS - INFO - Reflecting table 'yade_voyage' from flex database...
2025-12-05 15:49:28 - OTMS - INFO - Successfully created model for table 'yade_voyage' from flex database
2025-12-05 15:49:28 - OTMS - INFO - Successfully loaded custom table model for 'yade_voyage'
2025-12-05 15:49:28 - OTMS - INFO - Retrieved 19 columns for data source 'yade_voyage'
2025-12-05 15:49:28 - OTMS - INFO - Attempting to load custom table 'audit_log'
2025-12-05 15:49:28 - OTMS - INFO - Reflecting table 'audit_log' from flex database...
2025-12-05 15:49:28 - OTMS - INFO - Successfully created model for table 'audit_log' from flex database
2025-12-05 15:49:28 - OTMS - INFO - Successfully loaded custom table model for 'audit_log'
2025-12-05 15:49:28 - OTMS - INFO - Retrieved 11 columns for data source 'audit_log'
2025-12-05 15:49:28 - OTMS - INFO - Attempting to load custom table 'audit_log'
2025-12-05 15:49:28 - OTMS - INFO - Reflecting table 'audit_log' from flex database...
2025-12-05 15:49:28 - OTMS - INFO - Successfully created model for table 'audit_log' from flex database
2025-12-05 15:49:28 - OTMS - INFO - Successfully loaded custom table model for 'audit_log'
2025-12-05 15:49:28 - OTMS - INFO - Retrieved 11 columns for data source 'audit_log'
2025-12-05 15:49:28 - OTMS - INFO - Attempting to load custom table 'audit_log'
2025-12-05 15:49:28 - OTMS - INFO - Reflecting table 'audit_log' from flex database...
2025-12-05 15:49:28 - OTMS - INFO - Successfully created model for table 'audit_log' from flex database
2025-12-05 15:49:28 - OTMS - INFO - Successfully loaded custom table model for 'audit_log'
2025-12-05 15:49:28 - OTMS - INFO - Retrieved 11 columns for data source 'audit_log'
2025-12-05 15:49:28 - OTMS - INFO - Attempting to load custom table 'audit_log'
2025-12-05 15:49:28 - OTMS - INFO - Reflecting table 'audit_log' from flex database...
2025-12-05 15:49:28 - OTMS - INFO - Successfully created model for table 'audit_log' from flex database
2025-12-05 15:49:28 - OTMS - INFO - Successfully loaded custom table model for 'audit_log'
2025-12-05 15:49:28 - OTMS - INFO - Retrieved 11 columns for data source 'audit_log'
2025-12-05 15:49:30 - OTMS - INFO - Loaded 68 tables from primary database
2025-12-05 15:49:30 - OTMS - INFO - Loaded 68 tables from flexible database
2025-12-05 15:49:30 - OTMS - INFO - Added 0 additional custom tables from location_config
2025-12-05 15:49:30 - OTMS - INFO - Attempting to load custom table 'yade_voyage'
2025-12-05 15:49:30 - OTMS - INFO - Reflecting table 'yade_voyage' from flex database...
2025-12-05 15:49:30 - OTMS - INFO - Successfully created model for table 'yade_voyage' from flex database
2025-12-05 15:49:30 - OTMS - INFO - Successfully loaded custom table model for 'yade_voyage'
2025-12-05 15:49:30 - OTMS - INFO - Retrieved 19 columns for data source 'yade_voyage'
2025-12-05 15:49:30 - OTMS - INFO - Attempting to load custom table 'toa_yade_summary'
2025-12-05 15:49:30 - OTMS - INFO - Reflecting table 'toa_yade_summary' from flex database...
2025-12-05 15:49:30 - OTMS - INFO - Successfully created model for table 'toa_yade_summary' from flex database
2025-12-05 15:49:30 - OTMS - INFO - Successfully loaded custom table model for 'toa_yade_summary'
2025-12-05 15:49:30 - OTMS - INFO - Retrieved 20 columns for data source 'toa_yade_summary'
2025-12-05 15:49:30 - OTMS - INFO - Attempting to load custom table 'yade_voyage'
2025-12-05 15:49:30 - OTMS - INFO - Reflecting table 'yade_voyage' from flex database...
2025-12-05 15:49:30 - OTMS - INFO - Successfully created model for table 'yade_voyage' from flex database
2025-12-05 15:49:30 - OTMS - INFO - Successfully loaded custom table model for 'yade_voyage'
2025-12-05 15:49:30 - OTMS - INFO - Retrieved 19 columns for data source 'yade_voyage'
2025-12-05 15:49:30 - OTMS - INFO - Attempting to load custom table 'yade_voyage'
2025-12-05 15:49:30 - OTMS - INFO - Reflecting table 'yade_voyage' from flex database...
2025-12-05 15:49:30 - OTMS - INFO - Successfully created model for table 'yade_voyage' from flex database
2025-12-05 15:49:30 - OTMS - INFO - Successfully loaded custom table model for 'yade_voyage'
2025-12-05 15:49:30 - OTMS - INFO - Retrieved 19 columns for data source 'yade_voyage'
2025-12-05 15:49:30 - OTMS - INFO - Attempting to load custom table 'audit_log'
2025-12-05 15:49:30 - OTMS - INFO - Reflecting table 'audit_log' from flex database...
2025-12-05 15:49:30 - OTMS - INFO - Successfully created model for table 'audit_log' from flex database
2025-12-05 15:49:30 - OTMS - INFO - Successfully loaded custom table model for 'audit_log'
2025-12-05 15:49:30 - OTMS - INFO - Retrieved 11 columns for data source 'audit_log'
2025-12-05 15:49:30 - OTMS - INFO - Attempting to load custom table 'audit_log'
2025-12-05 15:49:30 - OTMS - INFO - Reflecting table 'audit_log' from flex database...
2025-12-05 15:49:30 - OTMS - INFO - Successfully created model for table 'audit_log' from flex database
2025-12-05 15:49:30 - OTMS - INFO - Successfully loaded custom table model for 'audit_log'
2025-12-05 15:49:30 - OTMS - INFO - Retrieved 11 columns for data source 'audit_log'
2025-12-05 15:49:30 - OTMS - INFO - Attempting to load custom table 'audit_log'
2025-12-05 15:49:30 - OTMS - INFO - Reflecting table 'audit_log' from flex database...
2025-12-05 15:49:30 - OTMS - INFO - Successfully created model for table 'audit_log' from flex database
2025-12-05 15:49:30 - OTMS - INFO - Successfully loaded custom table model for 'audit_log'
2025-12-05 15:49:30 - OTMS - INFO - Retrieved 11 columns for data source 'audit_log'
2025-12-05 15:49:30 - OTMS - INFO - Attempting to load custom table 'audit_log'
2025-12-05 15:49:30 - OTMS - INFO - Reflecting table 'audit_log' from flex database...
2025-12-05 15:49:30 - OTMS - INFO - Successfully created model for table 'audit_log' from flex database
2025-12-05 15:49:30 - OTMS - INFO - Successfully loaded custom table model for 'audit_log'
2025-12-05 15:49:30 - OTMS - INFO - Retrieved 11 columns for data source 'audit_log'
2025-12-05 15:49:33 - OTMS - INFO - Loaded 68 tables from primary database
2025-12-05 15:49:33 - OTMS - INFO - Loaded 68 tables from flexible database
2025-12-05 15:49:33 - OTMS - INFO - Added 0 additional custom tables from location_config
2025-12-05 15:49:33 - OTMS - INFO - Attempting to load custom table 'yade_voyage'
2025-12-05 15:49:33 - OTMS - INFO - Reflecting table 'yade_voyage' from flex database...
2025-12-05 15:49:33 - OTMS - INFO - Successfully created model for table 'yade_voyage' from flex database
2025-12-05 15:49:33 - OTMS - INFO - Successfully loaded custom table model for 'yade_voyage'
2025-12-05 15:49:33 - OTMS - INFO - Retrieved 19 columns for data source 'yade_voyage'
2025-12-05 15:49:33 - OTMS - INFO - Attempting to load custom table 'toa_yade_summary'
2025-12-05 15:49:33 - OTMS - INFO - Reflecting table 'toa_yade_summary' from flex database...
2025-12-05 15:49:33 - OTMS - INFO - Successfully created model for table 'toa_yade_summary' from flex database
2025-12-05 15:49:33 - OTMS - INFO - Successfully loaded custom table model for 'toa_yade_summary'
2025-12-05 15:49:33 - OTMS - INFO - Retrieved 20 columns for data source 'toa_yade_summary'
2025-12-05 15:49:33 - OTMS - INFO - Attempting to load custom table 'yade_voyage'
2025-12-05 15:49:33 - OTMS - INFO - Reflecting table 'yade_voyage' from flex database...
2025-12-05 15:49:33 - OTMS - INFO - Successfully created model for table 'yade_voyage' from flex database
2025-12-05 15:49:33 - OTMS - INFO - Successfully loaded custom table model for 'yade_voyage'
2025-12-05 15:49:33 - OTMS - INFO - Retrieved 19 columns for data source 'yade_voyage'
2025-12-05 15:49:33 - OTMS - INFO - Attempting to load custom table 'yade_voyage'
2025-12-05 15:49:33 - OTMS - INFO - Reflecting table 'yade_voyage' from flex database...
2025-12-05 15:49:33 - OTMS - INFO - Successfully created model for table 'yade_voyage' from flex database
2025-12-05 15:49:33 - OTMS - INFO - Successfully loaded custom table model for 'yade_voyage'
2025-12-05 15:49:33 - OTMS - INFO - Retrieved 19 columns for data source 'yade_voyage'
2025-12-05 15:49:33 - OTMS - INFO - Attempting to load custom table 'audit_log'
2025-12-05 15:49:33 - OTMS - INFO - Reflecting table 'audit_log' from flex database...
2025-12-05 15:49:33 - OTMS - INFO - Successfully created model for table 'audit_log' from flex database
2025-12-05 15:49:33 - OTMS - INFO - Successfully loaded custom table model for 'audit_log'
2025-12-05 15:49:33 - OTMS - INFO - Retrieved 11 columns for data source 'audit_log'
2025-12-05 15:49:33 - OTMS - INFO - Attempting to load custom table 'audit_log'
2025-12-05 15:49:33 - OTMS - INFO - Reflecting table 'audit_log' from flex database...
2025-12-05 15:49:33 - OTMS - INFO - Successfully created model for table 'audit_log' from flex database
2025-12-05 15:49:33 - OTMS - INFO - Successfully loaded custom table model for 'audit_log'
2025-12-05 15:49:33 - OTMS - INFO - Retrieved 11 columns for data source 'audit_log'
2025-12-05 15:49:33 - OTMS - INFO - Attempting to load custom table 'audit_log'
2025-12-05 15:49:33 - OTMS - INFO - Reflecting table 'audit_log' from flex database...
2025-12-05 15:49:33 - OTMS - INFO - Successfully created model for table 'audit_log' from flex database
2025-12-05 15:49:33 - OTMS - INFO - Successfully loaded custom table model for 'audit_log'
2025-12-05 15:49:33 - OTMS - INFO - Retrieved 11 columns for data source 'audit_log'
2025-12-05 15:49:33 - OTMS - INFO - Attempting to load custom table 'audit_log'
2025-12-05 15:49:33 - OTMS - INFO - Reflecting table 'audit_log' from flex database...
2025-12-05 15:49:33 - OTMS - INFO - Successfully created model for table 'audit_log' from flex database
2025-12-05 15:49:33 - OTMS - INFO - Successfully loaded custom table model for 'audit_log'
2025-12-05 15:49:33 - OTMS - INFO - Retrieved 11 columns for data source 'audit_log'
2025-12-05 15:49:41 - OTMS - INFO - Loaded 68 tables from primary database
2025-12-05 15:49:41 - OTMS - INFO - Loaded 68 tables from flexible database
2025-12-05 15:49:41 - OTMS - INFO - Added 0 additional custom tables from location_config
2025-12-05 15:49:41 - OTMS - INFO - Attempting to load custom table 'yade_voyage'
2025-12-05 15:49:41 - OTMS - INFO - Reflecting table 'yade_voyage' from flex database...
2025-12-05 15:49:41 - OTMS - INFO - Successfully created model for table 'yade_voyage' from flex database
2025-12-05 15:49:41 - OTMS - INFO - Successfully loaded custom table model for 'yade_voyage'
2025-12-05 15:49:41 - OTMS - INFO - Retrieved 19 columns for data source 'yade_voyage'
2025-12-05 15:49:41 - OTMS - INFO - Attempting to load custom table 'toa_yade_summary'
2025-12-05 15:49:41 - OTMS - INFO - Reflecting table 'toa_yade_summary' from flex database...
2025-12-05 15:49:41 - OTMS - INFO - Successfully created model for table 'toa_yade_summary' from flex database
2025-12-05 15:49:41 - OTMS - INFO - Successfully loaded custom table model for 'toa_yade_summary'
2025-12-05 15:49:41 - OTMS - INFO - Retrieved 20 columns for data source 'toa_yade_summary'
2025-12-05 15:49:41 - OTMS - INFO - Attempting to load custom table 'yade_voyage'
2025-12-05 15:49:41 - OTMS - INFO - Reflecting table 'yade_voyage' from flex database...
2025-12-05 15:49:41 - OTMS - INFO - Successfully created model for table 'yade_voyage' from flex database
2025-12-05 15:49:41 - OTMS - INFO - Successfully loaded custom table model for 'yade_voyage'
2025-12-05 15:49:41 - OTMS - INFO - Retrieved 19 columns for data source 'yade_voyage'
2025-12-05 15:49:41 - OTMS - INFO - Attempting to load custom table 'yade_voyage'
2025-12-05 15:49:41 - OTMS - INFO - Reflecting table 'yade_voyage' from flex database...
2025-12-05 15:49:41 - OTMS - INFO - Successfully created model for table 'yade_voyage' from flex database
2025-12-05 15:49:41 - OTMS - INFO - Successfully loaded custom table model for 'yade_voyage'
2025-12-05 15:49:41 - OTMS - INFO - Retrieved 19 columns for data source 'yade_voyage'
2025-12-05 15:49:41 - OTMS - INFO - Attempting to load custom table 'yade_voyage'
2025-12-05 15:49:41 - OTMS - INFO - Reflecting table 'yade_voyage' from flex database...
2025-12-05 15:49:41 - OTMS - INFO - Successfully created model for table 'yade_voyage' from flex database
2025-12-05 15:49:41 - OTMS - INFO - Successfully loaded custom table model for 'yade_voyage'
2025-12-05 15:49:41 - OTMS - INFO - Retrieved 19 columns for data source 'yade_voyage'
2025-12-05 15:49:41 - OTMS - INFO - Attempting to load custom table 'audit_log'
2025-12-05 15:49:41 - OTMS - INFO - Reflecting table 'audit_log' from flex database...
2025-12-05 15:49:41 - OTMS - INFO - Successfully created model for table 'audit_log' from flex database
2025-12-05 15:49:41 - OTMS - INFO - Successfully loaded custom table model for 'audit_log'
2025-12-05 15:49:41 - OTMS - INFO - Retrieved 11 columns for data source 'audit_log'
2025-12-05 15:49:41 - OTMS - INFO - Attempting to load custom table 'audit_log'
2025-12-05 15:49:41 - OTMS - INFO - Reflecting table 'audit_log' from flex database...
2025-12-05 15:49:41 - OTMS - INFO - Successfully created model for table 'audit_log' from flex database
2025-12-05 15:49:41 - OTMS - INFO - Successfully loaded custom table model for 'audit_log'
2025-12-05 15:49:41 - OTMS - INFO - Retrieved 11 columns for data source 'audit_log'
2025-12-05 15:49:41 - OTMS - INFO - Attempting to load custom table 'audit_log'
2025-12-05 15:49:41 - OTMS - INFO - Reflecting table 'audit_log' from flex database...
2025-12-05 15:49:41 - OTMS - INFO - Successfully created model for table 'audit_log' from flex database
2025-12-05 15:49:41 - OTMS - INFO - Successfully loaded custom table model for 'audit_log'
2025-12-05 15:49:41 - OTMS - INFO - Retrieved 11 columns for data source 'audit_log'
2025-12-05 15:49:44 - OTMS - INFO - Loaded 68 tables from primary database
2025-12-05 15:49:44 - OTMS - INFO - Loaded 68 tables from flexible database
2025-12-05 15:49:44 - OTMS - INFO - Added 0 additional custom tables from location_config
2025-12-05 15:49:44 - OTMS - INFO - Attempting to load custom table 'yade_voyage'
2025-12-05 15:49:44 - OTMS - INFO - Reflecting table 'yade_voyage' from flex database...
2025-12-05 15:49:44 - OTMS - INFO - Successfully created model for table 'yade_voyage' from flex database
2025-12-05 15:49:44 - OTMS - INFO - Successfully loaded custom table model for 'yade_voyage'
2025-12-05 15:49:44 - OTMS - INFO - Retrieved 19 columns for data source 'yade_voyage'
2025-12-05 15:49:44 - OTMS - INFO - Attempting to load custom table 'toa_yade_summary'
2025-12-05 15:49:44 - OTMS - INFO - Reflecting table 'toa_yade_summary' from flex database...
2025-12-05 15:49:44 - OTMS - INFO - Successfully created model for table 'toa_yade_summary' from flex database
2025-12-05 15:49:44 - OTMS - INFO - Successfully loaded custom table model for 'toa_yade_summary'
2025-12-05 15:49:44 - OTMS - INFO - Retrieved 20 columns for data source 'toa_yade_summary'
2025-12-05 15:49:44 - OTMS - INFO - Attempting to load custom table 'yade_voyage'
2025-12-05 15:49:44 - OTMS - INFO - Reflecting table 'yade_voyage' from flex database...
2025-12-05 15:49:44 - OTMS - INFO - Successfully created model for table 'yade_voyage' from flex database
2025-12-05 15:49:44 - OTMS - INFO - Successfully loaded custom table model for 'yade_voyage'
2025-12-05 15:49:44 - OTMS - INFO - Retrieved 19 columns for data source 'yade_voyage'
2025-12-05 15:49:44 - OTMS - INFO - Attempting to load custom table 'yade_voyage'
2025-12-05 15:49:44 - OTMS - INFO - Reflecting table 'yade_voyage' from flex database...
2025-12-05 15:49:44 - OTMS - INFO - Successfully created model for table 'yade_voyage' from flex database
2025-12-05 15:49:44 - OTMS - INFO - Successfully loaded custom table model for 'yade_voyage'
2025-12-05 15:49:44 - OTMS - INFO - Retrieved 19 columns for data source 'yade_voyage'
2025-12-05 15:49:44 - OTMS - INFO - Attempting to load custom table 'yade_voyage'
2025-12-05 15:49:44 - OTMS - INFO - Reflecting table 'yade_voyage' from flex database...
2025-12-05 15:49:44 - OTMS - INFO - Successfully created model for table 'yade_voyage' from flex database
2025-12-05 15:49:44 - OTMS - INFO - Successfully loaded custom table model for 'yade_voyage'
2025-12-05 15:49:44 - OTMS - INFO - Retrieved 19 columns for data source 'yade_voyage'
2025-12-05 15:49:44 - OTMS - INFO - Attempting to load custom table 'audit_log'
2025-12-05 15:49:44 - OTMS - INFO - Reflecting table 'audit_log' from flex database...
2025-12-05 15:49:44 - OTMS - INFO - Successfully created model for table 'audit_log' from flex database
2025-12-05 15:49:44 - OTMS - INFO - Successfully loaded custom table model for 'audit_log'
2025-12-05 15:49:44 - OTMS - INFO - Retrieved 11 columns for data source 'audit_log'
2025-12-05 15:49:44 - OTMS - INFO - Attempting to load custom table 'audit_log'
2025-12-05 15:49:44 - OTMS - INFO - Reflecting table 'audit_log' from flex database...
2025-12-05 15:49:44 - OTMS - INFO - Successfully created model for table 'audit_log' from flex database
2025-12-05 15:49:44 - OTMS - INFO - Successfully loaded custom table model for 'audit_log'
2025-12-05 15:49:44 - OTMS - INFO - Retrieved 11 columns for data source 'audit_log'
2025-12-05 15:49:44 - OTMS - INFO - Attempting to load custom table 'audit_log'
2025-12-05 15:49:44 - OTMS - INFO - Reflecting table 'audit_log' from flex database...
2025-12-05 15:49:44 - OTMS - INFO - Successfully created model for table 'audit_log' from flex database
2025-12-05 15:49:44 - OTMS - INFO - Successfully loaded custom table model for 'audit_log'
2025-12-05 15:49:44 - OTMS - INFO - Retrieved 11 columns for data source 'audit_log'
2025-12-05 15:50:07 - OTMS - INFO - Loaded 68 tables from primary database
2025-12-05 15:50:07 - OTMS - INFO - Loaded 68 tables from flexible database
2025-12-05 15:50:07 - OTMS - INFO - Added 0 additional custom tables from location_config
2025-12-05 15:50:07 - OTMS - INFO - Attempting to load custom table 'yade_voyage'
2025-12-05 15:50:07 - OTMS - INFO - Reflecting table 'yade_voyage' from flex database...
2025-12-05 15:50:07 - OTMS - INFO - Successfully created model for table 'yade_voyage' from flex database
2025-12-05 15:50:07 - OTMS - INFO - Successfully loaded custom table model for 'yade_voyage'
2025-12-05 15:50:07 - OTMS - INFO - Retrieved 19 columns for data source 'yade_voyage'
2025-12-05 15:50:07 - OTMS - INFO - Attempting to load custom table 'toa_yade_summary'
2025-12-05 15:50:07 - OTMS - INFO - Reflecting table 'toa_yade_summary' from flex database...
2025-12-05 15:50:07 - OTMS - INFO - Successfully created model for table 'toa_yade_summary' from flex database
2025-12-05 15:50:07 - OTMS - INFO - Successfully loaded custom table model for 'toa_yade_summary'
2025-12-05 15:50:07 - OTMS - INFO - Retrieved 20 columns for data source 'toa_yade_summary'
2025-12-05 15:50:07 - OTMS - INFO - Attempting to load custom table 'yade_voyage'
2025-12-05 15:50:07 - OTMS - INFO - Reflecting table 'yade_voyage' from flex database...
2025-12-05 15:50:07 - OTMS - INFO - Successfully created model for table 'yade_voyage' from flex database
2025-12-05 15:50:07 - OTMS - INFO - Successfully loaded custom table model for 'yade_voyage'
2025-12-05 15:50:07 - OTMS - INFO - Retrieved 19 columns for data source 'yade_voyage'
2025-12-05 15:50:07 - OTMS - INFO - Attempting to load custom table 'yade_voyage'
2025-12-05 15:50:07 - OTMS - INFO - Reflecting table 'yade_voyage' from flex database...
2025-12-05 15:50:07 - OTMS - INFO - Successfully created model for table 'yade_voyage' from flex database
2025-12-05 15:50:07 - OTMS - INFO - Successfully loaded custom table model for 'yade_voyage'
2025-12-05 15:50:07 - OTMS - INFO - Retrieved 19 columns for data source 'yade_voyage'
2025-12-05 15:50:07 - OTMS - INFO - Attempting to load custom table 'yade_voyage'
2025-12-05 15:50:07 - OTMS - INFO - Reflecting table 'yade_voyage' from flex database...
2025-12-05 15:50:07 - OTMS - INFO - Successfully created model for table 'yade_voyage' from flex database
2025-12-05 15:50:07 - OTMS - INFO - Successfully loaded custom table model for 'yade_voyage'
2025-12-05 15:50:07 - OTMS - INFO - Retrieved 19 columns for data source 'yade_voyage'
2025-12-05 15:50:07 - OTMS - INFO - Attempting to load custom table 'audit_log'
2025-12-05 15:50:07 - OTMS - INFO - Reflecting table 'audit_log' from flex database...
2025-12-05 15:50:07 - OTMS - INFO - Successfully created model for table 'audit_log' from flex database
2025-12-05 15:50:07 - OTMS - INFO - Successfully loaded custom table model for 'audit_log'
2025-12-05 15:50:07 - OTMS - INFO - Retrieved 11 columns for data source 'audit_log'
2025-12-05 15:50:07 - OTMS - INFO - Attempting to load custom table 'audit_log'
2025-12-05 15:50:07 - OTMS - INFO - Reflecting table 'audit_log' from flex database...
2025-12-05 15:50:07 - OTMS - INFO - Successfully created model for table 'audit_log' from flex database
2025-12-05 15:50:07 - OTMS - INFO - Successfully loaded custom table model for 'audit_log'
2025-12-05 15:50:07 - OTMS - INFO - Retrieved 11 columns for data source 'audit_log'
2025-12-05 15:50:07 - OTMS - INFO - Attempting to load custom table 'audit_log'
2025-12-05 15:50:07 - OTMS - INFO - Reflecting table 'audit_log' from flex database...
2025-12-05 15:50:07 - OTMS - INFO - Successfully created model for table 'audit_log' from flex database
2025-12-05 15:50:07 - OTMS - INFO - Successfully loaded custom table model for 'audit_log'
2025-12-05 15:50:07 - OTMS - INFO - Retrieved 11 columns for data source 'audit_log'
2025-12-05 15:50:12 - OTMS - INFO - Loaded 68 tables from primary database
2025-12-05 15:50:12 - OTMS - INFO - Loaded 68 tables from flexible database
2025-12-05 15:50:12 - OTMS - INFO - Added 0 additional custom tables from location_config
2025-12-05 15:50:12 - OTMS - INFO - Attempting to load custom table 'yade_voyage'
2025-12-05 15:50:12 - OTMS - INFO - Reflecting table 'yade_voyage' from flex database...
2025-12-05 15:50:12 - OTMS - INFO - Successfully created model for table 'yade_voyage' from flex database
2025-12-05 15:50:12 - OTMS - INFO - Successfully loaded custom table model for 'yade_voyage'
2025-12-05 15:50:12 - OTMS - INFO - Retrieved 19 columns for data source 'yade_voyage'
2025-12-05 15:50:12 - OTMS - INFO - Attempting to load custom table 'toa_yade_summary'
2025-12-05 15:50:12 - OTMS - INFO - Reflecting table 'toa_yade_summary' from flex database...
2025-12-05 15:50:12 - OTMS - INFO - Successfully created model for table 'toa_yade_summary' from flex database
2025-12-05 15:50:12 - OTMS - INFO - Successfully loaded custom table model for 'toa_yade_summary'
2025-12-05 15:50:12 - OTMS - INFO - Retrieved 20 columns for data source 'toa_yade_summary'
2025-12-05 15:50:12 - OTMS - INFO - Attempting to load custom table 'yade_voyage'
2025-12-05 15:50:12 - OTMS - INFO - Reflecting table 'yade_voyage' from flex database...
2025-12-05 15:50:12 - OTMS - INFO - Successfully created model for table 'yade_voyage' from flex database
2025-12-05 15:50:12 - OTMS - INFO - Successfully loaded custom table model for 'yade_voyage'
2025-12-05 15:50:12 - OTMS - INFO - Retrieved 19 columns for data source 'yade_voyage'
2025-12-05 15:50:12 - OTMS - INFO - Attempting to load custom table 'yade_voyage'
2025-12-05 15:50:12 - OTMS - INFO - Reflecting table 'yade_voyage' from flex database...
2025-12-05 15:50:12 - OTMS - INFO - Successfully created model for table 'yade_voyage' from flex database
2025-12-05 15:50:12 - OTMS - INFO - Successfully loaded custom table model for 'yade_voyage'
2025-12-05 15:50:12 - OTMS - INFO - Retrieved 19 columns for data source 'yade_voyage'
2025-12-05 15:50:12 - OTMS - INFO - Attempting to load custom table 'yade_voyage'
2025-12-05 15:50:12 - OTMS - INFO - Reflecting table 'yade_voyage' from flex database...
2025-12-05 15:50:12 - OTMS - INFO - Successfully created model for table 'yade_voyage' from flex database
2025-12-05 15:50:12 - OTMS - INFO - Successfully loaded custom table model for 'yade_voyage'
2025-12-05 15:50:12 - OTMS - INFO - Retrieved 19 columns for data source 'yade_voyage'
2025-12-05 15:50:12 - OTMS - INFO - Attempting to load custom table 'audit_log'
2025-12-05 15:50:12 - OTMS - INFO - Reflecting table 'audit_log' from flex database...
2025-12-05 15:50:12 - OTMS - INFO - Successfully created model for table 'audit_log' from flex database
2025-12-05 15:50:12 - OTMS - INFO - Successfully loaded custom table model for 'audit_log'
2025-12-05 15:50:12 - OTMS - INFO - Retrieved 11 columns for data source 'audit_log'
2025-12-05 15:50:12 - OTMS - INFO - Attempting to load custom table 'audit_log'
2025-12-05 15:50:12 - OTMS - INFO - Reflecting table 'audit_log' from flex database...
2025-12-05 15:50:12 - OTMS - INFO - Successfully created model for table 'audit_log' from flex database
2025-12-05 15:50:12 - OTMS - INFO - Successfully loaded custom table model for 'audit_log'
2025-12-05 15:50:12 - OTMS - INFO - Retrieved 11 columns for data source 'audit_log'
2025-12-05 15:50:12 - OTMS - INFO - Attempting to load custom table 'audit_log'
2025-12-05 15:50:12 - OTMS - INFO - Reflecting table 'audit_log' from flex database...
2025-12-05 15:50:12 - OTMS - INFO - Successfully created model for table 'audit_log' from flex database
2025-12-05 15:50:12 - OTMS - INFO - Successfully loaded custom table model for 'audit_log'
2025-12-05 15:50:12 - OTMS - INFO - Retrieved 11 columns for data source 'audit_log'
2025-12-05 15:50:15 - OTMS - INFO - Loaded 68 tables from primary database
2025-12-05 15:50:15 - OTMS - INFO - Loaded 68 tables from flexible database
2025-12-05 15:50:15 - OTMS - INFO - Added 0 additional custom tables from location_config
2025-12-05 15:50:15 - OTMS - INFO - Attempting to load custom table 'yade_voyage'
2025-12-05 15:50:15 - OTMS - INFO - Reflecting table 'yade_voyage' from flex database...
2025-12-05 15:50:15 - OTMS - INFO - Successfully created model for table 'yade_voyage' from flex database
2025-12-05 15:50:15 - OTMS - INFO - Successfully loaded custom table model for 'yade_voyage'
2025-12-05 15:50:15 - OTMS - INFO - Retrieved 19 columns for data source 'yade_voyage'
2025-12-05 15:50:15 - OTMS - INFO - Attempting to load custom table 'toa_yade_summary'
2025-12-05 15:50:15 - OTMS - INFO - Reflecting table 'toa_yade_summary' from flex database...
2025-12-05 15:50:15 - OTMS - INFO - Successfully created model for table 'toa_yade_summary' from flex database
2025-12-05 15:50:15 - OTMS - INFO - Successfully loaded custom table model for 'toa_yade_summary'
2025-12-05 15:50:15 - OTMS - INFO - Retrieved 20 columns for data source 'toa_yade_summary'
2025-12-05 15:50:15 - OTMS - INFO - Attempting to load custom table 'yade_voyage'
2025-12-05 15:50:15 - OTMS - INFO - Reflecting table 'yade_voyage' from flex database...
2025-12-05 15:50:15 - OTMS - INFO - Successfully created model for table 'yade_voyage' from flex database
2025-12-05 15:50:15 - OTMS - INFO - Successfully loaded custom table model for 'yade_voyage'
2025-12-05 15:50:15 - OTMS - INFO - Retrieved 19 columns for data source 'yade_voyage'
2025-12-05 15:50:15 - OTMS - INFO - Attempting to load custom table 'yade_voyage'
2025-12-05 15:50:15 - OTMS - INFO - Reflecting table 'yade_voyage' from flex database...
2025-12-05 15:50:15 - OTMS - INFO - Successfully created model for table 'yade_voyage' from flex database
2025-12-05 15:50:15 - OTMS - INFO - Successfully loaded custom table model for 'yade_voyage'
2025-12-05 15:50:15 - OTMS - INFO - Retrieved 19 columns for data source 'yade_voyage'
2025-12-05 15:50:15 - OTMS - INFO - Attempting to load custom table 'yade_voyage'
2025-12-05 15:50:15 - OTMS - INFO - Reflecting table 'yade_voyage' from flex database...
2025-12-05 15:50:15 - OTMS - INFO - Successfully created model for table 'yade_voyage' from flex database
2025-12-05 15:50:15 - OTMS - INFO - Successfully loaded custom table model for 'yade_voyage'
2025-12-05 15:50:15 - OTMS - INFO - Retrieved 19 columns for data source 'yade_voyage'
2025-12-05 15:50:15 - OTMS - INFO - Attempting to load custom table 'audit_log'
2025-12-05 15:50:15 - OTMS - INFO - Reflecting table 'audit_log' from flex database...
2025-12-05 15:50:15 - OTMS - INFO - Successfully created model for table 'audit_log' from flex database
2025-12-05 15:50:15 - OTMS - INFO - Successfully loaded custom table model for 'audit_log'
2025-12-05 15:50:15 - OTMS - INFO - Retrieved 11 columns for data source 'audit_log'
2025-12-05 15:50:15 - OTMS - INFO - Attempting to load custom table 'audit_log'
2025-12-05 15:50:15 - OTMS - INFO - Reflecting table 'audit_log' from flex database...
2025-12-05 15:50:15 - OTMS - INFO - Successfully created model for table 'audit_log' from flex database
2025-12-05 15:50:15 - OTMS - INFO - Successfully loaded custom table model for 'audit_log'
2025-12-05 15:50:15 - OTMS - INFO - Retrieved 11 columns for data source 'audit_log'
2025-12-05 15:50:15 - OTMS - INFO - Attempting to load custom table 'audit_log'
2025-12-05 15:50:15 - OTMS - INFO - Reflecting table 'audit_log' from flex database...
2025-12-05 15:50:15 - OTMS - INFO - Successfully created model for table 'audit_log' from flex database
2025-12-05 15:50:15 - OTMS - INFO - Successfully loaded custom table model for 'audit_log'
2025-12-05 15:50:15 - OTMS - INFO - Retrieved 11 columns for data source 'audit_log'
2025-12-05 15:50:17 - OTMS - INFO - Loaded 68 tables from primary database
2025-12-05 15:50:17 - OTMS - INFO - Loaded 68 tables from flexible database
2025-12-05 15:50:17 - OTMS - INFO - Added 0 additional custom tables from location_config
2025-12-05 15:50:17 - OTMS - INFO - Attempting to load custom table 'yade_voyage'
2025-12-05 15:50:17 - OTMS - INFO - Reflecting table 'yade_voyage' from flex database...
2025-12-05 15:50:17 - OTMS - INFO - Successfully created model for table 'yade_voyage' from flex database
2025-12-05 15:50:17 - OTMS - INFO - Successfully loaded custom table model for 'yade_voyage'
2025-12-05 15:50:17 - OTMS - INFO - Retrieved 19 columns for data source 'yade_voyage'
2025-12-05 15:50:17 - OTMS - INFO - Attempting to load custom table 'toa_yade_summary'
2025-12-05 15:50:17 - OTMS - INFO - Reflecting table 'toa_yade_summary' from flex database...
2025-12-05 15:50:17 - OTMS - INFO - Successfully created model for table 'toa_yade_summary' from flex database
2025-12-05 15:50:17 - OTMS - INFO - Successfully loaded custom table model for 'toa_yade_summary'
2025-12-05 15:50:17 - OTMS - INFO - Retrieved 20 columns for data source 'toa_yade_summary'
2025-12-05 15:50:17 - OTMS - INFO - Attempting to load custom table 'yade_voyage'
2025-12-05 15:50:17 - OTMS - INFO - Reflecting table 'yade_voyage' from flex database...
2025-12-05 15:50:17 - OTMS - INFO - Successfully created model for table 'yade_voyage' from flex database
2025-12-05 15:50:17 - OTMS - INFO - Successfully loaded custom table model for 'yade_voyage'
2025-12-05 15:50:17 - OTMS - INFO - Retrieved 19 columns for data source 'yade_voyage'
2025-12-05 15:50:17 - OTMS - INFO - Attempting to load custom table 'yade_voyage'
2025-12-05 15:50:17 - OTMS - INFO - Reflecting table 'yade_voyage' from flex database...
2025-12-05 15:50:17 - OTMS - INFO - Successfully created model for table 'yade_voyage' from flex database
2025-12-05 15:50:17 - OTMS - INFO - Successfully loaded custom table model for 'yade_voyage'
2025-12-05 15:50:17 - OTMS - INFO - Retrieved 19 columns for data source 'yade_voyage'
2025-12-05 15:50:17 - OTMS - INFO - Attempting to load custom table 'yade_voyage'
2025-12-05 15:50:17 - OTMS - INFO - Reflecting table 'yade_voyage' from flex database...
2025-12-05 15:50:17 - OTMS - INFO - Successfully created model for table 'yade_voyage' from flex database
2025-12-05 15:50:17 - OTMS - INFO - Successfully loaded custom table model for 'yade_voyage'
2025-12-05 15:50:17 - OTMS - INFO - Retrieved 19 columns for data source 'yade_voyage'
2025-12-05 15:50:17 - OTMS - INFO - Attempting to load custom table 'audit_log'
2025-12-05 15:50:17 - OTMS - INFO - Reflecting table 'audit_log' from flex database...
2025-12-05 15:50:17 - OTMS - INFO - Successfully created model for table 'audit_log' from flex database
2025-12-05 15:50:17 - OTMS - INFO - Successfully loaded custom table model for 'audit_log'
2025-12-05 15:50:17 - OTMS - INFO - Retrieved 11 columns for data source 'audit_log'
2025-12-05 15:50:17 - OTMS - INFO - Attempting to load custom table 'audit_log'
2025-12-05 15:50:17 - OTMS - INFO - Reflecting table 'audit_log' from flex database...
2025-12-05 15:50:17 - OTMS - INFO - Successfully created model for table 'audit_log' from flex database
2025-12-05 15:50:17 - OTMS - INFO - Successfully loaded custom table model for 'audit_log'
2025-12-05 15:50:17 - OTMS - INFO - Retrieved 11 columns for data source 'audit_log'
2025-12-05 15:50:17 - OTMS - INFO - Attempting to load custom table 'audit_log'
2025-12-05 15:50:17 - OTMS - INFO - Reflecting table 'audit_log' from flex database...
2025-12-05 15:50:17 - OTMS - INFO - Successfully created model for table 'audit_log' from flex database
2025-12-05 15:50:17 - OTMS - INFO - Successfully loaded custom table model for 'audit_log'
2025-12-05 15:50:17 - OTMS - INFO - Retrieved 11 columns for data source 'audit_log'
2025-12-05 15:50:25 - OTMS - INFO - Loaded 68 tables from primary database
2025-12-05 15:50:25 - OTMS - INFO - Loaded 68 tables from flexible database
2025-12-05 15:50:25 - OTMS - INFO - Added 0 additional custom tables from location_config
2025-12-05 15:50:25 - OTMS - INFO - Attempting to load custom table 'yade_voyage'
2025-12-05 15:50:25 - OTMS - INFO - Reflecting table 'yade_voyage' from flex database...
2025-12-05 15:50:25 - OTMS - INFO - Successfully created model for table 'yade_voyage' from flex database
2025-12-05 15:50:25 - OTMS - INFO - Successfully loaded custom table model for 'yade_voyage'
2025-12-05 15:50:25 - OTMS - INFO - Retrieved 19 columns for data source 'yade_voyage'
2025-12-05 15:50:25 - OTMS - INFO - Attempting to load custom table 'toa_yade_summary'
2025-12-05 15:50:25 - OTMS - INFO - Reflecting table 'toa_yade_summary' from flex database...
2025-12-05 15:50:25 - OTMS - INFO - Successfully created model for table 'toa_yade_summary' from flex database
2025-12-05 15:50:25 - OTMS - INFO - Successfully loaded custom table model for 'toa_yade_summary'
2025-12-05 15:50:25 - OTMS - INFO - Retrieved 20 columns for data source 'toa_yade_summary'
2025-12-05 15:50:25 - OTMS - INFO - Attempting to load custom table 'yade_voyage'
2025-12-05 15:50:25 - OTMS - INFO - Reflecting table 'yade_voyage' from flex database...
2025-12-05 15:50:26 - OTMS - INFO - Successfully created model for table 'yade_voyage' from flex database
2025-12-05 15:50:26 - OTMS - INFO - Successfully loaded custom table model for 'yade_voyage'
2025-12-05 15:50:26 - OTMS - INFO - Retrieved 19 columns for data source 'yade_voyage'
2025-12-05 15:50:26 - OTMS - INFO - Attempting to load custom table 'yade_voyage'
2025-12-05 15:50:26 - OTMS - INFO - Reflecting table 'yade_voyage' from flex database...
2025-12-05 15:50:26 - OTMS - INFO - Successfully created model for table 'yade_voyage' from flex database
2025-12-05 15:50:26 - OTMS - INFO - Successfully loaded custom table model for 'yade_voyage'
2025-12-05 15:50:26 - OTMS - INFO - Retrieved 19 columns for data source 'yade_voyage'
2025-12-05 15:50:26 - OTMS - INFO - Attempting to load custom table 'yade_voyage'
2025-12-05 15:50:26 - OTMS - INFO - Reflecting table 'yade_voyage' from flex database...
2025-12-05 15:50:26 - OTMS - INFO - Successfully created model for table 'yade_voyage' from flex database
2025-12-05 15:50:26 - OTMS - INFO - Successfully loaded custom table model for 'yade_voyage'
2025-12-05 15:50:26 - OTMS - INFO - Retrieved 19 columns for data source 'yade_voyage'
2025-12-05 15:50:26 - OTMS - INFO - Attempting to load custom table 'toa_yade_summary'
2025-12-05 15:50:26 - OTMS - INFO - Reflecting table 'toa_yade_summary' from flex database...
2025-12-05 15:50:26 - OTMS - INFO - Successfully created model for table 'toa_yade_summary' from flex database
2025-12-05 15:50:26 - OTMS - INFO - Successfully loaded custom table model for 'toa_yade_summary'
2025-12-05 15:50:26 - OTMS - INFO - Retrieved 20 columns for data source 'toa_yade_summary'
2025-12-05 15:50:26 - OTMS - INFO - Attempting to load custom table 'audit_log'
2025-12-05 15:50:26 - OTMS - INFO - Reflecting table 'audit_log' from flex database...
2025-12-05 15:50:26 - OTMS - INFO - Successfully created model for table 'audit_log' from flex database
2025-12-05 15:50:26 - OTMS - INFO - Successfully loaded custom table model for 'audit_log'
2025-12-05 15:50:26 - OTMS - INFO - Retrieved 11 columns for data source 'audit_log'
2025-12-05 15:50:26 - OTMS - INFO - Attempting to load custom table 'audit_log'
2025-12-05 15:50:26 - OTMS - INFO - Reflecting table 'audit_log' from flex database...
2025-12-05 15:50:26 - OTMS - INFO - Successfully created model for table 'audit_log' from flex database
2025-12-05 15:50:26 - OTMS - INFO - Successfully loaded custom table model for 'audit_log'
2025-12-05 15:50:26 - OTMS - INFO - Retrieved 11 columns for data source 'audit_log'
2025-12-05 15:50:30 - OTMS - INFO - Loaded 68 tables from primary database
2025-12-05 15:50:30 - OTMS - INFO - Loaded 68 tables from flexible database
2025-12-05 15:50:30 - OTMS - INFO - Added 0 additional custom tables from location_config
2025-12-05 15:50:30 - OTMS - INFO - Attempting to load custom table 'yade_voyage'
2025-12-05 15:50:30 - OTMS - INFO - Reflecting table 'yade_voyage' from flex database...
2025-12-05 15:50:30 - OTMS - INFO - Successfully created model for table 'yade_voyage' from flex database
2025-12-05 15:50:30 - OTMS - INFO - Successfully loaded custom table model for 'yade_voyage'
2025-12-05 15:50:30 - OTMS - INFO - Retrieved 19 columns for data source 'yade_voyage'
2025-12-05 15:50:30 - OTMS - INFO - Attempting to load custom table 'toa_yade_summary'
2025-12-05 15:50:30 - OTMS - INFO - Reflecting table 'toa_yade_summary' from flex database...
2025-12-05 15:50:30 - OTMS - INFO - Successfully created model for table 'toa_yade_summary' from flex database
2025-12-05 15:50:30 - OTMS - INFO - Successfully loaded custom table model for 'toa_yade_summary'
2025-12-05 15:50:30 - OTMS - INFO - Retrieved 20 columns for data source 'toa_yade_summary'
2025-12-05 15:50:30 - OTMS - INFO - Attempting to load custom table 'yade_voyage'
2025-12-05 15:50:30 - OTMS - INFO - Reflecting table 'yade_voyage' from flex database...
2025-12-05 15:50:30 - OTMS - INFO - Successfully created model for table 'yade_voyage' from flex database
2025-12-05 15:50:30 - OTMS - INFO - Successfully loaded custom table model for 'yade_voyage'
2025-12-05 15:50:30 - OTMS - INFO - Retrieved 19 columns for data source 'yade_voyage'
2025-12-05 15:50:30 - OTMS - INFO - Attempting to load custom table 'yade_voyage'
2025-12-05 15:50:30 - OTMS - INFO - Reflecting table 'yade_voyage' from flex database...
2025-12-05 15:50:30 - OTMS - INFO - Successfully created model for table 'yade_voyage' from flex database
2025-12-05 15:50:30 - OTMS - INFO - Successfully loaded custom table model for 'yade_voyage'
2025-12-05 15:50:30 - OTMS - INFO - Retrieved 19 columns for data source 'yade_voyage'
2025-12-05 15:50:30 - OTMS - INFO - Attempting to load custom table 'yade_voyage'
2025-12-05 15:50:30 - OTMS - INFO - Reflecting table 'yade_voyage' from flex database...
2025-12-05 15:50:30 - OTMS - INFO - Successfully created model for table 'yade_voyage' from flex database
2025-12-05 15:50:30 - OTMS - INFO - Successfully loaded custom table model for 'yade_voyage'
2025-12-05 15:50:30 - OTMS - INFO - Retrieved 19 columns for data source 'yade_voyage'
2025-12-05 15:50:30 - OTMS - INFO - Attempting to load custom table 'toa_yade_summary'
2025-12-05 15:50:30 - OTMS - INFO - Reflecting table 'toa_yade_summary' from flex database...
2025-12-05 15:50:30 - OTMS - INFO - Successfully created model for table 'toa_yade_summary' from flex database
2025-12-05 15:50:30 - OTMS - INFO - Successfully loaded custom table model for 'toa_yade_summary'
2025-12-05 15:50:30 - OTMS - INFO - Retrieved 20 columns for data source 'toa_yade_summary'
2025-12-05 15:50:30 - OTMS - INFO - Attempting to load custom table 'audit_log'
2025-12-05 15:50:30 - OTMS - INFO - Reflecting table 'audit_log' from flex database...
2025-12-05 15:50:30 - OTMS - INFO - Successfully created model for table 'audit_log' from flex database
2025-12-05 15:50:30 - OTMS - INFO - Successfully loaded custom table model for 'audit_log'
2025-12-05 15:50:30 - OTMS - INFO - Retrieved 11 columns for data source 'audit_log'
2025-12-05 15:50:30 - OTMS - INFO - Attempting to load custom table 'audit_log'
2025-12-05 15:50:30 - OTMS - INFO - Reflecting table 'audit_log' from flex database...
2025-12-05 15:50:30 - OTMS - INFO - Successfully created model for table 'audit_log' from flex database
2025-12-05 15:50:30 - OTMS - INFO - Successfully loaded custom table model for 'audit_log'
2025-12-05 15:50:30 - OTMS - INFO - Retrieved 11 columns for data source 'audit_log'
2025-12-05 15:50:39 - OTMS - INFO - Loaded 68 tables from primary database
2025-12-05 15:50:39 - OTMS - INFO - Loaded 68 tables from flexible database
2025-12-05 15:50:39 - OTMS - INFO - Added 0 additional custom tables from location_config
2025-12-05 15:50:39 - OTMS - INFO - Attempting to load custom table 'yade_voyage'
2025-12-05 15:50:39 - OTMS - INFO - Reflecting table 'yade_voyage' from flex database...
2025-12-05 15:50:39 - OTMS - INFO - Successfully created model for table 'yade_voyage' from flex database
2025-12-05 15:50:39 - OTMS - INFO - Successfully loaded custom table model for 'yade_voyage'
2025-12-05 15:50:39 - OTMS - INFO - Retrieved 19 columns for data source 'yade_voyage'
2025-12-05 15:50:39 - OTMS - INFO - Attempting to load custom table 'toa_yade_summary'
2025-12-05 15:50:39 - OTMS - INFO - Reflecting table 'toa_yade_summary' from flex database...
2025-12-05 15:50:39 - OTMS - INFO - Successfully created model for table 'toa_yade_summary' from flex database
2025-12-05 15:50:39 - OTMS - INFO - Successfully loaded custom table model for 'toa_yade_summary'
2025-12-05 15:50:39 - OTMS - INFO - Retrieved 20 columns for data source 'toa_yade_summary'
2025-12-05 15:50:39 - OTMS - INFO - Attempting to load custom table 'yade_voyage'
2025-12-05 15:50:39 - OTMS - INFO - Reflecting table 'yade_voyage' from flex database...
2025-12-05 15:50:39 - OTMS - INFO - Successfully created model for table 'yade_voyage' from flex database
2025-12-05 15:50:39 - OTMS - INFO - Successfully loaded custom table model for 'yade_voyage'
2025-12-05 15:50:39 - OTMS - INFO - Retrieved 19 columns for data source 'yade_voyage'
2025-12-05 15:50:39 - OTMS - INFO - Attempting to load custom table 'yade_voyage'
2025-12-05 15:50:39 - OTMS - INFO - Reflecting table 'yade_voyage' from flex database...
2025-12-05 15:50:39 - OTMS - INFO - Successfully created model for table 'yade_voyage' from flex database
2025-12-05 15:50:39 - OTMS - INFO - Successfully loaded custom table model for 'yade_voyage'
2025-12-05 15:50:39 - OTMS - INFO - Retrieved 19 columns for data source 'yade_voyage'
2025-12-05 15:50:39 - OTMS - INFO - Attempting to load custom table 'yade_voyage'
2025-12-05 15:50:39 - OTMS - INFO - Reflecting table 'yade_voyage' from flex database...
2025-12-05 15:50:39 - OTMS - INFO - Successfully created model for table 'yade_voyage' from flex database
2025-12-05 15:50:39 - OTMS - INFO - Successfully loaded custom table model for 'yade_voyage'
2025-12-05 15:50:39 - OTMS - INFO - Retrieved 19 columns for data source 'yade_voyage'
2025-12-05 15:50:39 - OTMS - INFO - Attempting to load custom table 'toa_yade_summary'
2025-12-05 15:50:39 - OTMS - INFO - Reflecting table 'toa_yade_summary' from flex database...
2025-12-05 15:50:39 - OTMS - INFO - Successfully created model for table 'toa_yade_summary' from flex database
2025-12-05 15:50:39 - OTMS - INFO - Successfully loaded custom table model for 'toa_yade_summary'
2025-12-05 15:50:39 - OTMS - INFO - Retrieved 20 columns for data source 'toa_yade_summary'
2025-12-05 15:50:39 - OTMS - INFO - Attempting to load custom table 'audit_log'
2025-12-05 15:50:39 - OTMS - INFO - Reflecting table 'audit_log' from flex database...
2025-12-05 15:50:39 - OTMS - INFO - Successfully created model for table 'audit_log' from flex database
2025-12-05 15:50:39 - OTMS - INFO - Successfully loaded custom table model for 'audit_log'
2025-12-05 15:50:39 - OTMS - INFO - Retrieved 11 columns for data source 'audit_log'
2025-12-05 15:50:39 - OTMS - INFO - Attempting to load custom table 'audit_log'
2025-12-05 15:50:39 - OTMS - INFO - Reflecting table 'audit_log' from flex database...
2025-12-05 15:50:39 - OTMS - INFO - Successfully created model for table 'audit_log' from flex database
2025-12-05 15:50:39 - OTMS - INFO - Successfully loaded custom table model for 'audit_log'
2025-12-05 15:50:39 - OTMS - INFO - Retrieved 11 columns for data source 'audit_log'
2025-12-05 15:50:44 - OTMS - INFO - Loaded 68 tables from primary database
2025-12-05 15:50:44 - OTMS - INFO - Loaded 68 tables from flexible database
2025-12-05 15:50:44 - OTMS - INFO - Added 0 additional custom tables from location_config
2025-12-05 15:50:44 - OTMS - INFO - Attempting to load custom table 'yade_voyage'
2025-12-05 15:50:44 - OTMS - INFO - Reflecting table 'yade_voyage' from flex database...
2025-12-05 15:50:44 - OTMS - INFO - Successfully created model for table 'yade_voyage' from flex database
2025-12-05 15:50:44 - OTMS - INFO - Successfully loaded custom table model for 'yade_voyage'
2025-12-05 15:50:44 - OTMS - INFO - Retrieved 19 columns for data source 'yade_voyage'
2025-12-05 15:50:44 - OTMS - INFO - Attempting to load custom table 'toa_yade_summary'
2025-12-05 15:50:44 - OTMS - INFO - Reflecting table 'toa_yade_summary' from flex database...
2025-12-05 15:50:44 - OTMS - INFO - Successfully created model for table 'toa_yade_summary' from flex database
2025-12-05 15:50:44 - OTMS - INFO - Successfully loaded custom table model for 'toa_yade_summary'
2025-12-05 15:50:44 - OTMS - INFO - Retrieved 20 columns for data source 'toa_yade_summary'
2025-12-05 15:50:44 - OTMS - INFO - Attempting to load custom table 'yade_voyage'
2025-12-05 15:50:44 - OTMS - INFO - Reflecting table 'yade_voyage' from flex database...
2025-12-05 15:50:44 - OTMS - INFO - Successfully created model for table 'yade_voyage' from flex database
2025-12-05 15:50:44 - OTMS - INFO - Successfully loaded custom table model for 'yade_voyage'
2025-12-05 15:50:44 - OTMS - INFO - Retrieved 19 columns for data source 'yade_voyage'
2025-12-05 15:50:44 - OTMS - INFO - Attempting to load custom table 'yade_voyage'
2025-12-05 15:50:44 - OTMS - INFO - Reflecting table 'yade_voyage' from flex database...
2025-12-05 15:50:44 - OTMS - INFO - Successfully created model for table 'yade_voyage' from flex database
2025-12-05 15:50:44 - OTMS - INFO - Successfully loaded custom table model for 'yade_voyage'
2025-12-05 15:50:44 - OTMS - INFO - Retrieved 19 columns for data source 'yade_voyage'
2025-12-05 15:50:44 - OTMS - INFO - Attempting to load custom table 'yade_voyage'
2025-12-05 15:50:44 - OTMS - INFO - Reflecting table 'yade_voyage' from flex database...
2025-12-05 15:50:44 - OTMS - INFO - Successfully created model for table 'yade_voyage' from flex database
2025-12-05 15:50:44 - OTMS - INFO - Successfully loaded custom table model for 'yade_voyage'
2025-12-05 15:50:44 - OTMS - INFO - Retrieved 19 columns for data source 'yade_voyage'
2025-12-05 15:50:44 - OTMS - INFO - Attempting to load custom table 'toa_yade_summary'
2025-12-05 15:50:44 - OTMS - INFO - Reflecting table 'toa_yade_summary' from flex database...
2025-12-05 15:50:44 - OTMS - INFO - Successfully created model for table 'toa_yade_summary' from flex database
2025-12-05 15:50:44 - OTMS - INFO - Successfully loaded custom table model for 'toa_yade_summary'
2025-12-05 15:50:44 - OTMS - INFO - Retrieved 20 columns for data source 'toa_yade_summary'
2025-12-05 15:50:44 - OTMS - INFO - Attempting to load custom table 'audit_log'
2025-12-05 15:50:44 - OTMS - INFO - Reflecting table 'audit_log' from flex database...
2025-12-05 15:50:44 - OTMS - INFO - Successfully created model for table 'audit_log' from flex database
2025-12-05 15:50:44 - OTMS - INFO - Successfully loaded custom table model for 'audit_log'
2025-12-05 15:50:44 - OTMS - INFO - Retrieved 11 columns for data source 'audit_log'
2025-12-05 15:50:44 - OTMS - INFO - Attempting to load custom table 'audit_log'
2025-12-05 15:50:44 - OTMS - INFO - Reflecting table 'audit_log' from flex database...
2025-12-05 15:50:44 - OTMS - INFO - Successfully created model for table 'audit_log' from flex database
2025-12-05 15:50:44 - OTMS - INFO - Successfully loaded custom table model for 'audit_log'
2025-12-05 15:50:44 - OTMS - INFO - Retrieved 11 columns for data source 'audit_log'
2025-12-05 15:50:46 - OTMS - INFO - Loaded 68 tables from primary database
2025-12-05 15:50:46 - OTMS - INFO - Loaded 68 tables from flexible database
2025-12-05 15:50:46 - OTMS - INFO - Added 0 additional custom tables from location_config
2025-12-05 15:50:46 - OTMS - INFO - Attempting to load custom table 'yade_voyage'
2025-12-05 15:50:46 - OTMS - INFO - Reflecting table 'yade_voyage' from flex database...
2025-12-05 15:50:46 - OTMS - INFO - Successfully created model for table 'yade_voyage' from flex database
2025-12-05 15:50:46 - OTMS - INFO - Successfully loaded custom table model for 'yade_voyage'
2025-12-05 15:50:46 - OTMS - INFO - Retrieved 19 columns for data source 'yade_voyage'
2025-12-05 15:50:46 - OTMS - INFO - Attempting to load custom table 'toa_yade_summary'
2025-12-05 15:50:46 - OTMS - INFO - Reflecting table 'toa_yade_summary' from flex database...
2025-12-05 15:50:46 - OTMS - INFO - Successfully created model for table 'toa_yade_summary' from flex database
2025-12-05 15:50:46 - OTMS - INFO - Successfully loaded custom table model for 'toa_yade_summary'
2025-12-05 15:50:46 - OTMS - INFO - Retrieved 20 columns for data source 'toa_yade_summary'
2025-12-05 15:50:46 - OTMS - INFO - Attempting to load custom table 'yade_voyage'
2025-12-05 15:50:46 - OTMS - INFO - Reflecting table 'yade_voyage' from flex database...
2025-12-05 15:50:46 - OTMS - INFO - Successfully created model for table 'yade_voyage' from flex database
2025-12-05 15:50:46 - OTMS - INFO - Successfully loaded custom table model for 'yade_voyage'
2025-12-05 15:50:46 - OTMS - INFO - Retrieved 19 columns for data source 'yade_voyage'
2025-12-05 15:50:46 - OTMS - INFO - Attempting to load custom table 'yade_voyage'
2025-12-05 15:50:46 - OTMS - INFO - Reflecting table 'yade_voyage' from flex database...
2025-12-05 15:50:46 - OTMS - INFO - Successfully created model for table 'yade_voyage' from flex database
2025-12-05 15:50:46 - OTMS - INFO - Successfully loaded custom table model for 'yade_voyage'
2025-12-05 15:50:46 - OTMS - INFO - Retrieved 19 columns for data source 'yade_voyage'
2025-12-05 15:50:46 - OTMS - INFO - Attempting to load custom table 'yade_voyage'
2025-12-05 15:50:46 - OTMS - INFO - Reflecting table 'yade_voyage' from flex database...
2025-12-05 15:50:46 - OTMS - INFO - Successfully created model for table 'yade_voyage' from flex database
2025-12-05 15:50:46 - OTMS - INFO - Successfully loaded custom table model for 'yade_voyage'
2025-12-05 15:50:46 - OTMS - INFO - Retrieved 19 columns for data source 'yade_voyage'
2025-12-05 15:50:46 - OTMS - INFO - Attempting to load custom table 'toa_yade_summary'
2025-12-05 15:50:46 - OTMS - INFO - Reflecting table 'toa_yade_summary' from flex database...
2025-12-05 15:50:46 - OTMS - INFO - Successfully created model for table 'toa_yade_summary' from flex database
2025-12-05 15:50:46 - OTMS - INFO - Successfully loaded custom table model for 'toa_yade_summary'
2025-12-05 15:50:46 - OTMS - INFO - Retrieved 20 columns for data source 'toa_yade_summary'
2025-12-05 15:50:46 - OTMS - INFO - Attempting to load custom table 'audit_log'
2025-12-05 15:50:46 - OTMS - INFO - Reflecting table 'audit_log' from flex database...
2025-12-05 15:50:46 - OTMS - INFO - Successfully created model for table 'audit_log' from flex database
2025-12-05 15:50:46 - OTMS - INFO - Successfully loaded custom table model for 'audit_log'
2025-12-05 15:50:46 - OTMS - INFO - Retrieved 11 columns for data source 'audit_log'
2025-12-05 15:50:46 - OTMS - INFO - Attempting to load custom table 'audit_log'
2025-12-05 15:50:46 - OTMS - INFO - Reflecting table 'audit_log' from flex database...
2025-12-05 15:50:46 - OTMS - INFO - Successfully created model for table 'audit_log' from flex database
2025-12-05 15:50:46 - OTMS - INFO - Successfully loaded custom table model for 'audit_log'
2025-12-05 15:50:46 - OTMS - INFO - Retrieved 11 columns for data source 'audit_log'
2025-12-05 15:50:51 - OTMS - INFO - Loaded 68 tables from primary database
2025-12-05 15:50:51 - OTMS - INFO - Loaded 68 tables from flexible database
2025-12-05 15:50:51 - OTMS - INFO - Added 0 additional custom tables from location_config
2025-12-05 15:50:51 - OTMS - INFO - Attempting to load custom table 'yade_voyage'
2025-12-05 15:50:51 - OTMS - INFO - Reflecting table 'yade_voyage' from flex database...
2025-12-05 15:50:51 - OTMS - INFO - Successfully created model for table 'yade_voyage' from flex database
2025-12-05 15:50:51 - OTMS - INFO - Successfully loaded custom table model for 'yade_voyage'
2025-12-05 15:50:51 - OTMS - INFO - Retrieved 19 columns for data source 'yade_voyage'
2025-12-05 15:50:51 - OTMS - INFO - Attempting to load custom table 'toa_yade_summary'
2025-12-05 15:50:51 - OTMS - INFO - Reflecting table 'toa_yade_summary' from flex database...
2025-12-05 15:50:51 - OTMS - INFO - Successfully created model for table 'toa_yade_summary' from flex database
2025-12-05 15:50:51 - OTMS - INFO - Successfully loaded custom table model for 'toa_yade_summary'
2025-12-05 15:50:51 - OTMS - INFO - Retrieved 20 columns for data source 'toa_yade_summary'
2025-12-05 15:50:51 - OTMS - INFO - Attempting to load custom table 'yade_voyage'
2025-12-05 15:50:51 - OTMS - INFO - Reflecting table 'yade_voyage' from flex database...
2025-12-05 15:50:51 - OTMS - INFO - Successfully created model for table 'yade_voyage' from flex database
2025-12-05 15:50:51 - OTMS - INFO - Successfully loaded custom table model for 'yade_voyage'
2025-12-05 15:50:51 - OTMS - INFO - Retrieved 19 columns for data source 'yade_voyage'
2025-12-05 15:50:51 - OTMS - INFO - Attempting to load custom table 'yade_voyage'
2025-12-05 15:50:51 - OTMS - INFO - Reflecting table 'yade_voyage' from flex database...
2025-12-05 15:50:51 - OTMS - INFO - Successfully created model for table 'yade_voyage' from flex database
2025-12-05 15:50:51 - OTMS - INFO - Successfully loaded custom table model for 'yade_voyage'
2025-12-05 15:50:51 - OTMS - INFO - Retrieved 19 columns for data source 'yade_voyage'
2025-12-05 15:50:51 - OTMS - INFO - Attempting to load custom table 'yade_voyage'
2025-12-05 15:50:51 - OTMS - INFO - Reflecting table 'yade_voyage' from flex database...
2025-12-05 15:50:51 - OTMS - INFO - Successfully created model for table 'yade_voyage' from flex database
2025-12-05 15:50:51 - OTMS - INFO - Successfully loaded custom table model for 'yade_voyage'
2025-12-05 15:50:51 - OTMS - INFO - Retrieved 19 columns for data source 'yade_voyage'
2025-12-05 15:50:51 - OTMS - INFO - Attempting to load custom table 'toa_yade_summary'
2025-12-05 15:50:51 - OTMS - INFO - Reflecting table 'toa_yade_summary' from flex database...
2025-12-05 15:50:51 - OTMS - INFO - Successfully created model for table 'toa_yade_summary' from flex database
2025-12-05 15:50:51 - OTMS - INFO - Successfully loaded custom table model for 'toa_yade_summary'
2025-12-05 15:50:51 - OTMS - INFO - Retrieved 20 columns for data source 'toa_yade_summary'
2025-12-05 15:50:51 - OTMS - INFO - Attempting to load custom table 'audit_log'
2025-12-05 15:50:51 - OTMS - INFO - Reflecting table 'audit_log' from flex database...
2025-12-05 15:50:52 - OTMS - INFO - Successfully created model for table 'audit_log' from flex database
2025-12-05 15:50:52 - OTMS - INFO - Successfully loaded custom table model for 'audit_log'
2025-12-05 15:50:52 - OTMS - INFO - Retrieved 11 columns for data source 'audit_log'
2025-12-05 15:50:52 - OTMS - INFO - Attempting to load custom table 'audit_log'
2025-12-05 15:50:52 - OTMS - INFO - Reflecting table 'audit_log' from flex database...
2025-12-05 15:50:52 - OTMS - INFO - Successfully created model for table 'audit_log' from flex database
2025-12-05 15:50:52 - OTMS - INFO - Successfully loaded custom table model for 'audit_log'
2025-12-05 15:50:52 - OTMS - INFO - Retrieved 11 columns for data source 'audit_log'
2025-12-05 15:50:57 - OTMS - INFO - Loaded 68 tables from primary database
2025-12-05 15:50:57 - OTMS - INFO - Loaded 68 tables from flexible database
2025-12-05 15:50:57 - OTMS - INFO - Added 0 additional custom tables from location_config
2025-12-05 15:50:57 - OTMS - INFO - Attempting to load custom table 'yade_voyage'
2025-12-05 15:50:57 - OTMS - INFO - Reflecting table 'yade_voyage' from flex database...
2025-12-05 15:50:57 - OTMS - INFO - Successfully created model for table 'yade_voyage' from flex database
2025-12-05 15:50:57 - OTMS - INFO - Successfully loaded custom table model for 'yade_voyage'
2025-12-05 15:50:57 - OTMS - INFO - Retrieved 19 columns for data source 'yade_voyage'
2025-12-05 15:50:57 - OTMS - INFO - Attempting to load custom table 'toa_yade_summary'
2025-12-05 15:50:57 - OTMS - INFO - Reflecting table 'toa_yade_summary' from flex database...
2025-12-05 15:50:57 - OTMS - INFO - Successfully created model for table 'toa_yade_summary' from flex database
2025-12-05 15:50:57 - OTMS - INFO - Successfully loaded custom table model for 'toa_yade_summary'
2025-12-05 15:50:57 - OTMS - INFO - Retrieved 20 columns for data source 'toa_yade_summary'
2025-12-05 15:50:57 - OTMS - INFO - Attempting to load custom table 'yade_voyage'
2025-12-05 15:50:57 - OTMS - INFO - Reflecting table 'yade_voyage' from flex database...
2025-12-05 15:50:57 - OTMS - INFO - Successfully created model for table 'yade_voyage' from flex database
2025-12-05 15:50:57 - OTMS - INFO - Successfully loaded custom table model for 'yade_voyage'
2025-12-05 15:50:57 - OTMS - INFO - Retrieved 19 columns for data source 'yade_voyage'
2025-12-05 15:50:57 - OTMS - INFO - Attempting to load custom table 'yade_voyage'
2025-12-05 15:50:57 - OTMS - INFO - Reflecting table 'yade_voyage' from flex database...
2025-12-05 15:50:57 - OTMS - INFO - Successfully created model for table 'yade_voyage' from flex database
2025-12-05 15:50:57 - OTMS - INFO - Successfully loaded custom table model for 'yade_voyage'
2025-12-05 15:50:57 - OTMS - INFO - Retrieved 19 columns for data source 'yade_voyage'
2025-12-05 15:50:57 - OTMS - INFO - Attempting to load custom table 'yade_voyage'
2025-12-05 15:50:57 - OTMS - INFO - Reflecting table 'yade_voyage' from flex database...
2025-12-05 15:50:57 - OTMS - INFO - Successfully created model for table 'yade_voyage' from flex database
2025-12-05 15:50:57 - OTMS - INFO - Successfully loaded custom table model for 'yade_voyage'
2025-12-05 15:50:57 - OTMS - INFO - Retrieved 19 columns for data source 'yade_voyage'
2025-12-05 15:50:57 - OTMS - INFO - Attempting to load custom table 'toa_yade_summary'
2025-12-05 15:50:57 - OTMS - INFO - Reflecting table 'toa_yade_summary' from flex database...
2025-12-05 15:50:57 - OTMS - INFO - Successfully created model for table 'toa_yade_summary' from flex database
2025-12-05 15:50:57 - OTMS - INFO - Successfully loaded custom table model for 'toa_yade_summary'
2025-12-05 15:50:57 - OTMS - INFO - Retrieved 20 columns for data source 'toa_yade_summary'
2025-12-05 15:50:57 - OTMS - INFO - Attempting to load custom table 'toa_yade_summary'
2025-12-05 15:50:57 - OTMS - INFO - Reflecting table 'toa_yade_summary' from flex database...
2025-12-05 15:50:57 - OTMS - INFO - Successfully created model for table 'toa_yade_summary' from flex database
2025-12-05 15:50:57 - OTMS - INFO - Successfully loaded custom table model for 'toa_yade_summary'
2025-12-05 15:50:57 - OTMS - INFO - Retrieved 20 columns for data source 'toa_yade_summary'
2025-12-05 15:50:58 - OTMS - INFO - Attempting to load custom table 'audit_log'
2025-12-05 15:50:58 - OTMS - INFO - Reflecting table 'audit_log' from flex database...
2025-12-05 15:50:58 - OTMS - INFO - Successfully created model for table 'audit_log' from flex database
2025-12-05 15:50:58 - OTMS - INFO - Successfully loaded custom table model for 'audit_log'
2025-12-05 15:50:58 - OTMS - INFO - Retrieved 11 columns for data source 'audit_log'
2025-12-05 15:51:01 - OTMS - INFO - Loaded 68 tables from primary database
2025-12-05 15:51:01 - OTMS - INFO - Loaded 68 tables from flexible database
2025-12-05 15:51:01 - OTMS - INFO - Added 0 additional custom tables from location_config
2025-12-05 15:51:01 - OTMS - INFO - Attempting to load custom table 'yade_voyage'
2025-12-05 15:51:01 - OTMS - INFO - Reflecting table 'yade_voyage' from flex database...
2025-12-05 15:51:01 - OTMS - INFO - Successfully created model for table 'yade_voyage' from flex database
2025-12-05 15:51:01 - OTMS - INFO - Successfully loaded custom table model for 'yade_voyage'
2025-12-05 15:51:01 - OTMS - INFO - Retrieved 19 columns for data source 'yade_voyage'
2025-12-05 15:51:01 - OTMS - INFO - Attempting to load custom table 'toa_yade_summary'
2025-12-05 15:51:01 - OTMS - INFO - Reflecting table 'toa_yade_summary' from flex database...
2025-12-05 15:51:01 - OTMS - INFO - Successfully created model for table 'toa_yade_summary' from flex database
2025-12-05 15:51:01 - OTMS - INFO - Successfully loaded custom table model for 'toa_yade_summary'
2025-12-05 15:51:01 - OTMS - INFO - Retrieved 20 columns for data source 'toa_yade_summary'
2025-12-05 15:51:01 - OTMS - INFO - Attempting to load custom table 'yade_voyage'
2025-12-05 15:51:01 - OTMS - INFO - Reflecting table 'yade_voyage' from flex database...
2025-12-05 15:51:01 - OTMS - INFO - Successfully created model for table 'yade_voyage' from flex database
2025-12-05 15:51:01 - OTMS - INFO - Successfully loaded custom table model for 'yade_voyage'
2025-12-05 15:51:01 - OTMS - INFO - Retrieved 19 columns for data source 'yade_voyage'
2025-12-05 15:51:01 - OTMS - INFO - Attempting to load custom table 'yade_voyage'
2025-12-05 15:51:01 - OTMS - INFO - Reflecting table 'yade_voyage' from flex database...
2025-12-05 15:51:01 - OTMS - INFO - Successfully created model for table 'yade_voyage' from flex database
2025-12-05 15:51:01 - OTMS - INFO - Successfully loaded custom table model for 'yade_voyage'
2025-12-05 15:51:01 - OTMS - INFO - Retrieved 19 columns for data source 'yade_voyage'
2025-12-05 15:51:01 - OTMS - INFO - Attempting to load custom table 'yade_voyage'
2025-12-05 15:51:01 - OTMS - INFO - Reflecting table 'yade_voyage' from flex database...
2025-12-05 15:51:01 - OTMS - INFO - Successfully created model for table 'yade_voyage' from flex database
2025-12-05 15:51:01 - OTMS - INFO - Successfully loaded custom table model for 'yade_voyage'
2025-12-05 15:51:01 - OTMS - INFO - Retrieved 19 columns for data source 'yade_voyage'
2025-12-05 15:51:01 - OTMS - INFO - Attempting to load custom table 'toa_yade_summary'
2025-12-05 15:51:01 - OTMS - INFO - Reflecting table 'toa_yade_summary' from flex database...
2025-12-05 15:51:01 - OTMS - INFO - Successfully created model for table 'toa_yade_summary' from flex database
2025-12-05 15:51:01 - OTMS - INFO - Successfully loaded custom table model for 'toa_yade_summary'
2025-12-05 15:51:01 - OTMS - INFO - Retrieved 20 columns for data source 'toa_yade_summary'
2025-12-05 15:51:01 - OTMS - INFO - Attempting to load custom table 'toa_yade_summary'
2025-12-05 15:51:01 - OTMS - INFO - Reflecting table 'toa_yade_summary' from flex database...
2025-12-05 15:51:01 - OTMS - INFO - Successfully created model for table 'toa_yade_summary' from flex database
2025-12-05 15:51:01 - OTMS - INFO - Successfully loaded custom table model for 'toa_yade_summary'
2025-12-05 15:51:01 - OTMS - INFO - Retrieved 20 columns for data source 'toa_yade_summary'
2025-12-05 15:51:01 - OTMS - INFO - Attempting to load custom table 'audit_log'
2025-12-05 15:51:01 - OTMS - INFO - Reflecting table 'audit_log' from flex database...
2025-12-05 15:51:01 - OTMS - INFO - Successfully created model for table 'audit_log' from flex database
2025-12-05 15:51:01 - OTMS - INFO - Successfully loaded custom table model for 'audit_log'
2025-12-05 15:51:01 - OTMS - INFO - Retrieved 11 columns for data source 'audit_log'
2025-12-05 15:51:08 - OTMS - INFO - Loaded 68 tables from primary database
2025-12-05 15:51:08 - OTMS - INFO - Loaded 68 tables from flexible database
2025-12-05 15:51:08 - OTMS - INFO - Added 0 additional custom tables from location_config
2025-12-05 15:51:08 - OTMS - INFO - Attempting to load custom table 'yade_voyage'
2025-12-05 15:51:08 - OTMS - INFO - Reflecting table 'yade_voyage' from flex database...
2025-12-05 15:51:08 - OTMS - INFO - Successfully created model for table 'yade_voyage' from flex database
2025-12-05 15:51:08 - OTMS - INFO - Successfully loaded custom table model for 'yade_voyage'
2025-12-05 15:51:08 - OTMS - INFO - Retrieved 19 columns for data source 'yade_voyage'
2025-12-05 15:51:08 - OTMS - INFO - Attempting to load custom table 'toa_yade_summary'
2025-12-05 15:51:08 - OTMS - INFO - Reflecting table 'toa_yade_summary' from flex database...
2025-12-05 15:51:08 - OTMS - INFO - Successfully created model for table 'toa_yade_summary' from flex database
2025-12-05 15:51:08 - OTMS - INFO - Successfully loaded custom table model for 'toa_yade_summary'
2025-12-05 15:51:08 - OTMS - INFO - Retrieved 20 columns for data source 'toa_yade_summary'
2025-12-05 15:51:08 - OTMS - INFO - Attempting to load custom table 'yade_voyage'
2025-12-05 15:51:08 - OTMS - INFO - Reflecting table 'yade_voyage' from flex database...
2025-12-05 15:51:08 - OTMS - INFO - Successfully created model for table 'yade_voyage' from flex database
2025-12-05 15:51:08 - OTMS - INFO - Successfully loaded custom table model for 'yade_voyage'
2025-12-05 15:51:08 - OTMS - INFO - Retrieved 19 columns for data source 'yade_voyage'
2025-12-05 15:51:08 - OTMS - INFO - Attempting to load custom table 'yade_voyage'
2025-12-05 15:51:08 - OTMS - INFO - Reflecting table 'yade_voyage' from flex database...
2025-12-05 15:51:08 - OTMS - INFO - Successfully created model for table 'yade_voyage' from flex database
2025-12-05 15:51:08 - OTMS - INFO - Successfully loaded custom table model for 'yade_voyage'
2025-12-05 15:51:08 - OTMS - INFO - Retrieved 19 columns for data source 'yade_voyage'
2025-12-05 15:51:08 - OTMS - INFO - Attempting to load custom table 'yade_voyage'
2025-12-05 15:51:08 - OTMS - INFO - Reflecting table 'yade_voyage' from flex database...
2025-12-05 15:51:08 - OTMS - INFO - Successfully created model for table 'yade_voyage' from flex database
2025-12-05 15:51:08 - OTMS - INFO - Successfully loaded custom table model for 'yade_voyage'
2025-12-05 15:51:08 - OTMS - INFO - Retrieved 19 columns for data source 'yade_voyage'
2025-12-05 15:51:08 - OTMS - INFO - Attempting to load custom table 'toa_yade_summary'
2025-12-05 15:51:08 - OTMS - INFO - Reflecting table 'toa_yade_summary' from flex database...
2025-12-05 15:51:08 - OTMS - INFO - Successfully created model for table 'toa_yade_summary' from flex database
2025-12-05 15:51:08 - OTMS - INFO - Successfully loaded custom table model for 'toa_yade_summary'
2025-12-05 15:51:08 - OTMS - INFO - Retrieved 20 columns for data source 'toa_yade_summary'
2025-12-05 15:51:08 - OTMS - INFO - Attempting to load custom table 'toa_yade_summary'
2025-12-05 15:51:08 - OTMS - INFO - Reflecting table 'toa_yade_summary' from flex database...
2025-12-05 15:51:08 - OTMS - INFO - Successfully created model for table 'toa_yade_summary' from flex database
2025-12-05 15:51:08 - OTMS - INFO - Successfully loaded custom table model for 'toa_yade_summary'
2025-12-05 15:51:08 - OTMS - INFO - Retrieved 20 columns for data source 'toa_yade_summary'
2025-12-05 15:51:08 - OTMS - INFO - Attempting to load custom table 'audit_log'
2025-12-05 15:51:08 - OTMS - INFO - Reflecting table 'audit_log' from flex database...
2025-12-05 15:51:08 - OTMS - INFO - Successfully created model for table 'audit_log' from flex database
2025-12-05 15:51:08 - OTMS - INFO - Successfully loaded custom table model for 'audit_log'
2025-12-05 15:51:08 - OTMS - INFO - Retrieved 11 columns for data source 'audit_log'
2025-12-05 15:51:14 - OTMS - INFO - Loaded 68 tables from primary database
2025-12-05 15:51:14 - OTMS - INFO - Loaded 68 tables from flexible database
2025-12-05 15:51:14 - OTMS - INFO - Added 0 additional custom tables from location_config
2025-12-05 15:51:14 - OTMS - INFO - Attempting to load custom table 'yade_voyage'
2025-12-05 15:51:14 - OTMS - INFO - Reflecting table 'yade_voyage' from flex database...
2025-12-05 15:51:14 - OTMS - INFO - Successfully created model for table 'yade_voyage' from flex database
2025-12-05 15:51:14 - OTMS - INFO - Successfully loaded custom table model for 'yade_voyage'
2025-12-05 15:51:14 - OTMS - INFO - Retrieved 19 columns for data source 'yade_voyage'
2025-12-05 15:51:14 - OTMS - INFO - Attempting to load custom table 'toa_yade_summary'
2025-12-05 15:51:14 - OTMS - INFO - Reflecting table 'toa_yade_summary' from flex database...
2025-12-05 15:51:14 - OTMS - INFO - Successfully created model for table 'toa_yade_summary' from flex database
2025-12-05 15:51:14 - OTMS - INFO - Successfully loaded custom table model for 'toa_yade_summary'
2025-12-05 15:51:14 - OTMS - INFO - Retrieved 20 columns for data source 'toa_yade_summary'
2025-12-05 15:51:14 - OTMS - INFO - Attempting to load custom table 'yade_voyage'
2025-12-05 15:51:14 - OTMS - INFO - Reflecting table 'yade_voyage' from flex database...
2025-12-05 15:51:14 - OTMS - INFO - Successfully created model for table 'yade_voyage' from flex database
2025-12-05 15:51:14 - OTMS - INFO - Successfully loaded custom table model for 'yade_voyage'
2025-12-05 15:51:14 - OTMS - INFO - Retrieved 19 columns for data source 'yade_voyage'
2025-12-05 15:51:14 - OTMS - INFO - Attempting to load custom table 'yade_voyage'
2025-12-05 15:51:14 - OTMS - INFO - Reflecting table 'yade_voyage' from flex database...
2025-12-05 15:51:14 - OTMS - INFO - Successfully created model for table 'yade_voyage' from flex database
2025-12-05 15:51:14 - OTMS - INFO - Successfully loaded custom table model for 'yade_voyage'
2025-12-05 15:51:14 - OTMS - INFO - Retrieved 19 columns for data source 'yade_voyage'
2025-12-05 15:51:14 - OTMS - INFO - Attempting to load custom table 'yade_voyage'
2025-12-05 15:51:14 - OTMS - INFO - Reflecting table 'yade_voyage' from flex database...
2025-12-05 15:51:14 - OTMS - INFO - Successfully created model for table 'yade_voyage' from flex database
2025-12-05 15:51:14 - OTMS - INFO - Successfully loaded custom table model for 'yade_voyage'
2025-12-05 15:51:14 - OTMS - INFO - Retrieved 19 columns for data source 'yade_voyage'
2025-12-05 15:51:14 - OTMS - INFO - Attempting to load custom table 'toa_yade_summary'
2025-12-05 15:51:14 - OTMS - INFO - Reflecting table 'toa_yade_summary' from flex database...
2025-12-05 15:51:14 - OTMS - INFO - Successfully created model for table 'toa_yade_summary' from flex database
2025-12-05 15:51:14 - OTMS - INFO - Successfully loaded custom table model for 'toa_yade_summary'
2025-12-05 15:51:14 - OTMS - INFO - Retrieved 20 columns for data source 'toa_yade_summary'
2025-12-05 15:51:14 - OTMS - INFO - Attempting to load custom table 'toa_yade_summary'
2025-12-05 15:51:14 - OTMS - INFO - Reflecting table 'toa_yade_summary' from flex database...
2025-12-05 15:51:14 - OTMS - INFO - Successfully created model for table 'toa_yade_summary' from flex database
2025-12-05 15:51:14 - OTMS - INFO - Successfully loaded custom table model for 'toa_yade_summary'
2025-12-05 15:51:14 - OTMS - INFO - Retrieved 20 columns for data source 'toa_yade_summary'
2025-12-05 15:51:14 - OTMS - INFO - Attempting to load custom table 'audit_log'
2025-12-05 15:51:14 - OTMS - INFO - Reflecting table 'audit_log' from flex database...
2025-12-05 15:51:14 - OTMS - INFO - Successfully created model for table 'audit_log' from flex database
2025-12-05 15:51:14 - OTMS - INFO - Successfully loaded custom table model for 'audit_log'
2025-12-05 15:51:14 - OTMS - INFO - Retrieved 11 columns for data source 'audit_log'
2025-12-05 15:51:16 - OTMS - INFO - Loaded 68 tables from primary database
2025-12-05 15:51:16 - OTMS - INFO - Loaded 68 tables from flexible database
2025-12-05 15:51:16 - OTMS - INFO - Added 0 additional custom tables from location_config
2025-12-05 15:51:16 - OTMS - INFO - Attempting to load custom table 'yade_voyage'
2025-12-05 15:51:16 - OTMS - INFO - Reflecting table 'yade_voyage' from flex database...
2025-12-05 15:51:16 - OTMS - INFO - Successfully created model for table 'yade_voyage' from flex database
2025-12-05 15:51:16 - OTMS - INFO - Successfully loaded custom table model for 'yade_voyage'
2025-12-05 15:51:16 - OTMS - INFO - Retrieved 19 columns for data source 'yade_voyage'
2025-12-05 15:51:16 - OTMS - INFO - Attempting to load custom table 'toa_yade_summary'
2025-12-05 15:51:16 - OTMS - INFO - Reflecting table 'toa_yade_summary' from flex database...
2025-12-05 15:51:16 - OTMS - INFO - Successfully created model for table 'toa_yade_summary' from flex database
2025-12-05 15:51:16 - OTMS - INFO - Successfully loaded custom table model for 'toa_yade_summary'
2025-12-05 15:51:16 - OTMS - INFO - Retrieved 20 columns for data source 'toa_yade_summary'
2025-12-05 15:51:16 - OTMS - INFO - Attempting to load custom table 'yade_voyage'
2025-12-05 15:51:16 - OTMS - INFO - Reflecting table 'yade_voyage' from flex database...
2025-12-05 15:51:16 - OTMS - INFO - Successfully created model for table 'yade_voyage' from flex database
2025-12-05 15:51:16 - OTMS - INFO - Successfully loaded custom table model for 'yade_voyage'
2025-12-05 15:51:16 - OTMS - INFO - Retrieved 19 columns for data source 'yade_voyage'
2025-12-05 15:51:16 - OTMS - INFO - Attempting to load custom table 'yade_voyage'
2025-12-05 15:51:16 - OTMS - INFO - Reflecting table 'yade_voyage' from flex database...
2025-12-05 15:51:16 - OTMS - INFO - Successfully created model for table 'yade_voyage' from flex database
2025-12-05 15:51:16 - OTMS - INFO - Successfully loaded custom table model for 'yade_voyage'
2025-12-05 15:51:16 - OTMS - INFO - Retrieved 19 columns for data source 'yade_voyage'
2025-12-05 15:51:16 - OTMS - INFO - Attempting to load custom table 'yade_voyage'
2025-12-05 15:51:16 - OTMS - INFO - Reflecting table 'yade_voyage' from flex database...
2025-12-05 15:51:16 - OTMS - INFO - Successfully created model for table 'yade_voyage' from flex database
2025-12-05 15:51:16 - OTMS - INFO - Successfully loaded custom table model for 'yade_voyage'
2025-12-05 15:51:16 - OTMS - INFO - Retrieved 19 columns for data source 'yade_voyage'
2025-12-05 15:51:16 - OTMS - INFO - Attempting to load custom table 'toa_yade_summary'
2025-12-05 15:51:16 - OTMS - INFO - Reflecting table 'toa_yade_summary' from flex database...
2025-12-05 15:51:16 - OTMS - INFO - Successfully created model for table 'toa_yade_summary' from flex database
2025-12-05 15:51:16 - OTMS - INFO - Successfully loaded custom table model for 'toa_yade_summary'
2025-12-05 15:51:16 - OTMS - INFO - Retrieved 20 columns for data source 'toa_yade_summary'
2025-12-05 15:51:16 - OTMS - INFO - Attempting to load custom table 'toa_yade_summary'
2025-12-05 15:51:16 - OTMS - INFO - Reflecting table 'toa_yade_summary' from flex database...
2025-12-05 15:51:16 - OTMS - INFO - Successfully created model for table 'toa_yade_summary' from flex database
2025-12-05 15:51:16 - OTMS - INFO - Successfully loaded custom table model for 'toa_yade_summary'
2025-12-05 15:51:16 - OTMS - INFO - Retrieved 20 columns for data source 'toa_yade_summary'
2025-12-05 15:51:16 - OTMS - INFO - Attempting to load custom table 'audit_log'
2025-12-05 15:51:16 - OTMS - INFO - Reflecting table 'audit_log' from flex database...
2025-12-05 15:51:16 - OTMS - INFO - Successfully created model for table 'audit_log' from flex database
2025-12-05 15:51:16 - OTMS - INFO - Successfully loaded custom table model for 'audit_log'
2025-12-05 15:51:16 - OTMS - INFO - Retrieved 11 columns for data source 'audit_log'
2025-12-05 15:51:19 - OTMS - INFO - Loaded 68 tables from primary database
2025-12-05 15:51:19 - OTMS - INFO - Loaded 68 tables from flexible database
2025-12-05 15:51:19 - OTMS - INFO - Added 0 additional custom tables from location_config
2025-12-05 15:51:19 - OTMS - INFO - Attempting to load custom table 'yade_voyage'
2025-12-05 15:51:19 - OTMS - INFO - Reflecting table 'yade_voyage' from flex database...
2025-12-05 15:51:19 - OTMS - INFO - Successfully created model for table 'yade_voyage' from flex database
2025-12-05 15:51:19 - OTMS - INFO - Successfully loaded custom table model for 'yade_voyage'
2025-12-05 15:51:19 - OTMS - INFO - Retrieved 19 columns for data source 'yade_voyage'
2025-12-05 15:51:19 - OTMS - INFO - Attempting to load custom table 'toa_yade_summary'
2025-12-05 15:51:19 - OTMS - INFO - Reflecting table 'toa_yade_summary' from flex database...
2025-12-05 15:51:19 - OTMS - INFO - Successfully created model for table 'toa_yade_summary' from flex database
2025-12-05 15:51:19 - OTMS - INFO - Successfully loaded custom table model for 'toa_yade_summary'
2025-12-05 15:51:19 - OTMS - INFO - Retrieved 20 columns for data source 'toa_yade_summary'
2025-12-05 15:51:19 - OTMS - INFO - Attempting to load custom table 'yade_voyage'
2025-12-05 15:51:19 - OTMS - INFO - Reflecting table 'yade_voyage' from flex database...
2025-12-05 15:51:19 - OTMS - INFO - Successfully created model for table 'yade_voyage' from flex database
2025-12-05 15:51:19 - OTMS - INFO - Successfully loaded custom table model for 'yade_voyage'
2025-12-05 15:51:19 - OTMS - INFO - Retrieved 19 columns for data source 'yade_voyage'
2025-12-05 15:51:19 - OTMS - INFO - Attempting to load custom table 'yade_voyage'
2025-12-05 15:51:19 - OTMS - INFO - Reflecting table 'yade_voyage' from flex database...
2025-12-05 15:51:19 - OTMS - INFO - Successfully created model for table 'yade_voyage' from flex database
2025-12-05 15:51:19 - OTMS - INFO - Successfully loaded custom table model for 'yade_voyage'
2025-12-05 15:51:19 - OTMS - INFO - Retrieved 19 columns for data source 'yade_voyage'
2025-12-05 15:51:19 - OTMS - INFO - Attempting to load custom table 'yade_voyage'
2025-12-05 15:51:19 - OTMS - INFO - Reflecting table 'yade_voyage' from flex database...
2025-12-05 15:51:19 - OTMS - INFO - Successfully created model for table 'yade_voyage' from flex database
2025-12-05 15:51:19 - OTMS - INFO - Successfully loaded custom table model for 'yade_voyage'
2025-12-05 15:51:19 - OTMS - INFO - Retrieved 19 columns for data source 'yade_voyage'
2025-12-05 15:51:19 - OTMS - INFO - Attempting to load custom table 'toa_yade_summary'
2025-12-05 15:51:19 - OTMS - INFO - Reflecting table 'toa_yade_summary' from flex database...
2025-12-05 15:51:19 - OTMS - INFO - Successfully created model for table 'toa_yade_summary' from flex database
2025-12-05 15:51:19 - OTMS - INFO - Successfully loaded custom table model for 'toa_yade_summary'
2025-12-05 15:51:19 - OTMS - INFO - Retrieved 20 columns for data source 'toa_yade_summary'
2025-12-05 15:51:19 - OTMS - INFO - Attempting to load custom table 'toa_yade_summary'
2025-12-05 15:51:19 - OTMS - INFO - Reflecting table 'toa_yade_summary' from flex database...
2025-12-05 15:51:19 - OTMS - INFO - Successfully created model for table 'toa_yade_summary' from flex database
2025-12-05 15:51:19 - OTMS - INFO - Successfully loaded custom table model for 'toa_yade_summary'
2025-12-05 15:51:19 - OTMS - INFO - Retrieved 20 columns for data source 'toa_yade_summary'
2025-12-05 15:51:19 - OTMS - INFO - Attempting to load custom table 'audit_log'
2025-12-05 15:51:19 - OTMS - INFO - Reflecting table 'audit_log' from flex database...
2025-12-05 15:51:19 - OTMS - INFO - Successfully created model for table 'audit_log' from flex database
2025-12-05 15:51:19 - OTMS - INFO - Successfully loaded custom table model for 'audit_log'
2025-12-05 15:51:19 - OTMS - INFO - Retrieved 11 columns for data source 'audit_log'
2025-12-05 15:51:26 - OTMS - INFO - Loaded 68 tables from primary database
2025-12-05 15:51:26 - OTMS - INFO - Loaded 68 tables from flexible database
2025-12-05 15:51:26 - OTMS - INFO - Added 0 additional custom tables from location_config
2025-12-05 15:51:26 - OTMS - INFO - Attempting to load custom table 'yade_voyage'
2025-12-05 15:51:26 - OTMS - INFO - Reflecting table 'yade_voyage' from flex database...
2025-12-05 15:51:26 - OTMS - INFO - Successfully created model for table 'yade_voyage' from flex database
2025-12-05 15:51:26 - OTMS - INFO - Successfully loaded custom table model for 'yade_voyage'
2025-12-05 15:51:26 - OTMS - INFO - Retrieved 19 columns for data source 'yade_voyage'
2025-12-05 15:51:26 - OTMS - INFO - Attempting to load custom table 'toa_yade_summary'
2025-12-05 15:51:26 - OTMS - INFO - Reflecting table 'toa_yade_summary' from flex database...
2025-12-05 15:51:26 - OTMS - INFO - Successfully created model for table 'toa_yade_summary' from flex database
2025-12-05 15:51:26 - OTMS - INFO - Successfully loaded custom table model for 'toa_yade_summary'
2025-12-05 15:51:26 - OTMS - INFO - Retrieved 20 columns for data source 'toa_yade_summary'
2025-12-05 15:51:26 - OTMS - INFO - Attempting to load custom table 'yade_voyage'
2025-12-05 15:51:26 - OTMS - INFO - Reflecting table 'yade_voyage' from flex database...
2025-12-05 15:51:26 - OTMS - INFO - Successfully created model for table 'yade_voyage' from flex database
2025-12-05 15:51:26 - OTMS - INFO - Successfully loaded custom table model for 'yade_voyage'
2025-12-05 15:51:26 - OTMS - INFO - Retrieved 19 columns for data source 'yade_voyage'
2025-12-05 15:51:26 - OTMS - INFO - Attempting to load custom table 'yade_voyage'
2025-12-05 15:51:26 - OTMS - INFO - Reflecting table 'yade_voyage' from flex database...
2025-12-05 15:51:26 - OTMS - INFO - Successfully created model for table 'yade_voyage' from flex database
2025-12-05 15:51:26 - OTMS - INFO - Successfully loaded custom table model for 'yade_voyage'
2025-12-05 15:51:26 - OTMS - INFO - Retrieved 19 columns for data source 'yade_voyage'
2025-12-05 15:51:26 - OTMS - INFO - Attempting to load custom table 'yade_voyage'
2025-12-05 15:51:26 - OTMS - INFO - Reflecting table 'yade_voyage' from flex database...
2025-12-05 15:51:26 - OTMS - INFO - Successfully created model for table 'yade_voyage' from flex database
2025-12-05 15:51:26 - OTMS - INFO - Successfully loaded custom table model for 'yade_voyage'
2025-12-05 15:51:26 - OTMS - INFO - Retrieved 19 columns for data source 'yade_voyage'
2025-12-05 15:51:26 - OTMS - INFO - Attempting to load custom table 'toa_yade_summary'
2025-12-05 15:51:26 - OTMS - INFO - Reflecting table 'toa_yade_summary' from flex database...
2025-12-05 15:51:26 - OTMS - INFO - Successfully created model for table 'toa_yade_summary' from flex database
2025-12-05 15:51:26 - OTMS - INFO - Successfully loaded custom table model for 'toa_yade_summary'
2025-12-05 15:51:26 - OTMS - INFO - Retrieved 20 columns for data source 'toa_yade_summary'
2025-12-05 15:51:26 - OTMS - INFO - Attempting to load custom table 'toa_yade_summary'
2025-12-05 15:51:26 - OTMS - INFO - Reflecting table 'toa_yade_summary' from flex database...
2025-12-05 15:51:26 - OTMS - INFO - Successfully created model for table 'toa_yade_summary' from flex database
2025-12-05 15:51:26 - OTMS - INFO - Successfully loaded custom table model for 'toa_yade_summary'
2025-12-05 15:51:26 - OTMS - INFO - Retrieved 20 columns for data source 'toa_yade_summary'
2025-12-05 15:51:26 - OTMS - INFO - Attempting to load custom table 'toa_yade_summary'
2025-12-05 15:51:26 - OTMS - INFO - Reflecting table 'toa_yade_summary' from flex database...
2025-12-05 15:51:26 - OTMS - INFO - Successfully created model for table 'toa_yade_summary' from flex database
2025-12-05 15:51:26 - OTMS - INFO - Successfully loaded custom table model for 'toa_yade_summary'
2025-12-05 15:51:26 - OTMS - INFO - Retrieved 20 columns for data source 'toa_yade_summary'
2025-12-05 15:51:30 - OTMS - INFO - Loaded 68 tables from primary database
2025-12-05 15:51:30 - OTMS - INFO - Loaded 68 tables from flexible database
2025-12-05 15:51:30 - OTMS - INFO - Added 0 additional custom tables from location_config
2025-12-05 15:51:30 - OTMS - INFO - Attempting to load custom table 'yade_voyage'
2025-12-05 15:51:30 - OTMS - INFO - Reflecting table 'yade_voyage' from flex database...
2025-12-05 15:51:30 - OTMS - INFO - Successfully created model for table 'yade_voyage' from flex database
2025-12-05 15:51:30 - OTMS - INFO - Successfully loaded custom table model for 'yade_voyage'
2025-12-05 15:51:30 - OTMS - INFO - Retrieved 19 columns for data source 'yade_voyage'
2025-12-05 15:51:30 - OTMS - INFO - Attempting to load custom table 'toa_yade_summary'
2025-12-05 15:51:30 - OTMS - INFO - Reflecting table 'toa_yade_summary' from flex database...
2025-12-05 15:51:30 - OTMS - INFO - Successfully created model for table 'toa_yade_summary' from flex database
2025-12-05 15:51:30 - OTMS - INFO - Successfully loaded custom table model for 'toa_yade_summary'
2025-12-05 15:51:30 - OTMS - INFO - Retrieved 20 columns for data source 'toa_yade_summary'
2025-12-05 15:51:30 - OTMS - INFO - Attempting to load custom table 'yade_voyage'
2025-12-05 15:51:30 - OTMS - INFO - Reflecting table 'yade_voyage' from flex database...
2025-12-05 15:51:30 - OTMS - INFO - Successfully created model for table 'yade_voyage' from flex database
2025-12-05 15:51:30 - OTMS - INFO - Successfully loaded custom table model for 'yade_voyage'
2025-12-05 15:51:30 - OTMS - INFO - Retrieved 19 columns for data source 'yade_voyage'
2025-12-05 15:51:30 - OTMS - INFO - Attempting to load custom table 'yade_voyage'
2025-12-05 15:51:30 - OTMS - INFO - Reflecting table 'yade_voyage' from flex database...
2025-12-05 15:51:30 - OTMS - INFO - Successfully created model for table 'yade_voyage' from flex database
2025-12-05 15:51:30 - OTMS - INFO - Successfully loaded custom table model for 'yade_voyage'
2025-12-05 15:51:30 - OTMS - INFO - Retrieved 19 columns for data source 'yade_voyage'
2025-12-05 15:51:30 - OTMS - INFO - Attempting to load custom table 'yade_voyage'
2025-12-05 15:51:30 - OTMS - INFO - Reflecting table 'yade_voyage' from flex database...
2025-12-05 15:51:30 - OTMS - INFO - Successfully created model for table 'yade_voyage' from flex database
2025-12-05 15:51:30 - OTMS - INFO - Successfully loaded custom table model for 'yade_voyage'
2025-12-05 15:51:30 - OTMS - INFO - Retrieved 19 columns for data source 'yade_voyage'
2025-12-05 15:51:30 - OTMS - INFO - Attempting to load custom table 'toa_yade_summary'
2025-12-05 15:51:30 - OTMS - INFO - Reflecting table 'toa_yade_summary' from flex database...
2025-12-05 15:51:30 - OTMS - INFO - Successfully created model for table 'toa_yade_summary' from flex database
2025-12-05 15:51:30 - OTMS - INFO - Successfully loaded custom table model for 'toa_yade_summary'
2025-12-05 15:51:30 - OTMS - INFO - Retrieved 20 columns for data source 'toa_yade_summary'
2025-12-05 15:51:30 - OTMS - INFO - Attempting to load custom table 'toa_yade_summary'
2025-12-05 15:51:30 - OTMS - INFO - Reflecting table 'toa_yade_summary' from flex database...
2025-12-05 15:51:30 - OTMS - INFO - Successfully created model for table 'toa_yade_summary' from flex database
2025-12-05 15:51:30 - OTMS - INFO - Successfully loaded custom table model for 'toa_yade_summary'
2025-12-05 15:51:30 - OTMS - INFO - Retrieved 20 columns for data source 'toa_yade_summary'
2025-12-05 15:51:30 - OTMS - INFO - Attempting to load custom table 'toa_yade_summary'
2025-12-05 15:51:30 - OTMS - INFO - Reflecting table 'toa_yade_summary' from flex database...
2025-12-05 15:51:30 - OTMS - INFO - Successfully created model for table 'toa_yade_summary' from flex database
2025-12-05 15:51:30 - OTMS - INFO - Successfully loaded custom table model for 'toa_yade_summary'
2025-12-05 15:51:30 - OTMS - INFO - Retrieved 20 columns for data source 'toa_yade_summary'
2025-12-05 15:51:45 - OTMS - INFO - Loaded 68 tables from primary database
2025-12-05 15:51:45 - OTMS - INFO - Loaded 68 tables from flexible database
2025-12-05 15:51:45 - OTMS - INFO - Added 0 additional custom tables from location_config
2025-12-05 15:51:45 - OTMS - INFO - Attempting to load custom table 'yade_voyage'
2025-12-05 15:51:45 - OTMS - INFO - Reflecting table 'yade_voyage' from flex database...
2025-12-05 15:51:45 - OTMS - INFO - Successfully created model for table 'yade_voyage' from flex database
2025-12-05 15:51:45 - OTMS - INFO - Successfully loaded custom table model for 'yade_voyage'
2025-12-05 15:51:45 - OTMS - INFO - Retrieved 19 columns for data source 'yade_voyage'
2025-12-05 15:51:45 - OTMS - INFO - Attempting to load custom table 'toa_yade_summary'
2025-12-05 15:51:45 - OTMS - INFO - Reflecting table 'toa_yade_summary' from flex database...
2025-12-05 15:51:45 - OTMS - INFO - Successfully created model for table 'toa_yade_summary' from flex database
2025-12-05 15:51:45 - OTMS - INFO - Successfully loaded custom table model for 'toa_yade_summary'
2025-12-05 15:51:45 - OTMS - INFO - Retrieved 20 columns for data source 'toa_yade_summary'
2025-12-05 15:51:45 - OTMS - INFO - Attempting to load custom table 'yade_voyage'
2025-12-05 15:51:45 - OTMS - INFO - Reflecting table 'yade_voyage' from flex database...
2025-12-05 15:51:45 - OTMS - INFO - Successfully created model for table 'yade_voyage' from flex database
2025-12-05 15:51:45 - OTMS - INFO - Successfully loaded custom table model for 'yade_voyage'
2025-12-05 15:51:45 - OTMS - INFO - Retrieved 19 columns for data source 'yade_voyage'
2025-12-05 15:51:45 - OTMS - INFO - Attempting to load custom table 'yade_voyage'
2025-12-05 15:51:45 - OTMS - INFO - Reflecting table 'yade_voyage' from flex database...
2025-12-05 15:51:45 - OTMS - INFO - Successfully created model for table 'yade_voyage' from flex database
2025-12-05 15:51:45 - OTMS - INFO - Successfully loaded custom table model for 'yade_voyage'
2025-12-05 15:51:45 - OTMS - INFO - Retrieved 19 columns for data source 'yade_voyage'
2025-12-05 15:51:45 - OTMS - INFO - Attempting to load custom table 'yade_voyage'
2025-12-05 15:51:45 - OTMS - INFO - Reflecting table 'yade_voyage' from flex database...
2025-12-05 15:51:45 - OTMS - INFO - Successfully created model for table 'yade_voyage' from flex database
2025-12-05 15:51:45 - OTMS - INFO - Successfully loaded custom table model for 'yade_voyage'
2025-12-05 15:51:45 - OTMS - INFO - Retrieved 19 columns for data source 'yade_voyage'
2025-12-05 15:51:45 - OTMS - INFO - Attempting to load custom table 'toa_yade_summary'
2025-12-05 15:51:45 - OTMS - INFO - Reflecting table 'toa_yade_summary' from flex database...
2025-12-05 15:51:45 - OTMS - INFO - Successfully created model for table 'toa_yade_summary' from flex database
2025-12-05 15:51:45 - OTMS - INFO - Successfully loaded custom table model for 'toa_yade_summary'
2025-12-05 15:51:45 - OTMS - INFO - Retrieved 20 columns for data source 'toa_yade_summary'
2025-12-05 15:51:45 - OTMS - INFO - Attempting to load custom table 'toa_yade_summary'
2025-12-05 15:51:45 - OTMS - INFO - Reflecting table 'toa_yade_summary' from flex database...
2025-12-05 15:51:45 - OTMS - INFO - Successfully created model for table 'toa_yade_summary' from flex database
2025-12-05 15:51:45 - OTMS - INFO - Successfully loaded custom table model for 'toa_yade_summary'
2025-12-05 15:51:45 - OTMS - INFO - Retrieved 20 columns for data source 'toa_yade_summary'
2025-12-05 15:51:45 - OTMS - INFO - Attempting to load custom table 'toa_yade_summary'
2025-12-05 15:51:45 - OTMS - INFO - Reflecting table 'toa_yade_summary' from flex database...
2025-12-05 15:51:45 - OTMS - INFO - Successfully created model for table 'toa_yade_summary' from flex database
2025-12-05 15:51:45 - OTMS - INFO - Successfully loaded custom table model for 'toa_yade_summary'
2025-12-05 15:51:45 - OTMS - INFO - Retrieved 20 columns for data source 'toa_yade_summary'
2025-12-05 15:51:50 - OTMS - INFO - Loaded 68 tables from primary database
2025-12-05 15:51:50 - OTMS - INFO - Loaded 68 tables from flexible database
2025-12-05 15:51:50 - OTMS - INFO - Added 0 additional custom tables from location_config
2025-12-05 15:51:50 - OTMS - INFO - Attempting to load custom table 'yade_voyage'
2025-12-05 15:51:50 - OTMS - INFO - Reflecting table 'yade_voyage' from flex database...
2025-12-05 15:51:50 - OTMS - INFO - Successfully created model for table 'yade_voyage' from flex database
2025-12-05 15:51:50 - OTMS - INFO - Successfully loaded custom table model for 'yade_voyage'
2025-12-05 15:51:50 - OTMS - INFO - Retrieved 19 columns for data source 'yade_voyage'
2025-12-05 15:51:50 - OTMS - INFO - Attempting to load custom table 'toa_yade_summary'
2025-12-05 15:51:50 - OTMS - INFO - Reflecting table 'toa_yade_summary' from flex database...
2025-12-05 15:51:50 - OTMS - INFO - Successfully created model for table 'toa_yade_summary' from flex database
2025-12-05 15:51:50 - OTMS - INFO - Successfully loaded custom table model for 'toa_yade_summary'
2025-12-05 15:51:50 - OTMS - INFO - Retrieved 20 columns for data source 'toa_yade_summary'
2025-12-05 15:51:50 - OTMS - INFO - Attempting to load custom table 'yade_voyage'
2025-12-05 15:51:50 - OTMS - INFO - Reflecting table 'yade_voyage' from flex database...
2025-12-05 15:51:50 - OTMS - INFO - Successfully created model for table 'yade_voyage' from flex database
2025-12-05 15:51:50 - OTMS - INFO - Successfully loaded custom table model for 'yade_voyage'
2025-12-05 15:51:50 - OTMS - INFO - Retrieved 19 columns for data source 'yade_voyage'
2025-12-05 15:51:50 - OTMS - INFO - Attempting to load custom table 'yade_voyage'
2025-12-05 15:51:50 - OTMS - INFO - Reflecting table 'yade_voyage' from flex database...
2025-12-05 15:51:50 - OTMS - INFO - Successfully created model for table 'yade_voyage' from flex database
2025-12-05 15:51:50 - OTMS - INFO - Successfully loaded custom table model for 'yade_voyage'
2025-12-05 15:51:50 - OTMS - INFO - Retrieved 19 columns for data source 'yade_voyage'
2025-12-05 15:51:50 - OTMS - INFO - Attempting to load custom table 'yade_voyage'
2025-12-05 15:51:50 - OTMS - INFO - Reflecting table 'yade_voyage' from flex database...
2025-12-05 15:51:50 - OTMS - INFO - Successfully created model for table 'yade_voyage' from flex database
2025-12-05 15:51:50 - OTMS - INFO - Successfully loaded custom table model for 'yade_voyage'
2025-12-05 15:51:50 - OTMS - INFO - Retrieved 19 columns for data source 'yade_voyage'
2025-12-05 15:51:50 - OTMS - INFO - Attempting to load custom table 'toa_yade_summary'
2025-12-05 15:51:50 - OTMS - INFO - Reflecting table 'toa_yade_summary' from flex database...
2025-12-05 15:51:50 - OTMS - INFO - Successfully created model for table 'toa_yade_summary' from flex database
2025-12-05 15:51:50 - OTMS - INFO - Successfully loaded custom table model for 'toa_yade_summary'
2025-12-05 15:51:50 - OTMS - INFO - Retrieved 20 columns for data source 'toa_yade_summary'
2025-12-05 15:51:50 - OTMS - INFO - Attempting to load custom table 'toa_yade_summary'
2025-12-05 15:51:50 - OTMS - INFO - Reflecting table 'toa_yade_summary' from flex database...
2025-12-05 15:51:50 - OTMS - INFO - Successfully created model for table 'toa_yade_summary' from flex database
2025-12-05 15:51:50 - OTMS - INFO - Successfully loaded custom table model for 'toa_yade_summary'
2025-12-05 15:51:50 - OTMS - INFO - Retrieved 20 columns for data source 'toa_yade_summary'
2025-12-05 15:51:50 - OTMS - INFO - Attempting to load custom table 'toa_yade_summary'
2025-12-05 15:51:50 - OTMS - INFO - Reflecting table 'toa_yade_summary' from flex database...
2025-12-05 15:51:50 - OTMS - INFO - Successfully created model for table 'toa_yade_summary' from flex database
2025-12-05 15:51:50 - OTMS - INFO - Successfully loaded custom table model for 'toa_yade_summary'
2025-12-05 15:51:50 - OTMS - INFO - Retrieved 20 columns for data source 'toa_yade_summary'
2025-12-05 15:51:55 - OTMS - INFO - Loaded 68 tables from primary database
2025-12-05 15:51:55 - OTMS - INFO - Loaded 68 tables from flexible database
2025-12-05 15:51:55 - OTMS - INFO - Added 0 additional custom tables from location_config
2025-12-05 15:51:55 - OTMS - INFO - Attempting to load custom table 'yade_voyage'
2025-12-05 15:51:55 - OTMS - INFO - Reflecting table 'yade_voyage' from flex database...
2025-12-05 15:51:55 - OTMS - INFO - Successfully created model for table 'yade_voyage' from flex database
2025-12-05 15:51:55 - OTMS - INFO - Successfully loaded custom table model for 'yade_voyage'
2025-12-05 15:51:55 - OTMS - INFO - Retrieved 19 columns for data source 'yade_voyage'
2025-12-05 15:51:55 - OTMS - INFO - Attempting to load custom table 'toa_yade_summary'
2025-12-05 15:51:55 - OTMS - INFO - Reflecting table 'toa_yade_summary' from flex database...
2025-12-05 15:51:55 - OTMS - INFO - Successfully created model for table 'toa_yade_summary' from flex database
2025-12-05 15:51:55 - OTMS - INFO - Successfully loaded custom table model for 'toa_yade_summary'
2025-12-05 15:51:55 - OTMS - INFO - Retrieved 20 columns for data source 'toa_yade_summary'
2025-12-05 15:51:55 - OTMS - INFO - Attempting to load custom table 'yade_voyage'
2025-12-05 15:51:55 - OTMS - INFO - Reflecting table 'yade_voyage' from flex database...
2025-12-05 15:51:55 - OTMS - INFO - Successfully created model for table 'yade_voyage' from flex database
2025-12-05 15:51:55 - OTMS - INFO - Successfully loaded custom table model for 'yade_voyage'
2025-12-05 15:51:55 - OTMS - INFO - Retrieved 19 columns for data source 'yade_voyage'
2025-12-05 15:51:55 - OTMS - INFO - Attempting to load custom table 'yade_voyage'
2025-12-05 15:51:55 - OTMS - INFO - Reflecting table 'yade_voyage' from flex database...
2025-12-05 15:51:55 - OTMS - INFO - Successfully created model for table 'yade_voyage' from flex database
2025-12-05 15:51:55 - OTMS - INFO - Successfully loaded custom table model for 'yade_voyage'
2025-12-05 15:51:55 - OTMS - INFO - Retrieved 19 columns for data source 'yade_voyage'
2025-12-05 15:51:55 - OTMS - INFO - Attempting to load custom table 'yade_voyage'
2025-12-05 15:51:55 - OTMS - INFO - Reflecting table 'yade_voyage' from flex database...
2025-12-05 15:51:55 - OTMS - INFO - Successfully created model for table 'yade_voyage' from flex database
2025-12-05 15:51:55 - OTMS - INFO - Successfully loaded custom table model for 'yade_voyage'
2025-12-05 15:51:55 - OTMS - INFO - Retrieved 19 columns for data source 'yade_voyage'
2025-12-05 15:51:55 - OTMS - INFO - Attempting to load custom table 'toa_yade_summary'
2025-12-05 15:51:55 - OTMS - INFO - Reflecting table 'toa_yade_summary' from flex database...
2025-12-05 15:51:55 - OTMS - INFO - Successfully created model for table 'toa_yade_summary' from flex database
2025-12-05 15:51:55 - OTMS - INFO - Successfully loaded custom table model for 'toa_yade_summary'
2025-12-05 15:51:55 - OTMS - INFO - Retrieved 20 columns for data source 'toa_yade_summary'
2025-12-05 15:51:55 - OTMS - INFO - Attempting to load custom table 'toa_yade_summary'
2025-12-05 15:51:55 - OTMS - INFO - Reflecting table 'toa_yade_summary' from flex database...
2025-12-05 15:51:55 - OTMS - INFO - Successfully created model for table 'toa_yade_summary' from flex database
2025-12-05 15:51:55 - OTMS - INFO - Successfully loaded custom table model for 'toa_yade_summary'
2025-12-05 15:51:55 - OTMS - INFO - Retrieved 20 columns for data source 'toa_yade_summary'
2025-12-05 15:51:55 - OTMS - INFO - Attempting to load custom table 'toa_yade_summary'
2025-12-05 15:51:55 - OTMS - INFO - Reflecting table 'toa_yade_summary' from flex database...
2025-12-05 15:51:55 - OTMS - INFO - Successfully created model for table 'toa_yade_summary' from flex database
2025-12-05 15:51:55 - OTMS - INFO - Successfully loaded custom table model for 'toa_yade_summary'
2025-12-05 15:51:55 - OTMS - INFO - Retrieved 20 columns for data source 'toa_yade_summary'
2025-12-05 15:51:59 - OTMS - INFO - Loaded 68 tables from primary database
2025-12-05 15:51:59 - OTMS - INFO - Loaded 68 tables from flexible database
2025-12-05 15:51:59 - OTMS - INFO - Added 0 additional custom tables from location_config
2025-12-05 15:51:59 - OTMS - INFO - Attempting to load custom table 'yade_voyage'
2025-12-05 15:51:59 - OTMS - INFO - Reflecting table 'yade_voyage' from flex database...
2025-12-05 15:51:59 - OTMS - INFO - Successfully created model for table 'yade_voyage' from flex database
2025-12-05 15:51:59 - OTMS - INFO - Successfully loaded custom table model for 'yade_voyage'
2025-12-05 15:51:59 - OTMS - INFO - Retrieved 19 columns for data source 'yade_voyage'
2025-12-05 15:51:59 - OTMS - INFO - Attempting to load custom table 'toa_yade_summary'
2025-12-05 15:51:59 - OTMS - INFO - Reflecting table 'toa_yade_summary' from flex database...
2025-12-05 15:51:59 - OTMS - INFO - Successfully created model for table 'toa_yade_summary' from flex database
2025-12-05 15:51:59 - OTMS - INFO - Successfully loaded custom table model for 'toa_yade_summary'
2025-12-05 15:51:59 - OTMS - INFO - Retrieved 20 columns for data source 'toa_yade_summary'
2025-12-05 15:51:59 - OTMS - INFO - Attempting to load custom table 'yade_voyage'
2025-12-05 15:51:59 - OTMS - INFO - Reflecting table 'yade_voyage' from flex database...
2025-12-05 15:51:59 - OTMS - INFO - Successfully created model for table 'yade_voyage' from flex database
2025-12-05 15:51:59 - OTMS - INFO - Successfully loaded custom table model for 'yade_voyage'
2025-12-05 15:51:59 - OTMS - INFO - Retrieved 19 columns for data source 'yade_voyage'
2025-12-05 15:51:59 - OTMS - INFO - Attempting to load custom table 'yade_voyage'
2025-12-05 15:51:59 - OTMS - INFO - Reflecting table 'yade_voyage' from flex database...
2025-12-05 15:51:59 - OTMS - INFO - Successfully created model for table 'yade_voyage' from flex database
2025-12-05 15:51:59 - OTMS - INFO - Successfully loaded custom table model for 'yade_voyage'
2025-12-05 15:51:59 - OTMS - INFO - Retrieved 19 columns for data source 'yade_voyage'
2025-12-05 15:51:59 - OTMS - INFO - Attempting to load custom table 'yade_voyage'
2025-12-05 15:51:59 - OTMS - INFO - Reflecting table 'yade_voyage' from flex database...
2025-12-05 15:51:59 - OTMS - INFO - Successfully created model for table 'yade_voyage' from flex database
2025-12-05 15:51:59 - OTMS - INFO - Successfully loaded custom table model for 'yade_voyage'
2025-12-05 15:51:59 - OTMS - INFO - Retrieved 19 columns for data source 'yade_voyage'
2025-12-05 15:51:59 - OTMS - INFO - Attempting to load custom table 'toa_yade_summary'
2025-12-05 15:51:59 - OTMS - INFO - Reflecting table 'toa_yade_summary' from flex database...
2025-12-05 15:51:59 - OTMS - INFO - Successfully created model for table 'toa_yade_summary' from flex database
2025-12-05 15:51:59 - OTMS - INFO - Successfully loaded custom table model for 'toa_yade_summary'
2025-12-05 15:51:59 - OTMS - INFO - Retrieved 20 columns for data source 'toa_yade_summary'
2025-12-05 15:51:59 - OTMS - INFO - Attempting to load custom table 'toa_yade_summary'
2025-12-05 15:51:59 - OTMS - INFO - Reflecting table 'toa_yade_summary' from flex database...
2025-12-05 15:51:59 - OTMS - INFO - Successfully created model for table 'toa_yade_summary' from flex database
2025-12-05 15:51:59 - OTMS - INFO - Successfully loaded custom table model for 'toa_yade_summary'
2025-12-05 15:51:59 - OTMS - INFO - Retrieved 20 columns for data source 'toa_yade_summary'
2025-12-05 15:51:59 - OTMS - INFO - Attempting to load custom table 'toa_yade_summary'
2025-12-05 15:51:59 - OTMS - INFO - Reflecting table 'toa_yade_summary' from flex database...
2025-12-05 15:51:59 - OTMS - INFO - Successfully created model for table 'toa_yade_summary' from flex database
2025-12-05 15:51:59 - OTMS - INFO - Successfully loaded custom table model for 'toa_yade_summary'
2025-12-05 15:51:59 - OTMS - INFO - Retrieved 20 columns for data source 'toa_yade_summary'
2025-12-05 15:52:09 - OTMS - INFO - Loaded 68 tables from primary database
2025-12-05 15:52:09 - OTMS - INFO - Loaded 68 tables from flexible database
2025-12-05 15:52:09 - OTMS - INFO - Added 0 additional custom tables from location_config
2025-12-05 15:52:09 - OTMS - INFO - Attempting to load custom table 'yade_voyage'
2025-12-05 15:52:09 - OTMS - INFO - Reflecting table 'yade_voyage' from flex database...
2025-12-05 15:52:09 - OTMS - INFO - Successfully created model for table 'yade_voyage' from flex database
2025-12-05 15:52:09 - OTMS - INFO - Successfully loaded custom table model for 'yade_voyage'
2025-12-05 15:52:09 - OTMS - INFO - Retrieved 19 columns for data source 'yade_voyage'
2025-12-05 15:52:09 - OTMS - INFO - Attempting to load custom table 'toa_yade_summary'
2025-12-05 15:52:09 - OTMS - INFO - Reflecting table 'toa_yade_summary' from flex database...
2025-12-05 15:52:09 - OTMS - INFO - Successfully created model for table 'toa_yade_summary' from flex database
2025-12-05 15:52:09 - OTMS - INFO - Successfully loaded custom table model for 'toa_yade_summary'
2025-12-05 15:52:09 - OTMS - INFO - Retrieved 20 columns for data source 'toa_yade_summary'
2025-12-05 15:52:09 - OTMS - INFO - Attempting to load custom table 'yade_voyage'
2025-12-05 15:52:09 - OTMS - INFO - Reflecting table 'yade_voyage' from flex database...
2025-12-05 15:52:09 - OTMS - INFO - Successfully created model for table 'yade_voyage' from flex database
2025-12-05 15:52:09 - OTMS - INFO - Successfully loaded custom table model for 'yade_voyage'
2025-12-05 15:52:09 - OTMS - INFO - Retrieved 19 columns for data source 'yade_voyage'
2025-12-05 15:52:09 - OTMS - INFO - Attempting to load custom table 'yade_voyage'
2025-12-05 15:52:09 - OTMS - INFO - Reflecting table 'yade_voyage' from flex database...
2025-12-05 15:52:09 - OTMS - INFO - Successfully created model for table 'yade_voyage' from flex database
2025-12-05 15:52:09 - OTMS - INFO - Successfully loaded custom table model for 'yade_voyage'
2025-12-05 15:52:09 - OTMS - INFO - Retrieved 19 columns for data source 'yade_voyage'
2025-12-05 15:52:10 - OTMS - INFO - Attempting to load custom table 'yade_voyage'
2025-12-05 15:52:10 - OTMS - INFO - Reflecting table 'yade_voyage' from flex database...
2025-12-05 15:52:10 - OTMS - INFO - Successfully created model for table 'yade_voyage' from flex database
2025-12-05 15:52:10 - OTMS - INFO - Successfully loaded custom table model for 'yade_voyage'
2025-12-05 15:52:10 - OTMS - INFO - Retrieved 19 columns for data source 'yade_voyage'
2025-12-05 15:52:10 - OTMS - INFO - Attempting to load custom table 'toa_yade_summary'
2025-12-05 15:52:10 - OTMS - INFO - Reflecting table 'toa_yade_summary' from flex database...
2025-12-05 15:52:10 - OTMS - INFO - Successfully created model for table 'toa_yade_summary' from flex database
2025-12-05 15:52:10 - OTMS - INFO - Successfully loaded custom table model for 'toa_yade_summary'
2025-12-05 15:52:10 - OTMS - INFO - Retrieved 20 columns for data source 'toa_yade_summary'
2025-12-05 15:52:10 - OTMS - INFO - Attempting to load custom table 'toa_yade_summary'
2025-12-05 15:52:10 - OTMS - INFO - Reflecting table 'toa_yade_summary' from flex database...
2025-12-05 15:52:10 - OTMS - INFO - Successfully created model for table 'toa_yade_summary' from flex database
2025-12-05 15:52:10 - OTMS - INFO - Successfully loaded custom table model for 'toa_yade_summary'
2025-12-05 15:52:10 - OTMS - INFO - Retrieved 20 columns for data source 'toa_yade_summary'
2025-12-05 15:52:10 - OTMS - INFO - Attempting to load custom table 'toa_yade_summary'
2025-12-05 15:52:10 - OTMS - INFO - Reflecting table 'toa_yade_summary' from flex database...
2025-12-05 15:52:10 - OTMS - INFO - Successfully created model for table 'toa_yade_summary' from flex database
2025-12-05 15:52:10 - OTMS - INFO - Successfully loaded custom table model for 'toa_yade_summary'
2025-12-05 15:52:10 - OTMS - INFO - Retrieved 20 columns for data source 'toa_yade_summary'
2025-12-05 15:52:11 - OTMS - INFO - Loaded 68 tables from primary database
2025-12-05 15:52:11 - OTMS - INFO - Loaded 68 tables from flexible database
2025-12-05 15:52:11 - OTMS - INFO - Added 0 additional custom tables from location_config
2025-12-05 15:52:11 - OTMS - INFO - Attempting to load custom table 'yade_voyage'
2025-12-05 15:52:11 - OTMS - INFO - Reflecting table 'yade_voyage' from flex database...
2025-12-05 15:52:11 - OTMS - INFO - Successfully created model for table 'yade_voyage' from flex database
2025-12-05 15:52:11 - OTMS - INFO - Successfully loaded custom table model for 'yade_voyage'
2025-12-05 15:52:11 - OTMS - INFO - Retrieved 19 columns for data source 'yade_voyage'
2025-12-05 15:52:11 - OTMS - INFO - Attempting to load custom table 'toa_yade_summary'
2025-12-05 15:52:11 - OTMS - INFO - Reflecting table 'toa_yade_summary' from flex database...
2025-12-05 15:52:11 - OTMS - INFO - Successfully created model for table 'toa_yade_summary' from flex database
2025-12-05 15:52:11 - OTMS - INFO - Successfully loaded custom table model for 'toa_yade_summary'
2025-12-05 15:52:11 - OTMS - INFO - Retrieved 20 columns for data source 'toa_yade_summary'
2025-12-05 15:52:11 - OTMS - INFO - Attempting to load custom table 'yade_voyage'
2025-12-05 15:52:11 - OTMS - INFO - Reflecting table 'yade_voyage' from flex database...
2025-12-05 15:52:11 - OTMS - INFO - Successfully created model for table 'yade_voyage' from flex database
2025-12-05 15:52:11 - OTMS - INFO - Successfully loaded custom table model for 'yade_voyage'
2025-12-05 15:52:11 - OTMS - INFO - Retrieved 19 columns for data source 'yade_voyage'
2025-12-05 15:52:11 - OTMS - INFO - Attempting to load custom table 'yade_voyage'
2025-12-05 15:52:11 - OTMS - INFO - Reflecting table 'yade_voyage' from flex database...
2025-12-05 15:52:11 - OTMS - INFO - Successfully created model for table 'yade_voyage' from flex database
2025-12-05 15:52:11 - OTMS - INFO - Successfully loaded custom table model for 'yade_voyage'
2025-12-05 15:52:11 - OTMS - INFO - Retrieved 19 columns for data source 'yade_voyage'
2025-12-05 15:52:11 - OTMS - INFO - Attempting to load custom table 'yade_voyage'
2025-12-05 15:52:11 - OTMS - INFO - Reflecting table 'yade_voyage' from flex database...
2025-12-05 15:52:11 - OTMS - INFO - Successfully created model for table 'yade_voyage' from flex database
2025-12-05 15:52:11 - OTMS - INFO - Successfully loaded custom table model for 'yade_voyage'
2025-12-05 15:52:11 - OTMS - INFO - Retrieved 19 columns for data source 'yade_voyage'
2025-12-05 15:52:11 - OTMS - INFO - Attempting to load custom table 'toa_yade_summary'
2025-12-05 15:52:11 - OTMS - INFO - Reflecting table 'toa_yade_summary' from flex database...
2025-12-05 15:52:11 - OTMS - INFO - Successfully created model for table 'toa_yade_summary' from flex database
2025-12-05 15:52:11 - OTMS - INFO - Successfully loaded custom table model for 'toa_yade_summary'
2025-12-05 15:52:11 - OTMS - INFO - Retrieved 20 columns for data source 'toa_yade_summary'
2025-12-05 15:52:11 - OTMS - INFO - Attempting to load custom table 'toa_yade_summary'
2025-12-05 15:52:11 - OTMS - INFO - Reflecting table 'toa_yade_summary' from flex database...
2025-12-05 15:52:11 - OTMS - INFO - Successfully created model for table 'toa_yade_summary' from flex database
2025-12-05 15:52:11 - OTMS - INFO - Successfully loaded custom table model for 'toa_yade_summary'
2025-12-05 15:52:11 - OTMS - INFO - Retrieved 20 columns for data source 'toa_yade_summary'
2025-12-05 15:52:11 - OTMS - INFO - Attempting to load custom table 'toa_yade_summary'
2025-12-05 15:52:11 - OTMS - INFO - Reflecting table 'toa_yade_summary' from flex database...
2025-12-05 15:52:11 - OTMS - INFO - Successfully created model for table 'toa_yade_summary' from flex database
2025-12-05 15:52:11 - OTMS - INFO - Successfully loaded custom table model for 'toa_yade_summary'
2025-12-05 15:52:11 - OTMS - INFO - Retrieved 20 columns for data source 'toa_yade_summary'
2025-12-05 15:52:20 - OTMS - INFO - Loaded 68 tables from primary database
2025-12-05 15:52:20 - OTMS - INFO - Loaded 68 tables from flexible database
2025-12-05 15:52:20 - OTMS - INFO - Added 0 additional custom tables from location_config
2025-12-05 15:52:20 - OTMS - INFO - Attempting to load custom table 'yade_voyage'
2025-12-05 15:52:20 - OTMS - INFO - Reflecting table 'yade_voyage' from flex database...
2025-12-05 15:52:20 - OTMS - INFO - Successfully created model for table 'yade_voyage' from flex database
2025-12-05 15:52:20 - OTMS - INFO - Successfully loaded custom table model for 'yade_voyage'
2025-12-05 15:52:20 - OTMS - INFO - Retrieved 19 columns for data source 'yade_voyage'
2025-12-05 15:52:20 - OTMS - INFO - Attempting to load custom table 'toa_yade_summary'
2025-12-05 15:52:20 - OTMS - INFO - Reflecting table 'toa_yade_summary' from flex database...
2025-12-05 15:52:20 - OTMS - INFO - Successfully created model for table 'toa_yade_summary' from flex database
2025-12-05 15:52:20 - OTMS - INFO - Successfully loaded custom table model for 'toa_yade_summary'
2025-12-05 15:52:20 - OTMS - INFO - Retrieved 20 columns for data source 'toa_yade_summary'
2025-12-05 15:52:20 - OTMS - INFO - Attempting to load custom table 'yade_voyage'
2025-12-05 15:52:20 - OTMS - INFO - Reflecting table 'yade_voyage' from flex database...
2025-12-05 15:52:20 - OTMS - INFO - Successfully created model for table 'yade_voyage' from flex database
2025-12-05 15:52:20 - OTMS - INFO - Successfully loaded custom table model for 'yade_voyage'
2025-12-05 15:52:20 - OTMS - INFO - Retrieved 19 columns for data source 'yade_voyage'
2025-12-05 15:52:20 - OTMS - INFO - Attempting to load custom table 'yade_voyage'
2025-12-05 15:52:20 - OTMS - INFO - Reflecting table 'yade_voyage' from flex database...
2025-12-05 15:52:20 - OTMS - INFO - Successfully created model for table 'yade_voyage' from flex database
2025-12-05 15:52:20 - OTMS - INFO - Successfully loaded custom table model for 'yade_voyage'
2025-12-05 15:52:20 - OTMS - INFO - Retrieved 19 columns for data source 'yade_voyage'
2025-12-05 15:52:20 - OTMS - INFO - Attempting to load custom table 'yade_voyage'
2025-12-05 15:52:20 - OTMS - INFO - Reflecting table 'yade_voyage' from flex database...
2025-12-05 15:52:20 - OTMS - INFO - Successfully created model for table 'yade_voyage' from flex database
2025-12-05 15:52:20 - OTMS - INFO - Successfully loaded custom table model for 'yade_voyage'
2025-12-05 15:52:20 - OTMS - INFO - Retrieved 19 columns for data source 'yade_voyage'
2025-12-05 15:52:20 - OTMS - INFO - Attempting to load custom table 'toa_yade_summary'
2025-12-05 15:52:20 - OTMS - INFO - Reflecting table 'toa_yade_summary' from flex database...
2025-12-05 15:52:20 - OTMS - INFO - Successfully created model for table 'toa_yade_summary' from flex database
2025-12-05 15:52:20 - OTMS - INFO - Successfully loaded custom table model for 'toa_yade_summary'
2025-12-05 15:52:20 - OTMS - INFO - Retrieved 20 columns for data source 'toa_yade_summary'
2025-12-05 15:52:20 - OTMS - INFO - Attempting to load custom table 'toa_yade_summary'
2025-12-05 15:52:20 - OTMS - INFO - Reflecting table 'toa_yade_summary' from flex database...
2025-12-05 15:52:20 - OTMS - INFO - Successfully created model for table 'toa_yade_summary' from flex database
2025-12-05 15:52:20 - OTMS - INFO - Successfully loaded custom table model for 'toa_yade_summary'
2025-12-05 15:52:20 - OTMS - INFO - Retrieved 20 columns for data source 'toa_yade_summary'
2025-12-05 15:52:20 - OTMS - INFO - Attempting to load custom table 'toa_yade_summary'
2025-12-05 15:52:20 - OTMS - INFO - Reflecting table 'toa_yade_summary' from flex database...
2025-12-05 15:52:20 - OTMS - INFO - Successfully created model for table 'toa_yade_summary' from flex database
2025-12-05 15:52:20 - OTMS - INFO - Successfully loaded custom table model for 'toa_yade_summary'
2025-12-05 15:52:20 - OTMS - INFO - Retrieved 20 columns for data source 'toa_yade_summary'
2025-12-05 15:52:25 - OTMS - INFO - Attempting to load custom table model for 'yade_voyage'
2025-12-05 15:52:25 - OTMS - INFO - Reflecting table 'yade_voyage' from flex database...
2025-12-05 15:52:25 - OTMS - INFO - Successfully created model for table 'yade_voyage' from flex database
2025-12-05 15:52:25 - OTMS - INFO - Successfully loaded model for custom table 'yade_voyage'
2025-12-05 15:52:25 - OTMS - INFO - Reflecting table 'toa_yade_summary' from flex database...
2025-12-05 15:52:25 - OTMS - INFO - Successfully created model for table 'toa_yade_summary' from flex database
2025-12-05 15:52:34 - OTMS - INFO - Reflecting table 'flex_meters_2' from flex database...
2025-12-05 15:52:34 - OTMS - INFO - Successfully created model for table 'flex_meters_2' from flex database
2025-12-05 15:52:38 - OTMS - INFO - Reflecting table 'flex_produced_water_2' from flex database...
2025-12-05 15:52:38 - OTMS - INFO - Successfully created model for table 'flex_produced_water_2' from flex database
2025-12-05 15:52:50 - OTMS - INFO - Attempting to load custom table model for 'yade_voyage'
2025-12-05 15:52:50 - OTMS - INFO - Reflecting table 'yade_voyage' from flex database...
2025-12-05 15:52:50 - OTMS - INFO - Successfully created model for table 'yade_voyage' from flex database
2025-12-05 15:52:50 - OTMS - INFO - Successfully loaded model for custom table 'yade_voyage'
2025-12-05 15:52:50 - OTMS - INFO - Reflecting table 'toa_yade_summary' from flex database...
2025-12-05 15:52:50 - OTMS - INFO - Successfully created model for table 'toa_yade_summary' from flex database
2025-12-05 15:52:53 - OTMS - INFO - Attempting to load custom table model for 'yade_voyage'
2025-12-05 15:52:53 - OTMS - INFO - Reflecting table 'yade_voyage' from flex database...
2025-12-05 15:52:53 - OTMS - INFO - Successfully created model for table 'yade_voyage' from flex database
2025-12-05 15:52:53 - OTMS - INFO - Successfully loaded model for custom table 'yade_voyage'
2025-12-05 15:52:53 - OTMS - INFO - Reflecting table 'toa_yade_summary' from flex database...
2025-12-05 15:52:53 - OTMS - INFO - Successfully created model for table 'toa_yade_summary' from flex database
2025-12-05 15:52:55 - OTMS - INFO - Attempting to load custom table model for 'yade_voyage'
2025-12-05 15:52:55 - OTMS - INFO - Reflecting table 'yade_voyage' from flex database...
2025-12-05 15:52:55 - OTMS - INFO - Successfully created model for table 'yade_voyage' from flex database
2025-12-05 15:52:55 - OTMS - INFO - Successfully loaded model for custom table 'yade_voyage'
2025-12-05 15:52:55 - OTMS - INFO - Reflecting table 'toa_yade_summary' from flex database...
2025-12-05 15:52:55 - OTMS - INFO - Successfully created model for table 'toa_yade_summary' from flex database
2025-12-05 15:53:13 - OTMS - INFO - Loaded 68 tables from primary database
2025-12-05 15:53:13 - OTMS - INFO - Loaded 68 tables from flexible database
2025-12-05 15:53:13 - OTMS - INFO - Added 0 additional custom tables from location_config
2025-12-05 15:53:14 - OTMS - INFO - Attempting to load custom table 'audit_log'
2025-12-05 15:53:14 - OTMS - INFO - Reflecting table 'audit_log' from flex database...
2025-12-05 15:53:14 - OTMS - INFO - Successfully created model for table 'audit_log' from flex database
2025-12-05 15:53:14 - OTMS - INFO - Successfully loaded custom table model for 'audit_log'
2025-12-05 15:53:14 - OTMS - INFO - Retrieved 11 columns for data source 'audit_log'
2025-12-05 15:53:14 - OTMS - INFO - Attempting to load custom table 'audit_log'
2025-12-05 15:53:14 - OTMS - INFO - Reflecting table 'audit_log' from flex database...
2025-12-05 15:53:14 - OTMS - INFO - Successfully created model for table 'audit_log' from flex database
2025-12-05 15:53:14 - OTMS - INFO - Successfully loaded custom table model for 'audit_log'
2025-12-05 15:53:14 - OTMS - INFO - Retrieved 11 columns for data source 'audit_log'
2025-12-05 15:53:14 - OTMS - INFO - Attempting to load custom table 'audit_log'
2025-12-05 15:53:14 - OTMS - INFO - Reflecting table 'audit_log' from flex database...
2025-12-05 15:53:14 - OTMS - INFO - Successfully created model for table 'audit_log' from flex database
2025-12-05 15:53:14 - OTMS - INFO - Successfully loaded custom table model for 'audit_log'
2025-12-05 15:53:14 - OTMS - INFO - Retrieved 11 columns for data source 'audit_log'
2025-12-05 15:53:14 - OTMS - INFO - Attempting to load custom table 'audit_log'
2025-12-05 15:53:14 - OTMS - INFO - Reflecting table 'audit_log' from flex database...
2025-12-05 15:53:14 - OTMS - INFO - Successfully created model for table 'audit_log' from flex database
2025-12-05 15:53:14 - OTMS - INFO - Successfully loaded custom table model for 'audit_log'
2025-12-05 15:53:14 - OTMS - INFO - Retrieved 11 columns for data source 'audit_log'
2025-12-05 15:53:14 - OTMS - INFO - Attempting to load custom table 'audit_log'
2025-12-05 15:53:14 - OTMS - INFO - Reflecting table 'audit_log' from flex database...
2025-12-05 15:53:14 - OTMS - INFO - Successfully created model for table 'audit_log' from flex database
2025-12-05 15:53:14 - OTMS - INFO - Successfully loaded custom table model for 'audit_log'
2025-12-05 15:53:14 - OTMS - INFO - Retrieved 11 columns for data source 'audit_log'
2025-12-05 15:53:14 - OTMS - INFO - Attempting to load custom table 'audit_log'
2025-12-05 15:53:14 - OTMS - INFO - Reflecting table 'audit_log' from flex database...
2025-12-05 15:53:14 - OTMS - INFO - Successfully created model for table 'audit_log' from flex database
2025-12-05 15:53:14 - OTMS - INFO - Successfully loaded custom table model for 'audit_log'
2025-12-05 15:53:14 - OTMS - INFO - Retrieved 11 columns for data source 'audit_log'
2025-12-05 15:53:18 - OTMS - INFO - Loaded 68 tables from primary database
2025-12-05 15:53:18 - OTMS - INFO - Loaded 68 tables from flexible database
2025-12-05 15:53:18 - OTMS - INFO - Added 0 additional custom tables from location_config
2025-12-05 15:53:18 - OTMS - INFO - Attempting to load custom table 'audit_log'
2025-12-05 15:53:18 - OTMS - INFO - Reflecting table 'audit_log' from flex database...
2025-12-05 15:53:18 - OTMS - INFO - Successfully created model for table 'audit_log' from flex database
2025-12-05 15:53:18 - OTMS - INFO - Successfully loaded custom table model for 'audit_log'
2025-12-05 15:53:18 - OTMS - INFO - Retrieved 11 columns for data source 'audit_log'
2025-12-05 15:53:18 - OTMS - INFO - Attempting to load custom table 'audit_log'
2025-12-05 15:53:18 - OTMS - INFO - Reflecting table 'audit_log' from flex database...
2025-12-05 15:53:18 - OTMS - INFO - Successfully created model for table 'audit_log' from flex database
2025-12-05 15:53:18 - OTMS - INFO - Successfully loaded custom table model for 'audit_log'
2025-12-05 15:53:18 - OTMS - INFO - Retrieved 11 columns for data source 'audit_log'
2025-12-05 15:53:18 - OTMS - INFO - Attempting to load custom table 'audit_log'
2025-12-05 15:53:18 - OTMS - INFO - Reflecting table 'audit_log' from flex database...
2025-12-05 15:53:18 - OTMS - INFO - Successfully created model for table 'audit_log' from flex database
2025-12-05 15:53:18 - OTMS - INFO - Successfully loaded custom table model for 'audit_log'
2025-12-05 15:53:18 - OTMS - INFO - Retrieved 11 columns for data source 'audit_log'
2025-12-05 15:53:18 - OTMS - INFO - Attempting to load custom table 'audit_log'
2025-12-05 15:53:18 - OTMS - INFO - Reflecting table 'audit_log' from flex database...
2025-12-05 15:53:18 - OTMS - INFO - Successfully created model for table 'audit_log' from flex database
2025-12-05 15:53:18 - OTMS - INFO - Successfully loaded custom table model for 'audit_log'
2025-12-05 15:53:18 - OTMS - INFO - Retrieved 11 columns for data source 'audit_log'
2025-12-05 15:53:18 - OTMS - INFO - Attempting to load custom table 'audit_log'
2025-12-05 15:53:18 - OTMS - INFO - Reflecting table 'audit_log' from flex database...
2025-12-05 15:53:18 - OTMS - INFO - Successfully created model for table 'audit_log' from flex database
2025-12-05 15:53:18 - OTMS - INFO - Successfully loaded custom table model for 'audit_log'
2025-12-05 15:53:18 - OTMS - INFO - Retrieved 11 columns for data source 'audit_log'
2025-12-05 15:53:18 - OTMS - INFO - Attempting to load custom table 'audit_log'
2025-12-05 15:53:18 - OTMS - INFO - Reflecting table 'audit_log' from flex database...
2025-12-05 15:53:18 - OTMS - INFO - Successfully created model for table 'audit_log' from flex database
2025-12-05 15:53:18 - OTMS - INFO - Successfully loaded custom table model for 'audit_log'
2025-12-05 15:53:18 - OTMS - INFO - Retrieved 11 columns for data source 'audit_log'
2025-12-05 15:55:35 - OTMS - INFO - Loaded 68 tables from primary database
2025-12-05 15:55:35 - OTMS - INFO - Loaded 68 tables from flexible database
2025-12-05 15:55:35 - OTMS - INFO - Added 0 additional custom tables from location_config
2025-12-05 15:55:35 - OTMS - INFO - Attempting to load custom table 'audit_log'
2025-12-05 15:55:35 - OTMS - INFO - Reflecting table 'audit_log' from flex database...
2025-12-05 15:55:35 - OTMS - INFO - Successfully created model for table 'audit_log' from flex database
2025-12-05 15:55:35 - OTMS - INFO - Successfully loaded custom table model for 'audit_log'
2025-12-05 15:55:35 - OTMS - INFO - Retrieved 11 columns for data source 'audit_log'
2025-12-05 15:55:35 - OTMS - INFO - Attempting to load custom table 'audit_log'
2025-12-05 15:55:35 - OTMS - INFO - Reflecting table 'audit_log' from flex database...
2025-12-05 15:55:35 - OTMS - INFO - Successfully created model for table 'audit_log' from flex database
2025-12-05 15:55:35 - OTMS - INFO - Successfully loaded custom table model for 'audit_log'
2025-12-05 15:55:35 - OTMS - INFO - Retrieved 11 columns for data source 'audit_log'
2025-12-05 15:55:35 - OTMS - INFO - Attempting to load custom table 'audit_log'
2025-12-05 15:55:35 - OTMS - INFO - Reflecting table 'audit_log' from flex database...
2025-12-05 15:55:35 - OTMS - INFO - Successfully created model for table 'audit_log' from flex database
2025-12-05 15:55:35 - OTMS - INFO - Successfully loaded custom table model for 'audit_log'
2025-12-05 15:55:35 - OTMS - INFO - Retrieved 11 columns for data source 'audit_log'
2025-12-05 15:55:35 - OTMS - INFO - Attempting to load custom table 'audit_log'
2025-12-05 15:55:35 - OTMS - INFO - Reflecting table 'audit_log' from flex database...
2025-12-05 15:55:35 - OTMS - INFO - Successfully created model for table 'audit_log' from flex database
2025-12-05 15:55:35 - OTMS - INFO - Successfully loaded custom table model for 'audit_log'
2025-12-05 15:55:35 - OTMS - INFO - Retrieved 11 columns for data source 'audit_log'
2025-12-05 15:55:35 - OTMS - INFO - Attempting to load custom table 'audit_log'
2025-12-05 15:55:35 - OTMS - INFO - Reflecting table 'audit_log' from flex database...
2025-12-05 15:55:35 - OTMS - INFO - Successfully created model for table 'audit_log' from flex database
2025-12-05 15:55:35 - OTMS - INFO - Successfully loaded custom table model for 'audit_log'
2025-12-05 15:55:35 - OTMS - INFO - Retrieved 11 columns for data source 'audit_log'
2025-12-05 15:55:35 - OTMS - INFO - Attempting to load custom table 'audit_log'
2025-12-05 15:55:35 - OTMS - INFO - Reflecting table 'audit_log' from flex database...
2025-12-05 15:55:35 - OTMS - INFO - Successfully created model for table 'audit_log' from flex database
2025-12-05 15:55:35 - OTMS - INFO - Successfully loaded custom table model for 'audit_log'
2025-12-05 15:55:35 - OTMS - INFO - Retrieved 11 columns for data source 'audit_log'
2025-12-05 15:55:35 - OTMS - INFO - Loaded 68 tables from primary database
2025-12-05 15:55:35 - OTMS - INFO - Loaded 68 tables from flexible database
2025-12-05 15:55:35 - OTMS - INFO - Added 0 additional custom tables from location_config
2025-12-05 15:55:35 - OTMS - INFO - Attempting to load custom table 'audit_log'
2025-12-05 15:55:35 - OTMS - INFO - Reflecting table 'audit_log' from flex database...
2025-12-05 15:55:35 - OTMS - INFO - Successfully created model for table 'audit_log' from flex database
2025-12-05 15:55:35 - OTMS - INFO - Successfully loaded custom table model for 'audit_log'
2025-12-05 15:55:35 - OTMS - INFO - Retrieved 11 columns for data source 'audit_log'
2025-12-05 15:55:35 - OTMS - INFO - Attempting to load custom table 'audit_log'
2025-12-05 15:55:35 - OTMS - INFO - Reflecting table 'audit_log' from flex database...
2025-12-05 15:55:35 - OTMS - INFO - Successfully created model for table 'audit_log' from flex database
2025-12-05 15:55:35 - OTMS - INFO - Successfully loaded custom table model for 'audit_log'
2025-12-05 15:55:35 - OTMS - INFO - Retrieved 11 columns for data source 'audit_log'
2025-12-05 15:55:35 - OTMS - INFO - Attempting to load custom table 'audit_log'
2025-12-05 15:55:35 - OTMS - INFO - Reflecting table 'audit_log' from flex database...
2025-12-05 15:55:35 - OTMS - INFO - Successfully created model for table 'audit_log' from flex database
2025-12-05 15:55:35 - OTMS - INFO - Successfully loaded custom table model for 'audit_log'
2025-12-05 15:55:35 - OTMS - INFO - Retrieved 11 columns for data source 'audit_log'
2025-12-05 15:55:35 - OTMS - INFO - Attempting to load custom table 'audit_log'
2025-12-05 15:55:35 - OTMS - INFO - Reflecting table 'audit_log' from flex database...
2025-12-05 15:55:35 - OTMS - INFO - Successfully created model for table 'audit_log' from flex database
2025-12-05 15:55:35 - OTMS - INFO - Successfully loaded custom table model for 'audit_log'
2025-12-05 15:55:35 - OTMS - INFO - Retrieved 11 columns for data source 'audit_log'
2025-12-05 15:55:35 - OTMS - INFO - Attempting to load custom table 'audit_log'
2025-12-05 15:55:35 - OTMS - INFO - Reflecting table 'audit_log' from flex database...
2025-12-05 15:55:35 - OTMS - INFO - Successfully created model for table 'audit_log' from flex database
2025-12-05 15:55:35 - OTMS - INFO - Successfully loaded custom table model for 'audit_log'
2025-12-05 15:55:35 - OTMS - INFO - Retrieved 11 columns for data source 'audit_log'
2025-12-05 15:55:35 - OTMS - INFO - Attempting to load custom table 'audit_log'
2025-12-05 15:55:35 - OTMS - INFO - Reflecting table 'audit_log' from flex database...
2025-12-05 15:55:35 - OTMS - INFO - Successfully created model for table 'audit_log' from flex database
2025-12-05 15:55:35 - OTMS - INFO - Successfully loaded custom table model for 'audit_log'
2025-12-05 15:55:35 - OTMS - INFO - Retrieved 11 columns for data source 'audit_log'
2025-12-05 15:55:38 - OTMS - INFO - Loaded 68 tables from primary database
2025-12-05 15:55:38 - OTMS - INFO - Loaded 68 tables from flexible database
2025-12-05 15:55:38 - OTMS - INFO - Added 0 additional custom tables from location_config
2025-12-05 15:55:38 - OTMS - INFO - Attempting to load custom table 'audit_log'
2025-12-05 15:55:38 - OTMS - INFO - Reflecting table 'audit_log' from flex database...
2025-12-05 15:55:38 - OTMS - INFO - Successfully created model for table 'audit_log' from flex database
2025-12-05 15:55:38 - OTMS - INFO - Successfully loaded custom table model for 'audit_log'
2025-12-05 15:55:38 - OTMS - INFO - Retrieved 11 columns for data source 'audit_log'
2025-12-05 15:55:38 - OTMS - INFO - Attempting to load custom table 'audit_log'
2025-12-05 15:55:38 - OTMS - INFO - Reflecting table 'audit_log' from flex database...
2025-12-05 15:55:38 - OTMS - INFO - Successfully created model for table 'audit_log' from flex database
2025-12-05 15:55:38 - OTMS - INFO - Successfully loaded custom table model for 'audit_log'
2025-12-05 15:55:38 - OTMS - INFO - Retrieved 11 columns for data source 'audit_log'
2025-12-05 15:55:38 - OTMS - INFO - Attempting to load custom table 'audit_log'
2025-12-05 15:55:38 - OTMS - INFO - Reflecting table 'audit_log' from flex database...
2025-12-05 15:55:38 - OTMS - INFO - Successfully created model for table 'audit_log' from flex database
2025-12-05 15:55:38 - OTMS - INFO - Successfully loaded custom table model for 'audit_log'
2025-12-05 15:55:38 - OTMS - INFO - Retrieved 11 columns for data source 'audit_log'
2025-12-05 15:55:38 - OTMS - INFO - Attempting to load custom table 'audit_log'
2025-12-05 15:55:38 - OTMS - INFO - Reflecting table 'audit_log' from flex database...
2025-12-05 15:55:38 - OTMS - INFO - Successfully created model for table 'audit_log' from flex database
2025-12-05 15:55:38 - OTMS - INFO - Successfully loaded custom table model for 'audit_log'
2025-12-05 15:55:38 - OTMS - INFO - Retrieved 11 columns for data source 'audit_log'
2025-12-05 15:55:38 - OTMS - INFO - Attempting to load custom table 'audit_log'
2025-12-05 15:55:38 - OTMS - INFO - Reflecting table 'audit_log' from flex database...
2025-12-05 15:55:38 - OTMS - INFO - Successfully created model for table 'audit_log' from flex database
2025-12-05 15:55:38 - OTMS - INFO - Successfully loaded custom table model for 'audit_log'
2025-12-05 15:55:38 - OTMS - INFO - Retrieved 11 columns for data source 'audit_log'
2025-12-05 15:55:38 - OTMS - INFO - Attempting to load custom table 'audit_log'
2025-12-05 15:55:38 - OTMS - INFO - Reflecting table 'audit_log' from flex database...
2025-12-05 15:55:38 - OTMS - INFO - Successfully created model for table 'audit_log' from flex database
2025-12-05 15:55:38 - OTMS - INFO - Successfully loaded custom table model for 'audit_log'
2025-12-05 15:55:38 - OTMS - INFO - Retrieved 11 columns for data source 'audit_log'
2025-12-05 15:55:38 - OTMS - INFO - Loaded 68 tables from primary database
2025-12-05 15:55:38 - OTMS - INFO - Loaded 68 tables from flexible database
2025-12-05 15:55:38 - OTMS - INFO - Added 0 additional custom tables from location_config
2025-12-05 15:55:38 - OTMS - INFO - Attempting to load custom table 'audit_log'
2025-12-05 15:55:38 - OTMS - INFO - Reflecting table 'audit_log' from flex database...
2025-12-05 15:55:38 - OTMS - INFO - Successfully created model for table 'audit_log' from flex database
2025-12-05 15:55:38 - OTMS - INFO - Successfully loaded custom table model for 'audit_log'
2025-12-05 15:55:38 - OTMS - INFO - Retrieved 11 columns for data source 'audit_log'
2025-12-05 15:55:38 - OTMS - INFO - Attempting to load custom table 'audit_log'
2025-12-05 15:55:38 - OTMS - INFO - Reflecting table 'audit_log' from flex database...
2025-12-05 15:55:38 - OTMS - INFO - Successfully created model for table 'audit_log' from flex database
2025-12-05 15:55:38 - OTMS - INFO - Successfully loaded custom table model for 'audit_log'
2025-12-05 15:55:38 - OTMS - INFO - Retrieved 11 columns for data source 'audit_log'
2025-12-05 15:55:38 - OTMS - INFO - Attempting to load custom table 'audit_log'
2025-12-05 15:55:38 - OTMS - INFO - Reflecting table 'audit_log' from flex database...
2025-12-05 15:55:38 - OTMS - INFO - Successfully created model for table 'audit_log' from flex database
2025-12-05 15:55:38 - OTMS - INFO - Successfully loaded custom table model for 'audit_log'
2025-12-05 15:55:38 - OTMS - INFO - Retrieved 11 columns for data source 'audit_log'
2025-12-05 15:55:38 - OTMS - INFO - Attempting to load custom table 'audit_log'
2025-12-05 15:55:38 - OTMS - INFO - Reflecting table 'audit_log' from flex database...
2025-12-05 15:55:38 - OTMS - INFO - Successfully created model for table 'audit_log' from flex database
2025-12-05 15:55:38 - OTMS - INFO - Successfully loaded custom table model for 'audit_log'
2025-12-05 15:55:38 - OTMS - INFO - Retrieved 11 columns for data source 'audit_log'
2025-12-05 15:55:38 - OTMS - INFO - Attempting to load custom table 'audit_log'
2025-12-05 15:55:38 - OTMS - INFO - Reflecting table 'audit_log' from flex database...
2025-12-05 15:55:38 - OTMS - INFO - Successfully created model for table 'audit_log' from flex database
2025-12-05 15:55:38 - OTMS - INFO - Successfully loaded custom table model for 'audit_log'
2025-12-05 15:55:38 - OTMS - INFO - Retrieved 11 columns for data source 'audit_log'
2025-12-05 15:55:38 - OTMS - INFO - Attempting to load custom table 'audit_log'
2025-12-05 15:55:38 - OTMS - INFO - Reflecting table 'audit_log' from flex database...
2025-12-05 15:55:38 - OTMS - INFO - Successfully created model for table 'audit_log' from flex database
2025-12-05 15:55:38 - OTMS - INFO - Successfully loaded custom table model for 'audit_log'
2025-12-05 15:55:38 - OTMS - INFO - Retrieved 11 columns for data source 'audit_log'
2025-12-05 15:55:41 - OTMS - INFO - Loaded 68 tables from primary database
2025-12-05 15:55:41 - OTMS - INFO - Loaded 68 tables from flexible database
2025-12-05 15:55:41 - OTMS - INFO - Added 0 additional custom tables from location_config
2025-12-05 15:55:41 - OTMS - INFO - Attempting to load custom table 'audit_log'
2025-12-05 15:55:41 - OTMS - INFO - Reflecting table 'audit_log' from flex database...
2025-12-05 15:55:41 - OTMS - INFO - Successfully created model for table 'audit_log' from flex database
2025-12-05 15:55:41 - OTMS - INFO - Successfully loaded custom table model for 'audit_log'
2025-12-05 15:55:41 - OTMS - INFO - Retrieved 11 columns for data source 'audit_log'
2025-12-05 15:55:41 - OTMS - INFO - Attempting to load custom table 'audit_log'
2025-12-05 15:55:41 - OTMS - INFO - Reflecting table 'audit_log' from flex database...
2025-12-05 15:55:41 - OTMS - INFO - Successfully created model for table 'audit_log' from flex database
2025-12-05 15:55:41 - OTMS - INFO - Successfully loaded custom table model for 'audit_log'
2025-12-05 15:55:41 - OTMS - INFO - Retrieved 11 columns for data source 'audit_log'
2025-12-05 15:55:41 - OTMS - INFO - Attempting to load custom table 'audit_log'
2025-12-05 15:55:41 - OTMS - INFO - Reflecting table 'audit_log' from flex database...
2025-12-05 15:55:41 - OTMS - INFO - Successfully created model for table 'audit_log' from flex database
2025-12-05 15:55:41 - OTMS - INFO - Successfully loaded custom table model for 'audit_log'
2025-12-05 15:55:41 - OTMS - INFO - Retrieved 11 columns for data source 'audit_log'
2025-12-05 15:55:41 - OTMS - INFO - Attempting to load custom table 'audit_log'
2025-12-05 15:55:41 - OTMS - INFO - Reflecting table 'audit_log' from flex database...
2025-12-05 15:55:41 - OTMS - INFO - Successfully created model for table 'audit_log' from flex database
2025-12-05 15:55:41 - OTMS - INFO - Successfully loaded custom table model for 'audit_log'
2025-12-05 15:55:41 - OTMS - INFO - Retrieved 11 columns for data source 'audit_log'
2025-12-05 15:55:41 - OTMS - INFO - Attempting to load custom table 'audit_log'
2025-12-05 15:55:41 - OTMS - INFO - Reflecting table 'audit_log' from flex database...
2025-12-05 15:55:41 - OTMS - INFO - Successfully created model for table 'audit_log' from flex database
2025-12-05 15:55:41 - OTMS - INFO - Successfully loaded custom table model for 'audit_log'
2025-12-05 15:55:41 - OTMS - INFO - Retrieved 11 columns for data source 'audit_log'
2025-12-05 15:55:41 - OTMS - INFO - Attempting to load custom table 'audit_log'
2025-12-05 15:55:41 - OTMS - INFO - Reflecting table 'audit_log' from flex database...
2025-12-05 15:55:41 - OTMS - INFO - Successfully created model for table 'audit_log' from flex database
2025-12-05 15:55:41 - OTMS - INFO - Successfully loaded custom table model for 'audit_log'
2025-12-05 15:55:41 - OTMS - INFO - Retrieved 11 columns for data source 'audit_log'
2025-12-05 17:30:34 - OTMS - INFO - Loaded 68 tables from primary database
2025-12-05 17:30:34 - OTMS - INFO - Loaded 68 tables from flexible database
2025-12-05 17:30:34 - OTMS - INFO - Added 0 additional custom tables from location_config
2025-12-05 17:30:34 - OTMS - INFO - Attempting to load custom table 'audit_log'
2025-12-05 17:30:34 - OTMS - INFO - Reflecting table 'audit_log' from flex database...
2025-12-05 17:30:34 - OTMS - INFO - Successfully created model for table 'audit_log' from flex database
2025-12-05 17:30:34 - OTMS - INFO - Successfully loaded custom table model for 'audit_log'
2025-12-05 17:30:34 - OTMS - INFO - Retrieved 11 columns for data source 'audit_log'
2025-12-05 17:30:34 - OTMS - INFO - Attempting to load custom table 'audit_log'
2025-12-05 17:30:34 - OTMS - INFO - Reflecting table 'audit_log' from flex database...
2025-12-05 17:30:34 - OTMS - INFO - Successfully created model for table 'audit_log' from flex database
2025-12-05 17:30:34 - OTMS - INFO - Successfully loaded custom table model for 'audit_log'
2025-12-05 17:30:34 - OTMS - INFO - Retrieved 11 columns for data source 'audit_log'
2025-12-05 17:30:34 - OTMS - INFO - Attempting to load custom table 'audit_log'
2025-12-05 17:30:34 - OTMS - INFO - Reflecting table 'audit_log' from flex database...
2025-12-05 17:30:34 - OTMS - INFO - Successfully created model for table 'audit_log' from flex database
2025-12-05 17:30:34 - OTMS - INFO - Successfully loaded custom table model for 'audit_log'
2025-12-05 17:30:34 - OTMS - INFO - Retrieved 11 columns for data source 'audit_log'
2025-12-05 17:30:34 - OTMS - INFO - Attempting to load custom table 'audit_log'
2025-12-05 17:30:34 - OTMS - INFO - Reflecting table 'audit_log' from flex database...
2025-12-05 17:30:34 - OTMS - INFO - Successfully created model for table 'audit_log' from flex database
2025-12-05 17:30:34 - OTMS - INFO - Successfully loaded custom table model for 'audit_log'
2025-12-05 17:30:34 - OTMS - INFO - Retrieved 11 columns for data source 'audit_log'
2025-12-05 17:30:34 - OTMS - INFO - Attempting to load custom table 'audit_log'
2025-12-05 17:30:34 - OTMS - INFO - Reflecting table 'audit_log' from flex database...
2025-12-05 17:30:34 - OTMS - INFO - Successfully created model for table 'audit_log' from flex database
2025-12-05 17:30:34 - OTMS - INFO - Successfully loaded custom table model for 'audit_log'
2025-12-05 17:30:34 - OTMS - INFO - Retrieved 11 columns for data source 'audit_log'
2025-12-05 17:30:34 - OTMS - INFO - Attempting to load custom table 'audit_log'
2025-12-05 17:30:34 - OTMS - INFO - Reflecting table 'audit_log' from flex database...
2025-12-05 17:30:34 - OTMS - INFO - Successfully created model for table 'audit_log' from flex database
2025-12-05 17:30:34 - OTMS - INFO - Successfully loaded custom table model for 'audit_log'
2025-12-05 17:30:34 - OTMS - INFO - Retrieved 11 columns for data source 'audit_log'
2025-12-05 17:30:45 - OTMS - INFO - Loaded 68 tables from primary database
2025-12-05 17:30:45 - OTMS - INFO - Loaded 68 tables from flexible database
2025-12-05 17:30:45 - OTMS - INFO - Added 0 additional custom tables from location_config
2025-12-05 17:30:45 - OTMS - INFO - Attempting to load custom table 'audit_log'
2025-12-05 17:30:45 - OTMS - INFO - Reflecting table 'audit_log' from flex database...
2025-12-05 17:30:45 - OTMS - INFO - Successfully created model for table 'audit_log' from flex database
2025-12-05 17:30:45 - OTMS - INFO - Successfully loaded custom table model for 'audit_log'
2025-12-05 17:30:45 - OTMS - INFO - Retrieved 11 columns for data source 'audit_log'
2025-12-05 17:30:45 - OTMS - INFO - Attempting to load custom table 'audit_log'
2025-12-05 17:30:45 - OTMS - INFO - Reflecting table 'audit_log' from flex database...
2025-12-05 17:30:45 - OTMS - INFO - Successfully created model for table 'audit_log' from flex database
2025-12-05 17:30:45 - OTMS - INFO - Successfully loaded custom table model for 'audit_log'
2025-12-05 17:30:45 - OTMS - INFO - Retrieved 11 columns for data source 'audit_log'
2025-12-05 17:30:45 - OTMS - INFO - Attempting to load custom table 'audit_log'
2025-12-05 17:30:45 - OTMS - INFO - Reflecting table 'audit_log' from flex database...
2025-12-05 17:30:45 - OTMS - INFO - Successfully created model for table 'audit_log' from flex database
2025-12-05 17:30:45 - OTMS - INFO - Successfully loaded custom table model for 'audit_log'
2025-12-05 17:30:45 - OTMS - INFO - Retrieved 11 columns for data source 'audit_log'
2025-12-05 17:30:45 - OTMS - INFO - Attempting to load custom table 'audit_log'
2025-12-05 17:30:45 - OTMS - INFO - Reflecting table 'audit_log' from flex database...
2025-12-05 17:30:45 - OTMS - INFO - Successfully created model for table 'audit_log' from flex database
2025-12-05 17:30:45 - OTMS - INFO - Successfully loaded custom table model for 'audit_log'
2025-12-05 17:30:45 - OTMS - INFO - Retrieved 11 columns for data source 'audit_log'
2025-12-05 17:30:45 - OTMS - INFO - Attempting to load custom table 'audit_log'
2025-12-05 17:30:45 - OTMS - INFO - Reflecting table 'audit_log' from flex database...
2025-12-05 17:30:45 - OTMS - INFO - Successfully created model for table 'audit_log' from flex database
2025-12-05 17:30:45 - OTMS - INFO - Successfully loaded custom table model for 'audit_log'
2025-12-05 17:30:45 - OTMS - INFO - Retrieved 11 columns for data source 'audit_log'
2025-12-05 17:30:45 - OTMS - INFO - Attempting to load custom table 'audit_log'
2025-12-05 17:30:45 - OTMS - INFO - Reflecting table 'audit_log' from flex database...
2025-12-05 17:30:45 - OTMS - INFO - Successfully created model for table 'audit_log' from flex database
2025-12-05 17:30:45 - OTMS - INFO - Successfully loaded custom table model for 'audit_log'
2025-12-05 17:30:45 - OTMS - INFO - Retrieved 11 columns for data source 'audit_log'
2025-12-05 17:31:28 - OTMS - INFO - Loaded 68 tables from primary database
2025-12-05 17:31:28 - OTMS - INFO - Loaded 68 tables from flexible database
2025-12-05 17:31:28 - OTMS - INFO - Added 0 additional custom tables from location_config
2025-12-05 17:31:28 - OTMS - INFO - Attempting to load custom table 'audit_log'
2025-12-05 17:31:28 - OTMS - INFO - Reflecting table 'audit_log' from flex database...
2025-12-05 17:31:28 - OTMS - INFO - Successfully created model for table 'audit_log' from flex database
2025-12-05 17:31:28 - OTMS - INFO - Successfully loaded custom table model for 'audit_log'
2025-12-05 17:31:28 - OTMS - INFO - Retrieved 11 columns for data source 'audit_log'
2025-12-05 17:31:28 - OTMS - INFO - Attempting to load custom table 'toa_yade_summary'
2025-12-05 17:31:28 - OTMS - INFO - Reflecting table 'toa_yade_summary' from flex database...
2025-12-05 17:31:28 - OTMS - INFO - Successfully created model for table 'toa_yade_summary' from flex database
2025-12-05 17:31:28 - OTMS - INFO - Successfully loaded custom table model for 'toa_yade_summary'
2025-12-05 17:31:28 - OTMS - INFO - Retrieved 20 columns for data source 'toa_yade_summary'
2025-12-05 17:31:28 - OTMS - INFO - Attempting to load custom table 'audit_log'
2025-12-05 17:31:28 - OTMS - INFO - Reflecting table 'audit_log' from flex database...
2025-12-05 17:31:28 - OTMS - INFO - Successfully created model for table 'audit_log' from flex database
2025-12-05 17:31:28 - OTMS - INFO - Successfully loaded custom table model for 'audit_log'
2025-12-05 17:31:28 - OTMS - INFO - Retrieved 11 columns for data source 'audit_log'
2025-12-05 17:31:28 - OTMS - INFO - Attempting to load custom table 'audit_log'
2025-12-05 17:31:28 - OTMS - INFO - Reflecting table 'audit_log' from flex database...
2025-12-05 17:31:28 - OTMS - INFO - Successfully created model for table 'audit_log' from flex database
2025-12-05 17:31:28 - OTMS - INFO - Successfully loaded custom table model for 'audit_log'
2025-12-05 17:31:28 - OTMS - INFO - Retrieved 11 columns for data source 'audit_log'
2025-12-05 17:31:28 - OTMS - INFO - Attempting to load custom table 'audit_log'
2025-12-05 17:31:28 - OTMS - INFO - Reflecting table 'audit_log' from flex database...
2025-12-05 17:31:28 - OTMS - INFO - Successfully created model for table 'audit_log' from flex database
2025-12-05 17:31:28 - OTMS - INFO - Successfully loaded custom table model for 'audit_log'
2025-12-05 17:31:28 - OTMS - INFO - Retrieved 11 columns for data source 'audit_log'
2025-12-05 17:31:28 - OTMS - INFO - Attempting to load custom table 'audit_log'
2025-12-05 17:31:28 - OTMS - INFO - Reflecting table 'audit_log' from flex database...
2025-12-05 17:31:28 - OTMS - INFO - Successfully created model for table 'audit_log' from flex database
2025-12-05 17:31:28 - OTMS - INFO - Successfully loaded custom table model for 'audit_log'
2025-12-05 17:31:28 - OTMS - INFO - Retrieved 11 columns for data source 'audit_log'
2025-12-05 17:34:41 - OTMS - INFO - Loaded 68 tables from primary database
2025-12-05 17:34:41 - OTMS - INFO - Loaded 68 tables from flexible database
2025-12-05 17:34:41 - OTMS - INFO - Added 0 additional custom tables from location_config
2025-12-05 17:34:41 - OTMS - INFO - Attempting to load custom table 'audit_log'
2025-12-05 17:34:41 - OTMS - INFO - Reflecting table 'audit_log' from flex database...
2025-12-05 17:34:41 - OTMS - INFO - Successfully created model for table 'audit_log' from flex database
2025-12-05 17:34:41 - OTMS - INFO - Successfully loaded custom table model for 'audit_log'
2025-12-05 17:34:41 - OTMS - INFO - Retrieved 11 columns for data source 'audit_log'
2025-12-05 17:34:41 - OTMS - INFO - Attempting to load custom table 'toa_yade_summary'
2025-12-05 17:34:41 - OTMS - INFO - Reflecting table 'toa_yade_summary' from flex database...
2025-12-05 17:34:41 - OTMS - INFO - Successfully created model for table 'toa_yade_summary' from flex database
2025-12-05 17:34:41 - OTMS - INFO - Successfully loaded custom table model for 'toa_yade_summary'
2025-12-05 17:34:41 - OTMS - INFO - Retrieved 20 columns for data source 'toa_yade_summary'
2025-12-05 17:34:41 - OTMS - INFO - Attempting to load custom table 'audit_log'
2025-12-05 17:34:41 - OTMS - INFO - Reflecting table 'audit_log' from flex database...
2025-12-05 17:34:41 - OTMS - INFO - Successfully created model for table 'audit_log' from flex database
2025-12-05 17:34:41 - OTMS - INFO - Successfully loaded custom table model for 'audit_log'
2025-12-05 17:34:41 - OTMS - INFO - Retrieved 11 columns for data source 'audit_log'
2025-12-05 17:34:41 - OTMS - INFO - Attempting to load custom table 'audit_log'
2025-12-05 17:34:41 - OTMS - INFO - Reflecting table 'audit_log' from flex database...
2025-12-05 17:34:41 - OTMS - INFO - Successfully created model for table 'audit_log' from flex database
2025-12-05 17:34:41 - OTMS - INFO - Successfully loaded custom table model for 'audit_log'
2025-12-05 17:34:41 - OTMS - INFO - Retrieved 11 columns for data source 'audit_log'
2025-12-05 17:34:41 - OTMS - INFO - Attempting to load custom table 'audit_log'
2025-12-05 17:34:41 - OTMS - INFO - Reflecting table 'audit_log' from flex database...
2025-12-05 17:34:41 - OTMS - INFO - Successfully created model for table 'audit_log' from flex database
2025-12-05 17:34:41 - OTMS - INFO - Successfully loaded custom table model for 'audit_log'
2025-12-05 17:34:41 - OTMS - INFO - Retrieved 11 columns for data source 'audit_log'
2025-12-05 17:34:41 - OTMS - INFO - Attempting to load custom table 'audit_log'
2025-12-05 17:34:41 - OTMS - INFO - Reflecting table 'audit_log' from flex database...
2025-12-05 17:34:41 - OTMS - INFO - Successfully created model for table 'audit_log' from flex database
2025-12-05 17:34:41 - OTMS - INFO - Successfully loaded custom table model for 'audit_log'
2025-12-05 17:34:41 - OTMS - INFO - Retrieved 11 columns for data source 'audit_log'
2025-12-05 17:34:43 - OTMS - INFO - Loaded 68 tables from primary database
2025-12-05 17:34:43 - OTMS - INFO - Loaded 68 tables from flexible database
2025-12-05 17:34:43 - OTMS - INFO - Added 0 additional custom tables from location_config
2025-12-05 17:34:43 - OTMS - INFO - Attempting to load custom table 'audit_log'
2025-12-05 17:34:43 - OTMS - INFO - Reflecting table 'audit_log' from flex database...
2025-12-05 17:34:43 - OTMS - INFO - Successfully created model for table 'audit_log' from flex database
2025-12-05 17:34:43 - OTMS - INFO - Successfully loaded custom table model for 'audit_log'
2025-12-05 17:34:43 - OTMS - INFO - Retrieved 11 columns for data source 'audit_log'
2025-12-05 17:34:43 - OTMS - INFO - Attempting to load custom table 'toa_yade_summary'
2025-12-05 17:34:43 - OTMS - INFO - Reflecting table 'toa_yade_summary' from flex database...
2025-12-05 17:34:43 - OTMS - INFO - Successfully created model for table 'toa_yade_summary' from flex database
2025-12-05 17:34:43 - OTMS - INFO - Successfully loaded custom table model for 'toa_yade_summary'
2025-12-05 17:34:43 - OTMS - INFO - Retrieved 20 columns for data source 'toa_yade_summary'
2025-12-05 17:34:44 - OTMS - INFO - Attempting to load custom table 'audit_log'
2025-12-05 17:34:44 - OTMS - INFO - Reflecting table 'audit_log' from flex database...
2025-12-05 17:34:44 - OTMS - INFO - Successfully created model for table 'audit_log' from flex database
2025-12-05 17:34:44 - OTMS - INFO - Successfully loaded custom table model for 'audit_log'
2025-12-05 17:34:44 - OTMS - INFO - Retrieved 11 columns for data source 'audit_log'
2025-12-05 17:34:44 - OTMS - INFO - Attempting to load custom table 'audit_log'
2025-12-05 17:34:44 - OTMS - INFO - Reflecting table 'audit_log' from flex database...
2025-12-05 17:34:44 - OTMS - INFO - Successfully created model for table 'audit_log' from flex database
2025-12-05 17:34:44 - OTMS - INFO - Successfully loaded custom table model for 'audit_log'
2025-12-05 17:34:44 - OTMS - INFO - Retrieved 11 columns for data source 'audit_log'
2025-12-05 17:34:44 - OTMS - INFO - Attempting to load custom table 'audit_log'
2025-12-05 17:34:44 - OTMS - INFO - Reflecting table 'audit_log' from flex database...
2025-12-05 17:34:44 - OTMS - INFO - Successfully created model for table 'audit_log' from flex database
2025-12-05 17:34:44 - OTMS - INFO - Successfully loaded custom table model for 'audit_log'
2025-12-05 17:34:44 - OTMS - INFO - Retrieved 11 columns for data source 'audit_log'
2025-12-05 17:34:44 - OTMS - INFO - Attempting to load custom table 'audit_log'
2025-12-05 17:34:44 - OTMS - INFO - Reflecting table 'audit_log' from flex database...
2025-12-05 17:34:44 - OTMS - INFO - Successfully created model for table 'audit_log' from flex database
2025-12-05 17:34:44 - OTMS - INFO - Successfully loaded custom table model for 'audit_log'
2025-12-05 17:34:44 - OTMS - INFO - Retrieved 11 columns for data source 'audit_log'
2025-12-05 17:35:16 - OTMS - INFO - Loaded 68 tables from primary database
2025-12-05 17:35:16 - OTMS - INFO - Loaded 68 tables from flexible database
2025-12-05 17:35:16 - OTMS - INFO - Added 0 additional custom tables from location_config
2025-12-05 17:35:16 - OTMS - INFO - Attempting to load custom table 'yade_voyage'
2025-12-05 17:35:16 - OTMS - INFO - Reflecting table 'yade_voyage' from flex database...
2025-12-05 17:35:16 - OTMS - INFO - Successfully created model for table 'yade_voyage' from flex database
2025-12-05 17:35:16 - OTMS - INFO - Successfully loaded custom table model for 'yade_voyage'
2025-12-05 17:35:16 - OTMS - INFO - Retrieved 19 columns for data source 'yade_voyage'
2025-12-05 17:35:16 - OTMS - INFO - Attempting to load custom table 'toa_yade_summary'
2025-12-05 17:35:16 - OTMS - INFO - Reflecting table 'toa_yade_summary' from flex database...
2025-12-05 17:35:16 - OTMS - INFO - Successfully created model for table 'toa_yade_summary' from flex database
2025-12-05 17:35:16 - OTMS - INFO - Successfully loaded custom table model for 'toa_yade_summary'
2025-12-05 17:35:16 - OTMS - INFO - Retrieved 20 columns for data source 'toa_yade_summary'
2025-12-05 17:35:16 - OTMS - INFO - Attempting to load custom table 'audit_log'
2025-12-05 17:35:16 - OTMS - INFO - Reflecting table 'audit_log' from flex database...
2025-12-05 17:35:16 - OTMS - INFO - Successfully created model for table 'audit_log' from flex database
2025-12-05 17:35:16 - OTMS - INFO - Successfully loaded custom table model for 'audit_log'
2025-12-05 17:35:16 - OTMS - INFO - Retrieved 11 columns for data source 'audit_log'
2025-12-05 17:35:16 - OTMS - INFO - Attempting to load custom table 'audit_log'
2025-12-05 17:35:16 - OTMS - INFO - Reflecting table 'audit_log' from flex database...
2025-12-05 17:35:16 - OTMS - INFO - Successfully created model for table 'audit_log' from flex database
2025-12-05 17:35:16 - OTMS - INFO - Successfully loaded custom table model for 'audit_log'
2025-12-05 17:35:16 - OTMS - INFO - Retrieved 11 columns for data source 'audit_log'
2025-12-05 17:35:16 - OTMS - INFO - Attempting to load custom table 'audit_log'
2025-12-05 17:35:16 - OTMS - INFO - Reflecting table 'audit_log' from flex database...
2025-12-05 17:35:16 - OTMS - INFO - Successfully created model for table 'audit_log' from flex database
2025-12-05 17:35:16 - OTMS - INFO - Successfully loaded custom table model for 'audit_log'
2025-12-05 17:35:16 - OTMS - INFO - Retrieved 11 columns for data source 'audit_log'
2025-12-05 17:35:16 - OTMS - INFO - Attempting to load custom table 'audit_log'
2025-12-05 17:35:16 - OTMS - INFO - Reflecting table 'audit_log' from flex database...
2025-12-05 17:35:16 - OTMS - INFO - Successfully created model for table 'audit_log' from flex database
2025-12-05 17:35:16 - OTMS - INFO - Successfully loaded custom table model for 'audit_log'
2025-12-05 17:35:16 - OTMS - INFO - Retrieved 11 columns for data source 'audit_log'
2025-12-05 17:35:29 - OTMS - INFO - Loaded 68 tables from primary database
2025-12-05 17:35:29 - OTMS - INFO - Loaded 68 tables from flexible database
2025-12-05 17:35:29 - OTMS - INFO - Added 0 additional custom tables from location_config
2025-12-05 17:35:29 - OTMS - INFO - Attempting to load custom table 'yade_voyage'
2025-12-05 17:35:29 - OTMS - INFO - Reflecting table 'yade_voyage' from flex database...
2025-12-05 17:35:29 - OTMS - INFO - Successfully created model for table 'yade_voyage' from flex database
2025-12-05 17:35:29 - OTMS - INFO - Successfully loaded custom table model for 'yade_voyage'
2025-12-05 17:35:29 - OTMS - INFO - Retrieved 19 columns for data source 'yade_voyage'
2025-12-05 17:35:29 - OTMS - INFO - Attempting to load custom table 'toa_yade_summary'
2025-12-05 17:35:29 - OTMS - INFO - Reflecting table 'toa_yade_summary' from flex database...
2025-12-05 17:35:29 - OTMS - INFO - Successfully created model for table 'toa_yade_summary' from flex database
2025-12-05 17:35:29 - OTMS - INFO - Successfully loaded custom table model for 'toa_yade_summary'
2025-12-05 17:35:29 - OTMS - INFO - Retrieved 20 columns for data source 'toa_yade_summary'
2025-12-05 17:35:29 - OTMS - INFO - Attempting to load custom table 'audit_log'
2025-12-05 17:35:29 - OTMS - INFO - Reflecting table 'audit_log' from flex database...
2025-12-05 17:35:29 - OTMS - INFO - Successfully created model for table 'audit_log' from flex database
2025-12-05 17:35:29 - OTMS - INFO - Successfully loaded custom table model for 'audit_log'
2025-12-05 17:35:29 - OTMS - INFO - Retrieved 11 columns for data source 'audit_log'
2025-12-05 17:35:29 - OTMS - INFO - Attempting to load custom table 'audit_log'
2025-12-05 17:35:29 - OTMS - INFO - Reflecting table 'audit_log' from flex database...
2025-12-05 17:35:30 - OTMS - INFO - Successfully created model for table 'audit_log' from flex database
2025-12-05 17:35:30 - OTMS - INFO - Successfully loaded custom table model for 'audit_log'
2025-12-05 17:35:30 - OTMS - INFO - Retrieved 11 columns for data source 'audit_log'
2025-12-05 17:35:30 - OTMS - INFO - Attempting to load custom table 'audit_log'
2025-12-05 17:35:30 - OTMS - INFO - Reflecting table 'audit_log' from flex database...
2025-12-05 17:35:30 - OTMS - INFO - Successfully created model for table 'audit_log' from flex database
2025-12-05 17:35:30 - OTMS - INFO - Successfully loaded custom table model for 'audit_log'
2025-12-05 17:35:30 - OTMS - INFO - Retrieved 11 columns for data source 'audit_log'
2025-12-05 17:35:30 - OTMS - INFO - Attempting to load custom table 'audit_log'
2025-12-05 17:35:30 - OTMS - INFO - Reflecting table 'audit_log' from flex database...
2025-12-05 17:35:30 - OTMS - INFO - Successfully created model for table 'audit_log' from flex database
2025-12-05 17:35:30 - OTMS - INFO - Successfully loaded custom table model for 'audit_log'
2025-12-05 17:35:30 - OTMS - INFO - Retrieved 11 columns for data source 'audit_log'
2025-12-05 17:35:37 - OTMS - INFO - Loaded 68 tables from primary database
2025-12-05 17:35:37 - OTMS - INFO - Loaded 68 tables from flexible database
2025-12-05 17:35:37 - OTMS - INFO - Added 0 additional custom tables from location_config
2025-12-05 17:35:37 - OTMS - INFO - Attempting to load custom table 'yade_voyage'
2025-12-05 17:35:37 - OTMS - INFO - Reflecting table 'yade_voyage' from flex database...
2025-12-05 17:35:37 - OTMS - INFO - Successfully created model for table 'yade_voyage' from flex database
2025-12-05 17:35:37 - OTMS - INFO - Successfully loaded custom table model for 'yade_voyage'
2025-12-05 17:35:37 - OTMS - INFO - Retrieved 19 columns for data source 'yade_voyage'
2025-12-05 17:35:37 - OTMS - INFO - Attempting to load custom table 'toa_yade_summary'
2025-12-05 17:35:37 - OTMS - INFO - Reflecting table 'toa_yade_summary' from flex database...
2025-12-05 17:35:37 - OTMS - INFO - Successfully created model for table 'toa_yade_summary' from flex database
2025-12-05 17:35:37 - OTMS - INFO - Successfully loaded custom table model for 'toa_yade_summary'
2025-12-05 17:35:37 - OTMS - INFO - Retrieved 20 columns for data source 'toa_yade_summary'
2025-12-05 17:35:37 - OTMS - INFO - Attempting to load custom table 'audit_log'
2025-12-05 17:35:37 - OTMS - INFO - Reflecting table 'audit_log' from flex database...
2025-12-05 17:35:37 - OTMS - INFO - Successfully created model for table 'audit_log' from flex database
2025-12-05 17:35:37 - OTMS - INFO - Successfully loaded custom table model for 'audit_log'
2025-12-05 17:35:37 - OTMS - INFO - Retrieved 11 columns for data source 'audit_log'
2025-12-05 17:35:37 - OTMS - INFO - Attempting to load custom table 'audit_log'
2025-12-05 17:35:37 - OTMS - INFO - Reflecting table 'audit_log' from flex database...
2025-12-05 17:35:37 - OTMS - INFO - Successfully created model for table 'audit_log' from flex database
2025-12-05 17:35:37 - OTMS - INFO - Successfully loaded custom table model for 'audit_log'
2025-12-05 17:35:37 - OTMS - INFO - Retrieved 11 columns for data source 'audit_log'
2025-12-05 17:35:37 - OTMS - INFO - Attempting to load custom table 'audit_log'
2025-12-05 17:35:37 - OTMS - INFO - Reflecting table 'audit_log' from flex database...
2025-12-05 17:35:37 - OTMS - INFO - Successfully created model for table 'audit_log' from flex database
2025-12-05 17:35:37 - OTMS - INFO - Successfully loaded custom table model for 'audit_log'
2025-12-05 17:35:37 - OTMS - INFO - Retrieved 11 columns for data source 'audit_log'
2025-12-05 17:35:37 - OTMS - INFO - Attempting to load custom table 'audit_log'
2025-12-05 17:35:37 - OTMS - INFO - Reflecting table 'audit_log' from flex database...
2025-12-05 17:35:37 - OTMS - INFO - Successfully created model for table 'audit_log' from flex database
2025-12-05 17:35:37 - OTMS - INFO - Successfully loaded custom table model for 'audit_log'
2025-12-05 17:35:37 - OTMS - INFO - Retrieved 11 columns for data source 'audit_log'
2025-12-05 17:35:51 - OTMS - INFO - Loaded 68 tables from primary database
2025-12-05 17:35:51 - OTMS - INFO - Loaded 68 tables from flexible database
2025-12-05 17:35:51 - OTMS - INFO - Added 0 additional custom tables from location_config
2025-12-05 17:35:51 - OTMS - INFO - Attempting to load custom table 'yade_voyage'
2025-12-05 17:35:51 - OTMS - INFO - Reflecting table 'yade_voyage' from flex database...
2025-12-05 17:35:51 - OTMS - INFO - Successfully created model for table 'yade_voyage' from flex database
2025-12-05 17:35:51 - OTMS - INFO - Successfully loaded custom table model for 'yade_voyage'
2025-12-05 17:35:51 - OTMS - INFO - Retrieved 19 columns for data source 'yade_voyage'
2025-12-05 17:35:51 - OTMS - INFO - Attempting to load custom table 'toa_yade_summary'
2025-12-05 17:35:51 - OTMS - INFO - Reflecting table 'toa_yade_summary' from flex database...
2025-12-05 17:35:51 - OTMS - INFO - Successfully created model for table 'toa_yade_summary' from flex database
2025-12-05 17:35:51 - OTMS - INFO - Successfully loaded custom table model for 'toa_yade_summary'
2025-12-05 17:35:51 - OTMS - INFO - Retrieved 20 columns for data source 'toa_yade_summary'
2025-12-05 17:35:51 - OTMS - INFO - Attempting to load custom table 'audit_log'
2025-12-05 17:35:51 - OTMS - INFO - Reflecting table 'audit_log' from flex database...
2025-12-05 17:35:51 - OTMS - INFO - Successfully created model for table 'audit_log' from flex database
2025-12-05 17:35:51 - OTMS - INFO - Successfully loaded custom table model for 'audit_log'
2025-12-05 17:35:51 - OTMS - INFO - Retrieved 11 columns for data source 'audit_log'
2025-12-05 17:35:51 - OTMS - INFO - Attempting to load custom table 'audit_log'
2025-12-05 17:35:51 - OTMS - INFO - Reflecting table 'audit_log' from flex database...
2025-12-05 17:35:51 - OTMS - INFO - Successfully created model for table 'audit_log' from flex database
2025-12-05 17:35:51 - OTMS - INFO - Successfully loaded custom table model for 'audit_log'
2025-12-05 17:35:51 - OTMS - INFO - Retrieved 11 columns for data source 'audit_log'
2025-12-05 17:35:51 - OTMS - INFO - Attempting to load custom table 'audit_log'
2025-12-05 17:35:52 - OTMS - INFO - Reflecting table 'audit_log' from flex database...
2025-12-05 17:35:52 - OTMS - INFO - Successfully created model for table 'audit_log' from flex database
2025-12-05 17:35:52 - OTMS - INFO - Successfully loaded custom table model for 'audit_log'
2025-12-05 17:35:52 - OTMS - INFO - Retrieved 11 columns for data source 'audit_log'
2025-12-05 17:35:52 - OTMS - INFO - Attempting to load custom table 'audit_log'
2025-12-05 17:35:52 - OTMS - INFO - Reflecting table 'audit_log' from flex database...
2025-12-05 17:35:52 - OTMS - INFO - Successfully created model for table 'audit_log' from flex database
2025-12-05 17:35:52 - OTMS - INFO - Successfully loaded custom table model for 'audit_log'
2025-12-05 17:35:52 - OTMS - INFO - Retrieved 11 columns for data source 'audit_log'
2025-12-05 17:35:53 - OTMS - INFO - Loaded 68 tables from primary database
2025-12-05 17:35:53 - OTMS - INFO - Loaded 68 tables from flexible database
2025-12-05 17:35:53 - OTMS - INFO - Added 0 additional custom tables from location_config
2025-12-05 17:35:53 - OTMS - INFO - Attempting to load custom table 'yade_voyage'
2025-12-05 17:35:53 - OTMS - INFO - Reflecting table 'yade_voyage' from flex database...
2025-12-05 17:35:53 - OTMS - INFO - Successfully created model for table 'yade_voyage' from flex database
2025-12-05 17:35:53 - OTMS - INFO - Successfully loaded custom table model for 'yade_voyage'
2025-12-05 17:35:53 - OTMS - INFO - Retrieved 19 columns for data source 'yade_voyage'
2025-12-05 17:35:53 - OTMS - INFO - Attempting to load custom table 'toa_yade_summary'
2025-12-05 17:35:53 - OTMS - INFO - Reflecting table 'toa_yade_summary' from flex database...
2025-12-05 17:35:53 - OTMS - INFO - Successfully created model for table 'toa_yade_summary' from flex database
2025-12-05 17:35:53 - OTMS - INFO - Successfully loaded custom table model for 'toa_yade_summary'
2025-12-05 17:35:53 - OTMS - INFO - Retrieved 20 columns for data source 'toa_yade_summary'
2025-12-05 17:35:53 - OTMS - INFO - Attempting to load custom table 'audit_log'
2025-12-05 17:35:53 - OTMS - INFO - Reflecting table 'audit_log' from flex database...
2025-12-05 17:35:53 - OTMS - INFO - Successfully created model for table 'audit_log' from flex database
2025-12-05 17:35:53 - OTMS - INFO - Successfully loaded custom table model for 'audit_log'
2025-12-05 17:35:53 - OTMS - INFO - Retrieved 11 columns for data source 'audit_log'
2025-12-05 17:35:53 - OTMS - INFO - Attempting to load custom table 'audit_log'
2025-12-05 17:35:53 - OTMS - INFO - Reflecting table 'audit_log' from flex database...
2025-12-05 17:35:53 - OTMS - INFO - Successfully created model for table 'audit_log' from flex database
2025-12-05 17:35:53 - OTMS - INFO - Successfully loaded custom table model for 'audit_log'
2025-12-05 17:35:53 - OTMS - INFO - Retrieved 11 columns for data source 'audit_log'
2025-12-05 17:35:53 - OTMS - INFO - Attempting to load custom table 'audit_log'
2025-12-05 17:35:53 - OTMS - INFO - Reflecting table 'audit_log' from flex database...
2025-12-05 17:35:53 - OTMS - INFO - Successfully created model for table 'audit_log' from flex database
2025-12-05 17:35:53 - OTMS - INFO - Successfully loaded custom table model for 'audit_log'
2025-12-05 17:35:53 - OTMS - INFO - Retrieved 11 columns for data source 'audit_log'
2025-12-05 17:35:53 - OTMS - INFO - Attempting to load custom table 'audit_log'
2025-12-05 17:35:53 - OTMS - INFO - Reflecting table 'audit_log' from flex database...
2025-12-05 17:35:53 - OTMS - INFO - Successfully created model for table 'audit_log' from flex database
2025-12-05 17:35:53 - OTMS - INFO - Successfully loaded custom table model for 'audit_log'
2025-12-05 17:35:53 - OTMS - INFO - Retrieved 11 columns for data source 'audit_log'
2025-12-05 17:35:53 - OTMS - INFO - Attempting to load custom table 'audit_log'
2025-12-05 17:35:53 - OTMS - INFO - Reflecting table 'audit_log' from flex database...
2025-12-05 17:35:53 - OTMS - INFO - Successfully created model for table 'audit_log' from flex database
2025-12-05 17:35:53 - OTMS - INFO - Successfully loaded custom table model for 'audit_log'
2025-12-05 17:35:53 - OTMS - INFO - Retrieved 11 columns for data source 'audit_log'
2025-12-05 17:35:53 - OTMS - INFO - Attempting to load custom table 'audit_log'
2025-12-05 17:35:53 - OTMS - INFO - Reflecting table 'audit_log' from flex database...
2025-12-05 17:35:53 - OTMS - INFO - Successfully created model for table 'audit_log' from flex database
2025-12-05 17:35:53 - OTMS - INFO - Successfully loaded custom table model for 'audit_log'
2025-12-05 17:35:53 - OTMS - INFO - Retrieved 11 columns for data source 'audit_log'
2025-12-05 17:35:55 - OTMS - INFO - Loaded 68 tables from primary database
2025-12-05 17:35:55 - OTMS - INFO - Loaded 68 tables from flexible database
2025-12-05 17:35:55 - OTMS - INFO - Added 0 additional custom tables from location_config
2025-12-05 17:35:55 - OTMS - INFO - Attempting to load custom table 'yade_voyage'
2025-12-05 17:35:55 - OTMS - INFO - Reflecting table 'yade_voyage' from flex database...
2025-12-05 17:35:55 - OTMS - INFO - Successfully created model for table 'yade_voyage' from flex database
2025-12-05 17:35:55 - OTMS - INFO - Successfully loaded custom table model for 'yade_voyage'
2025-12-05 17:35:55 - OTMS - INFO - Retrieved 19 columns for data source 'yade_voyage'
2025-12-05 17:35:55 - OTMS - INFO - Attempting to load custom table 'toa_yade_summary'
2025-12-05 17:35:55 - OTMS - INFO - Reflecting table 'toa_yade_summary' from flex database...
2025-12-05 17:35:55 - OTMS - INFO - Successfully created model for table 'toa_yade_summary' from flex database
2025-12-05 17:35:55 - OTMS - INFO - Successfully loaded custom table model for 'toa_yade_summary'
2025-12-05 17:35:55 - OTMS - INFO - Retrieved 20 columns for data source 'toa_yade_summary'
2025-12-05 17:35:55 - OTMS - INFO - Attempting to load custom table 'audit_log'
2025-12-05 17:35:55 - OTMS - INFO - Reflecting table 'audit_log' from flex database...
2025-12-05 17:35:55 - OTMS - INFO - Successfully created model for table 'audit_log' from flex database
2025-12-05 17:35:55 - OTMS - INFO - Successfully loaded custom table model for 'audit_log'
2025-12-05 17:35:55 - OTMS - INFO - Retrieved 11 columns for data source 'audit_log'
2025-12-05 17:35:55 - OTMS - INFO - Attempting to load custom table 'audit_log'
2025-12-05 17:35:55 - OTMS - INFO - Reflecting table 'audit_log' from flex database...
2025-12-05 17:35:55 - OTMS - INFO - Successfully created model for table 'audit_log' from flex database
2025-12-05 17:35:55 - OTMS - INFO - Successfully loaded custom table model for 'audit_log'
2025-12-05 17:35:55 - OTMS - INFO - Retrieved 11 columns for data source 'audit_log'
2025-12-05 17:35:55 - OTMS - INFO - Attempting to load custom table 'audit_log'
2025-12-05 17:35:55 - OTMS - INFO - Reflecting table 'audit_log' from flex database...
2025-12-05 17:35:55 - OTMS - INFO - Successfully created model for table 'audit_log' from flex database
2025-12-05 17:35:55 - OTMS - INFO - Successfully loaded custom table model for 'audit_log'
2025-12-05 17:35:55 - OTMS - INFO - Retrieved 11 columns for data source 'audit_log'
2025-12-05 17:35:55 - OTMS - INFO - Attempting to load custom table 'audit_log'
2025-12-05 17:35:55 - OTMS - INFO - Reflecting table 'audit_log' from flex database...
2025-12-05 17:35:55 - OTMS - INFO - Successfully created model for table 'audit_log' from flex database
2025-12-05 17:35:55 - OTMS - INFO - Successfully loaded custom table model for 'audit_log'
2025-12-05 17:35:55 - OTMS - INFO - Retrieved 11 columns for data source 'audit_log'
2025-12-05 17:35:55 - OTMS - INFO - Attempting to load custom table 'audit_log'
2025-12-05 17:35:55 - OTMS - INFO - Reflecting table 'audit_log' from flex database...
2025-12-05 17:35:55 - OTMS - INFO - Successfully created model for table 'audit_log' from flex database
2025-12-05 17:35:55 - OTMS - INFO - Successfully loaded custom table model for 'audit_log'
2025-12-05 17:35:55 - OTMS - INFO - Retrieved 11 columns for data source 'audit_log'
2025-12-05 17:35:55 - OTMS - INFO - Attempting to load custom table 'audit_log'
2025-12-05 17:35:55 - OTMS - INFO - Reflecting table 'audit_log' from flex database...
2025-12-05 17:35:55 - OTMS - INFO - Successfully created model for table 'audit_log' from flex database
2025-12-05 17:35:55 - OTMS - INFO - Successfully loaded custom table model for 'audit_log'
2025-12-05 17:35:55 - OTMS - INFO - Retrieved 11 columns for data source 'audit_log'
2025-12-05 17:35:57 - OTMS - INFO - Loaded 68 tables from primary database
2025-12-05 17:35:57 - OTMS - INFO - Loaded 68 tables from flexible database
2025-12-05 17:35:57 - OTMS - INFO - Added 0 additional custom tables from location_config
2025-12-05 17:35:57 - OTMS - INFO - Attempting to load custom table 'yade_voyage'
2025-12-05 17:35:57 - OTMS - INFO - Reflecting table 'yade_voyage' from flex database...
2025-12-05 17:35:57 - OTMS - INFO - Successfully created model for table 'yade_voyage' from flex database
2025-12-05 17:35:57 - OTMS - INFO - Successfully loaded custom table model for 'yade_voyage'
2025-12-05 17:35:57 - OTMS - INFO - Retrieved 19 columns for data source 'yade_voyage'
2025-12-05 17:35:57 - OTMS - INFO - Attempting to load custom table 'toa_yade_summary'
2025-12-05 17:35:57 - OTMS - INFO - Reflecting table 'toa_yade_summary' from flex database...
2025-12-05 17:35:57 - OTMS - INFO - Successfully created model for table 'toa_yade_summary' from flex database
2025-12-05 17:35:57 - OTMS - INFO - Successfully loaded custom table model for 'toa_yade_summary'
2025-12-05 17:35:57 - OTMS - INFO - Retrieved 20 columns for data source 'toa_yade_summary'
2025-12-05 17:35:57 - OTMS - INFO - Attempting to load custom table 'audit_log'
2025-12-05 17:35:57 - OTMS - INFO - Reflecting table 'audit_log' from flex database...
2025-12-05 17:35:57 - OTMS - INFO - Successfully created model for table 'audit_log' from flex database
2025-12-05 17:35:57 - OTMS - INFO - Successfully loaded custom table model for 'audit_log'
2025-12-05 17:35:57 - OTMS - INFO - Retrieved 11 columns for data source 'audit_log'
2025-12-05 17:35:57 - OTMS - INFO - Attempting to load custom table 'audit_log'
2025-12-05 17:35:57 - OTMS - INFO - Reflecting table 'audit_log' from flex database...
2025-12-05 17:35:57 - OTMS - INFO - Successfully created model for table 'audit_log' from flex database
2025-12-05 17:35:57 - OTMS - INFO - Successfully loaded custom table model for 'audit_log'
2025-12-05 17:35:57 - OTMS - INFO - Retrieved 11 columns for data source 'audit_log'
2025-12-05 17:35:57 - OTMS - INFO - Attempting to load custom table 'audit_log'
2025-12-05 17:35:57 - OTMS - INFO - Reflecting table 'audit_log' from flex database...
2025-12-05 17:35:57 - OTMS - INFO - Successfully created model for table 'audit_log' from flex database
2025-12-05 17:35:57 - OTMS - INFO - Successfully loaded custom table model for 'audit_log'
2025-12-05 17:35:57 - OTMS - INFO - Retrieved 11 columns for data source 'audit_log'
2025-12-05 17:35:57 - OTMS - INFO - Attempting to load custom table 'audit_log'
2025-12-05 17:35:57 - OTMS - INFO - Reflecting table 'audit_log' from flex database...
2025-12-05 17:35:57 - OTMS - INFO - Successfully created model for table 'audit_log' from flex database
2025-12-05 17:35:57 - OTMS - INFO - Successfully loaded custom table model for 'audit_log'
2025-12-05 17:35:57 - OTMS - INFO - Retrieved 11 columns for data source 'audit_log'
2025-12-05 17:35:57 - OTMS - INFO - Attempting to load custom table 'audit_log'
2025-12-05 17:35:57 - OTMS - INFO - Reflecting table 'audit_log' from flex database...
2025-12-05 17:35:57 - OTMS - INFO - Successfully created model for table 'audit_log' from flex database
2025-12-05 17:35:57 - OTMS - INFO - Successfully loaded custom table model for 'audit_log'
2025-12-05 17:35:57 - OTMS - INFO - Retrieved 11 columns for data source 'audit_log'
2025-12-05 17:35:57 - OTMS - INFO - Attempting to load custom table 'audit_log'
2025-12-05 17:35:57 - OTMS - INFO - Reflecting table 'audit_log' from flex database...
2025-12-05 17:35:57 - OTMS - INFO - Successfully created model for table 'audit_log' from flex database
2025-12-05 17:35:57 - OTMS - INFO - Successfully loaded custom table model for 'audit_log'
2025-12-05 17:35:57 - OTMS - INFO - Retrieved 11 columns for data source 'audit_log'
2025-12-05 17:35:59 - OTMS - INFO - Loaded 68 tables from primary database
2025-12-05 17:35:59 - OTMS - INFO - Loaded 68 tables from flexible database
2025-12-05 17:35:59 - OTMS - INFO - Added 0 additional custom tables from location_config
2025-12-05 17:35:59 - OTMS - INFO - Attempting to load custom table 'yade_voyage'
2025-12-05 17:35:59 - OTMS - INFO - Reflecting table 'yade_voyage' from flex database...
2025-12-05 17:35:59 - OTMS - INFO - Successfully created model for table 'yade_voyage' from flex database
2025-12-05 17:35:59 - OTMS - INFO - Successfully loaded custom table model for 'yade_voyage'
2025-12-05 17:35:59 - OTMS - INFO - Retrieved 19 columns for data source 'yade_voyage'
2025-12-05 17:35:59 - OTMS - INFO - Attempting to load custom table 'toa_yade_summary'
2025-12-05 17:35:59 - OTMS - INFO - Reflecting table 'toa_yade_summary' from flex database...
2025-12-05 17:35:59 - OTMS - INFO - Successfully created model for table 'toa_yade_summary' from flex database
2025-12-05 17:35:59 - OTMS - INFO - Successfully loaded custom table model for 'toa_yade_summary'
2025-12-05 17:35:59 - OTMS - INFO - Retrieved 20 columns for data source 'toa_yade_summary'
2025-12-05 17:35:59 - OTMS - INFO - Attempting to load custom table 'audit_log'
2025-12-05 17:35:59 - OTMS - INFO - Reflecting table 'audit_log' from flex database...
2025-12-05 17:35:59 - OTMS - INFO - Successfully created model for table 'audit_log' from flex database
2025-12-05 17:35:59 - OTMS - INFO - Successfully loaded custom table model for 'audit_log'
2025-12-05 17:35:59 - OTMS - INFO - Retrieved 11 columns for data source 'audit_log'
2025-12-05 17:35:59 - OTMS - INFO - Attempting to load custom table 'audit_log'
2025-12-05 17:35:59 - OTMS - INFO - Reflecting table 'audit_log' from flex database...
2025-12-05 17:35:59 - OTMS - INFO - Successfully created model for table 'audit_log' from flex database
2025-12-05 17:35:59 - OTMS - INFO - Successfully loaded custom table model for 'audit_log'
2025-12-05 17:35:59 - OTMS - INFO - Retrieved 11 columns for data source 'audit_log'
2025-12-05 17:35:59 - OTMS - INFO - Attempting to load custom table 'audit_log'
2025-12-05 17:35:59 - OTMS - INFO - Reflecting table 'audit_log' from flex database...
2025-12-05 17:35:59 - OTMS - INFO - Successfully created model for table 'audit_log' from flex database
2025-12-05 17:35:59 - OTMS - INFO - Successfully loaded custom table model for 'audit_log'
2025-12-05 17:35:59 - OTMS - INFO - Retrieved 11 columns for data source 'audit_log'
2025-12-05 17:35:59 - OTMS - INFO - Attempting to load custom table 'audit_log'
2025-12-05 17:35:59 - OTMS - INFO - Reflecting table 'audit_log' from flex database...
2025-12-05 17:35:59 - OTMS - INFO - Successfully created model for table 'audit_log' from flex database
2025-12-05 17:35:59 - OTMS - INFO - Successfully loaded custom table model for 'audit_log'
2025-12-05 17:35:59 - OTMS - INFO - Retrieved 11 columns for data source 'audit_log'
2025-12-05 17:35:59 - OTMS - INFO - Attempting to load custom table 'audit_log'
2025-12-05 17:35:59 - OTMS - INFO - Reflecting table 'audit_log' from flex database...
2025-12-05 17:35:59 - OTMS - INFO - Successfully created model for table 'audit_log' from flex database
2025-12-05 17:35:59 - OTMS - INFO - Successfully loaded custom table model for 'audit_log'
2025-12-05 17:35:59 - OTMS - INFO - Retrieved 11 columns for data source 'audit_log'
2025-12-05 17:35:59 - OTMS - INFO - Attempting to load custom table 'audit_log'
2025-12-05 17:35:59 - OTMS - INFO - Reflecting table 'audit_log' from flex database...
2025-12-05 17:35:59 - OTMS - INFO - Successfully created model for table 'audit_log' from flex database
2025-12-05 17:35:59 - OTMS - INFO - Successfully loaded custom table model for 'audit_log'
2025-12-05 17:35:59 - OTMS - INFO - Retrieved 11 columns for data source 'audit_log'
2025-12-05 17:36:15 - OTMS - INFO - Loaded 68 tables from primary database
2025-12-05 17:36:15 - OTMS - INFO - Loaded 68 tables from flexible database
2025-12-05 17:36:15 - OTMS - INFO - Added 0 additional custom tables from location_config
2025-12-05 17:36:15 - OTMS - INFO - Attempting to load custom table 'yade_voyage'
2025-12-05 17:36:15 - OTMS - INFO - Reflecting table 'yade_voyage' from flex database...
2025-12-05 17:36:15 - OTMS - INFO - Successfully created model for table 'yade_voyage' from flex database
2025-12-05 17:36:15 - OTMS - INFO - Successfully loaded custom table model for 'yade_voyage'
2025-12-05 17:36:15 - OTMS - INFO - Retrieved 19 columns for data source 'yade_voyage'
2025-12-05 17:36:15 - OTMS - INFO - Attempting to load custom table 'toa_yade_summary'
2025-12-05 17:36:15 - OTMS - INFO - Reflecting table 'toa_yade_summary' from flex database...
2025-12-05 17:36:15 - OTMS - INFO - Successfully created model for table 'toa_yade_summary' from flex database
2025-12-05 17:36:15 - OTMS - INFO - Successfully loaded custom table model for 'toa_yade_summary'
2025-12-05 17:36:15 - OTMS - INFO - Retrieved 20 columns for data source 'toa_yade_summary'
2025-12-05 17:36:15 - OTMS - INFO - Attempting to load custom table 'yade_voyage'
2025-12-05 17:36:15 - OTMS - INFO - Reflecting table 'yade_voyage' from flex database...
2025-12-05 17:36:15 - OTMS - INFO - Successfully created model for table 'yade_voyage' from flex database
2025-12-05 17:36:15 - OTMS - INFO - Successfully loaded custom table model for 'yade_voyage'
2025-12-05 17:36:15 - OTMS - INFO - Retrieved 19 columns for data source 'yade_voyage'
2025-12-05 17:36:15 - OTMS - INFO - Attempting to load custom table 'audit_log'
2025-12-05 17:36:15 - OTMS - INFO - Reflecting table 'audit_log' from flex database...
2025-12-05 17:36:15 - OTMS - INFO - Successfully created model for table 'audit_log' from flex database
2025-12-05 17:36:15 - OTMS - INFO - Successfully loaded custom table model for 'audit_log'
2025-12-05 17:36:15 - OTMS - INFO - Retrieved 11 columns for data source 'audit_log'
2025-12-05 17:36:15 - OTMS - INFO - Attempting to load custom table 'audit_log'
2025-12-05 17:36:15 - OTMS - INFO - Reflecting table 'audit_log' from flex database...
2025-12-05 17:36:15 - OTMS - INFO - Successfully created model for table 'audit_log' from flex database
2025-12-05 17:36:15 - OTMS - INFO - Successfully loaded custom table model for 'audit_log'
2025-12-05 17:36:15 - OTMS - INFO - Retrieved 11 columns for data source 'audit_log'
2025-12-05 17:36:15 - OTMS - INFO - Attempting to load custom table 'audit_log'
2025-12-05 17:36:15 - OTMS - INFO - Reflecting table 'audit_log' from flex database...
2025-12-05 17:36:15 - OTMS - INFO - Successfully created model for table 'audit_log' from flex database
2025-12-05 17:36:15 - OTMS - INFO - Successfully loaded custom table model for 'audit_log'
2025-12-05 17:36:15 - OTMS - INFO - Retrieved 11 columns for data source 'audit_log'
2025-12-05 17:36:15 - OTMS - INFO - Attempting to load custom table 'audit_log'
2025-12-05 17:36:15 - OTMS - INFO - Reflecting table 'audit_log' from flex database...
2025-12-05 17:36:15 - OTMS - INFO - Successfully created model for table 'audit_log' from flex database
2025-12-05 17:36:15 - OTMS - INFO - Successfully loaded custom table model for 'audit_log'
2025-12-05 17:36:15 - OTMS - INFO - Retrieved 11 columns for data source 'audit_log'
2025-12-05 17:36:15 - OTMS - INFO - Attempting to load custom table 'audit_log'
2025-12-05 17:36:15 - OTMS - INFO - Reflecting table 'audit_log' from flex database...
2025-12-05 17:36:15 - OTMS - INFO - Successfully created model for table 'audit_log' from flex database
2025-12-05 17:36:15 - OTMS - INFO - Successfully loaded custom table model for 'audit_log'
2025-12-05 17:36:15 - OTMS - INFO - Retrieved 11 columns for data source 'audit_log'
2025-12-05 17:36:28 - OTMS - INFO - Loaded 68 tables from primary database
2025-12-05 17:36:28 - OTMS - INFO - Loaded 68 tables from flexible database
2025-12-05 17:36:28 - OTMS - INFO - Added 0 additional custom tables from location_config
2025-12-05 17:36:28 - OTMS - INFO - Attempting to load custom table 'yade_voyage'
2025-12-05 17:36:28 - OTMS - INFO - Reflecting table 'yade_voyage' from flex database...
2025-12-05 17:36:28 - OTMS - INFO - Successfully created model for table 'yade_voyage' from flex database
2025-12-05 17:36:28 - OTMS - INFO - Successfully loaded custom table model for 'yade_voyage'
2025-12-05 17:36:28 - OTMS - INFO - Retrieved 19 columns for data source 'yade_voyage'
2025-12-05 17:36:28 - OTMS - INFO - Attempting to load custom table 'toa_yade_summary'
2025-12-05 17:36:28 - OTMS - INFO - Reflecting table 'toa_yade_summary' from flex database...
2025-12-05 17:36:28 - OTMS - INFO - Successfully created model for table 'toa_yade_summary' from flex database
2025-12-05 17:36:28 - OTMS - INFO - Successfully loaded custom table model for 'toa_yade_summary'
2025-12-05 17:36:28 - OTMS - INFO - Retrieved 20 columns for data source 'toa_yade_summary'
2025-12-05 17:36:28 - OTMS - INFO - Attempting to load custom table 'yade_voyage'
2025-12-05 17:36:28 - OTMS - INFO - Reflecting table 'yade_voyage' from flex database...
2025-12-05 17:36:28 - OTMS - INFO - Successfully created model for table 'yade_voyage' from flex database
2025-12-05 17:36:28 - OTMS - INFO - Successfully loaded custom table model for 'yade_voyage'
2025-12-05 17:36:28 - OTMS - INFO - Retrieved 19 columns for data source 'yade_voyage'
2025-12-05 17:36:28 - OTMS - INFO - Attempting to load custom table 'audit_log'
2025-12-05 17:36:28 - OTMS - INFO - Reflecting table 'audit_log' from flex database...
2025-12-05 17:36:28 - OTMS - INFO - Successfully created model for table 'audit_log' from flex database
2025-12-05 17:36:28 - OTMS - INFO - Successfully loaded custom table model for 'audit_log'
2025-12-05 17:36:28 - OTMS - INFO - Retrieved 11 columns for data source 'audit_log'
2025-12-05 17:36:28 - OTMS - INFO - Attempting to load custom table 'audit_log'
2025-12-05 17:36:28 - OTMS - INFO - Reflecting table 'audit_log' from flex database...
2025-12-05 17:36:28 - OTMS - INFO - Successfully created model for table 'audit_log' from flex database
2025-12-05 17:36:28 - OTMS - INFO - Successfully loaded custom table model for 'audit_log'
2025-12-05 17:36:28 - OTMS - INFO - Retrieved 11 columns for data source 'audit_log'
2025-12-05 17:36:28 - OTMS - INFO - Attempting to load custom table 'audit_log'
2025-12-05 17:36:28 - OTMS - INFO - Reflecting table 'audit_log' from flex database...
2025-12-05 17:36:28 - OTMS - INFO - Successfully created model for table 'audit_log' from flex database
2025-12-05 17:36:28 - OTMS - INFO - Successfully loaded custom table model for 'audit_log'
2025-12-05 17:36:28 - OTMS - INFO - Retrieved 11 columns for data source 'audit_log'
2025-12-05 17:36:28 - OTMS - INFO - Attempting to load custom table 'audit_log'
2025-12-05 17:36:28 - OTMS - INFO - Reflecting table 'audit_log' from flex database...
2025-12-05 17:36:28 - OTMS - INFO - Successfully created model for table 'audit_log' from flex database
2025-12-05 17:36:28 - OTMS - INFO - Successfully loaded custom table model for 'audit_log'
2025-12-05 17:36:28 - OTMS - INFO - Retrieved 11 columns for data source 'audit_log'
2025-12-05 17:36:28 - OTMS - INFO - Attempting to load custom table 'audit_log'
2025-12-05 17:36:28 - OTMS - INFO - Reflecting table 'audit_log' from flex database...
2025-12-05 17:36:28 - OTMS - INFO - Successfully created model for table 'audit_log' from flex database
2025-12-05 17:36:28 - OTMS - INFO - Successfully loaded custom table model for 'audit_log'
2025-12-05 17:36:28 - OTMS - INFO - Retrieved 11 columns for data source 'audit_log'
2025-12-05 17:36:46 - OTMS - INFO - Loaded 68 tables from primary database
2025-12-05 17:36:46 - OTMS - INFO - Loaded 68 tables from flexible database
2025-12-05 17:36:46 - OTMS - INFO - Added 0 additional custom tables from location_config
2025-12-05 17:36:46 - OTMS - INFO - Attempting to load custom table 'yade_voyage'
2025-12-05 17:36:46 - OTMS - INFO - Reflecting table 'yade_voyage' from flex database...
2025-12-05 17:36:46 - OTMS - INFO - Successfully created model for table 'yade_voyage' from flex database
2025-12-05 17:36:46 - OTMS - INFO - Successfully loaded custom table model for 'yade_voyage'
2025-12-05 17:36:46 - OTMS - INFO - Retrieved 19 columns for data source 'yade_voyage'
2025-12-05 17:36:46 - OTMS - INFO - Attempting to load custom table 'toa_yade_summary'
2025-12-05 17:36:46 - OTMS - INFO - Reflecting table 'toa_yade_summary' from flex database...
2025-12-05 17:36:46 - OTMS - INFO - Successfully created model for table 'toa_yade_summary' from flex database
2025-12-05 17:36:46 - OTMS - INFO - Successfully loaded custom table model for 'toa_yade_summary'
2025-12-05 17:36:46 - OTMS - INFO - Retrieved 20 columns for data source 'toa_yade_summary'
2025-12-05 17:36:46 - OTMS - INFO - Attempting to load custom table 'yade_voyage'
2025-12-05 17:36:46 - OTMS - INFO - Reflecting table 'yade_voyage' from flex database...
2025-12-05 17:36:46 - OTMS - INFO - Successfully created model for table 'yade_voyage' from flex database
2025-12-05 17:36:46 - OTMS - INFO - Successfully loaded custom table model for 'yade_voyage'
2025-12-05 17:36:46 - OTMS - INFO - Retrieved 19 columns for data source 'yade_voyage'
2025-12-05 17:36:46 - OTMS - INFO - Attempting to load custom table 'audit_log'
2025-12-05 17:36:46 - OTMS - INFO - Reflecting table 'audit_log' from flex database...
2025-12-05 17:36:46 - OTMS - INFO - Successfully created model for table 'audit_log' from flex database
2025-12-05 17:36:46 - OTMS - INFO - Successfully loaded custom table model for 'audit_log'
2025-12-05 17:36:46 - OTMS - INFO - Retrieved 11 columns for data source 'audit_log'
2025-12-05 17:36:46 - OTMS - INFO - Attempting to load custom table 'audit_log'
2025-12-05 17:36:46 - OTMS - INFO - Reflecting table 'audit_log' from flex database...
2025-12-05 17:36:46 - OTMS - INFO - Successfully created model for table 'audit_log' from flex database
2025-12-05 17:36:46 - OTMS - INFO - Successfully loaded custom table model for 'audit_log'
2025-12-05 17:36:46 - OTMS - INFO - Retrieved 11 columns for data source 'audit_log'
2025-12-05 17:36:46 - OTMS - INFO - Attempting to load custom table 'audit_log'
2025-12-05 17:36:46 - OTMS - INFO - Reflecting table 'audit_log' from flex database...
2025-12-05 17:36:46 - OTMS - INFO - Successfully created model for table 'audit_log' from flex database
2025-12-05 17:36:46 - OTMS - INFO - Successfully loaded custom table model for 'audit_log'
2025-12-05 17:36:46 - OTMS - INFO - Retrieved 11 columns for data source 'audit_log'
2025-12-05 17:36:47 - OTMS - INFO - Attempting to load custom table 'audit_log'
2025-12-05 17:36:47 - OTMS - INFO - Reflecting table 'audit_log' from flex database...
2025-12-05 17:36:47 - OTMS - INFO - Successfully created model for table 'audit_log' from flex database
2025-12-05 17:36:47 - OTMS - INFO - Successfully loaded custom table model for 'audit_log'
2025-12-05 17:36:47 - OTMS - INFO - Retrieved 11 columns for data source 'audit_log'
2025-12-05 17:36:47 - OTMS - INFO - Attempting to load custom table 'audit_log'
2025-12-05 17:36:47 - OTMS - INFO - Reflecting table 'audit_log' from flex database...
2025-12-05 17:36:47 - OTMS - INFO - Successfully created model for table 'audit_log' from flex database
2025-12-05 17:36:47 - OTMS - INFO - Successfully loaded custom table model for 'audit_log'
2025-12-05 17:36:47 - OTMS - INFO - Retrieved 11 columns for data source 'audit_log'
2025-12-05 17:36:56 - OTMS - INFO - Loaded 68 tables from primary database
2025-12-05 17:36:56 - OTMS - INFO - Loaded 68 tables from flexible database
2025-12-05 17:36:56 - OTMS - INFO - Added 0 additional custom tables from location_config
2025-12-05 17:36:56 - OTMS - INFO - Attempting to load custom table 'yade_voyage'
2025-12-05 17:36:56 - OTMS - INFO - Reflecting table 'yade_voyage' from flex database...
2025-12-05 17:36:56 - OTMS - INFO - Successfully created model for table 'yade_voyage' from flex database
2025-12-05 17:36:56 - OTMS - INFO - Successfully loaded custom table model for 'yade_voyage'
2025-12-05 17:36:56 - OTMS - INFO - Retrieved 19 columns for data source 'yade_voyage'
2025-12-05 17:36:56 - OTMS - INFO - Attempting to load custom table 'toa_yade_summary'
2025-12-05 17:36:56 - OTMS - INFO - Reflecting table 'toa_yade_summary' from flex database...
2025-12-05 17:36:56 - OTMS - INFO - Successfully created model for table 'toa_yade_summary' from flex database
2025-12-05 17:36:56 - OTMS - INFO - Successfully loaded custom table model for 'toa_yade_summary'
2025-12-05 17:36:56 - OTMS - INFO - Retrieved 20 columns for data source 'toa_yade_summary'
2025-12-05 17:36:56 - OTMS - INFO - Attempting to load custom table 'yade_voyage'
2025-12-05 17:36:56 - OTMS - INFO - Reflecting table 'yade_voyage' from flex database...
2025-12-05 17:36:56 - OTMS - INFO - Successfully created model for table 'yade_voyage' from flex database
2025-12-05 17:36:56 - OTMS - INFO - Successfully loaded custom table model for 'yade_voyage'
2025-12-05 17:36:56 - OTMS - INFO - Retrieved 19 columns for data source 'yade_voyage'
2025-12-05 17:36:56 - OTMS - INFO - Attempting to load custom table 'audit_log'
2025-12-05 17:36:56 - OTMS - INFO - Reflecting table 'audit_log' from flex database...
2025-12-05 17:36:56 - OTMS - INFO - Successfully created model for table 'audit_log' from flex database
2025-12-05 17:36:56 - OTMS - INFO - Successfully loaded custom table model for 'audit_log'
2025-12-05 17:36:56 - OTMS - INFO - Retrieved 11 columns for data source 'audit_log'
2025-12-05 17:36:56 - OTMS - INFO - Attempting to load custom table 'audit_log'
2025-12-05 17:36:56 - OTMS - INFO - Reflecting table 'audit_log' from flex database...
2025-12-05 17:36:56 - OTMS - INFO - Successfully created model for table 'audit_log' from flex database
2025-12-05 17:36:56 - OTMS - INFO - Successfully loaded custom table model for 'audit_log'
2025-12-05 17:36:56 - OTMS - INFO - Retrieved 11 columns for data source 'audit_log'
2025-12-05 17:36:56 - OTMS - INFO - Attempting to load custom table 'audit_log'
2025-12-05 17:36:56 - OTMS - INFO - Reflecting table 'audit_log' from flex database...
2025-12-05 17:36:56 - OTMS - INFO - Successfully created model for table 'audit_log' from flex database
2025-12-05 17:36:56 - OTMS - INFO - Successfully loaded custom table model for 'audit_log'
2025-12-05 17:36:56 - OTMS - INFO - Retrieved 11 columns for data source 'audit_log'
2025-12-05 17:36:57 - OTMS - INFO - Attempting to load custom table 'audit_log'
2025-12-05 17:36:57 - OTMS - INFO - Reflecting table 'audit_log' from flex database...
2025-12-05 17:36:57 - OTMS - INFO - Successfully created model for table 'audit_log' from flex database
2025-12-05 17:36:57 - OTMS - INFO - Successfully loaded custom table model for 'audit_log'
2025-12-05 17:36:57 - OTMS - INFO - Retrieved 11 columns for data source 'audit_log'
2025-12-05 17:36:57 - OTMS - INFO - Attempting to load custom table 'audit_log'
2025-12-05 17:36:57 - OTMS - INFO - Reflecting table 'audit_log' from flex database...
2025-12-05 17:36:57 - OTMS - INFO - Successfully created model for table 'audit_log' from flex database
2025-12-05 17:36:57 - OTMS - INFO - Successfully loaded custom table model for 'audit_log'
2025-12-05 17:36:57 - OTMS - INFO - Retrieved 11 columns for data source 'audit_log'
2025-12-05 17:36:58 - OTMS - INFO - Loaded 68 tables from primary database
2025-12-05 17:36:58 - OTMS - INFO - Loaded 68 tables from flexible database
2025-12-05 17:36:58 - OTMS - INFO - Added 0 additional custom tables from location_config
2025-12-05 17:36:58 - OTMS - INFO - Attempting to load custom table 'yade_voyage'
2025-12-05 17:36:58 - OTMS - INFO - Reflecting table 'yade_voyage' from flex database...
2025-12-05 17:36:58 - OTMS - INFO - Successfully created model for table 'yade_voyage' from flex database
2025-12-05 17:36:58 - OTMS - INFO - Successfully loaded custom table model for 'yade_voyage'
2025-12-05 17:36:58 - OTMS - INFO - Retrieved 19 columns for data source 'yade_voyage'
2025-12-05 17:36:58 - OTMS - INFO - Attempting to load custom table 'toa_yade_summary'
2025-12-05 17:36:58 - OTMS - INFO - Reflecting table 'toa_yade_summary' from flex database...
2025-12-05 17:36:58 - OTMS - INFO - Successfully created model for table 'toa_yade_summary' from flex database
2025-12-05 17:36:58 - OTMS - INFO - Successfully loaded custom table model for 'toa_yade_summary'
2025-12-05 17:36:58 - OTMS - INFO - Retrieved 20 columns for data source 'toa_yade_summary'
2025-12-05 17:36:59 - OTMS - INFO - Loaded 68 tables from primary database
2025-12-05 17:36:59 - OTMS - INFO - Loaded 68 tables from flexible database
2025-12-05 17:36:59 - OTMS - INFO - Added 0 additional custom tables from location_config
2025-12-05 17:36:59 - OTMS - INFO - Attempting to load custom table 'yade_voyage'
2025-12-05 17:36:59 - OTMS - INFO - Reflecting table 'yade_voyage' from flex database...
2025-12-05 17:36:59 - OTMS - INFO - Successfully created model for table 'yade_voyage' from flex database
2025-12-05 17:36:59 - OTMS - INFO - Successfully loaded custom table model for 'yade_voyage'
2025-12-05 17:36:59 - OTMS - INFO - Retrieved 19 columns for data source 'yade_voyage'
2025-12-05 17:36:59 - OTMS - INFO - Attempting to load custom table 'toa_yade_summary'
2025-12-05 17:36:59 - OTMS - INFO - Reflecting table 'toa_yade_summary' from flex database...
2025-12-05 17:36:59 - OTMS - INFO - Successfully created model for table 'toa_yade_summary' from flex database
2025-12-05 17:36:59 - OTMS - INFO - Successfully loaded custom table model for 'toa_yade_summary'
2025-12-05 17:36:59 - OTMS - INFO - Retrieved 20 columns for data source 'toa_yade_summary'
2025-12-05 17:36:59 - OTMS - INFO - Attempting to load custom table 'yade_voyage'
2025-12-05 17:36:59 - OTMS - INFO - Reflecting table 'yade_voyage' from flex database...
2025-12-05 17:36:59 - OTMS - INFO - Successfully created model for table 'yade_voyage' from flex database
2025-12-05 17:36:59 - OTMS - INFO - Successfully loaded custom table model for 'yade_voyage'
2025-12-05 17:36:59 - OTMS - INFO - Retrieved 19 columns for data source 'yade_voyage'
2025-12-05 17:36:59 - OTMS - INFO - Attempting to load custom table 'audit_log'
2025-12-05 17:36:59 - OTMS - INFO - Reflecting table 'audit_log' from flex database...
2025-12-05 17:36:59 - OTMS - INFO - Successfully created model for table 'audit_log' from flex database
2025-12-05 17:36:59 - OTMS - INFO - Successfully loaded custom table model for 'audit_log'
2025-12-05 17:36:59 - OTMS - INFO - Retrieved 11 columns for data source 'audit_log'
2025-12-05 17:36:59 - OTMS - INFO - Attempting to load custom table 'audit_log'
2025-12-05 17:36:59 - OTMS - INFO - Reflecting table 'audit_log' from flex database...
2025-12-05 17:36:59 - OTMS - INFO - Successfully created model for table 'audit_log' from flex database
2025-12-05 17:36:59 - OTMS - INFO - Successfully loaded custom table model for 'audit_log'
2025-12-05 17:36:59 - OTMS - INFO - Retrieved 11 columns for data source 'audit_log'
2025-12-05 17:36:59 - OTMS - INFO - Attempting to load custom table 'audit_log'
2025-12-05 17:36:59 - OTMS - INFO - Reflecting table 'audit_log' from flex database...
2025-12-05 17:36:59 - OTMS - INFO - Successfully created model for table 'audit_log' from flex database
2025-12-05 17:36:59 - OTMS - INFO - Successfully loaded custom table model for 'audit_log'
2025-12-05 17:36:59 - OTMS - INFO - Retrieved 11 columns for data source 'audit_log'
2025-12-05 17:36:59 - OTMS - INFO - Attempting to load custom table 'audit_log'
2025-12-05 17:36:59 - OTMS - INFO - Reflecting table 'audit_log' from flex database...
2025-12-05 17:36:59 - OTMS - INFO - Successfully created model for table 'audit_log' from flex database
2025-12-05 17:36:59 - OTMS - INFO - Successfully loaded custom table model for 'audit_log'
2025-12-05 17:36:59 - OTMS - INFO - Retrieved 11 columns for data source 'audit_log'
2025-12-05 17:36:59 - OTMS - INFO - Attempting to load custom table 'audit_log'
2025-12-05 17:36:59 - OTMS - INFO - Reflecting table 'audit_log' from flex database...
2025-12-05 17:36:59 - OTMS - INFO - Successfully created model for table 'audit_log' from flex database
2025-12-05 17:36:59 - OTMS - INFO - Successfully loaded custom table model for 'audit_log'
2025-12-05 17:36:59 - OTMS - INFO - Retrieved 11 columns for data source 'audit_log'
2025-12-05 17:37:03 - OTMS - INFO - Loaded 68 tables from primary database
2025-12-05 17:37:03 - OTMS - INFO - Loaded 68 tables from flexible database
2025-12-05 17:37:03 - OTMS - INFO - Added 0 additional custom tables from location_config
2025-12-05 17:37:03 - OTMS - INFO - Attempting to load custom table 'yade_voyage'
2025-12-05 17:37:03 - OTMS - INFO - Reflecting table 'yade_voyage' from flex database...
2025-12-05 17:37:03 - OTMS - INFO - Successfully created model for table 'yade_voyage' from flex database
2025-12-05 17:37:03 - OTMS - INFO - Successfully loaded custom table model for 'yade_voyage'
2025-12-05 17:37:03 - OTMS - INFO - Retrieved 19 columns for data source 'yade_voyage'
2025-12-05 17:37:03 - OTMS - INFO - Attempting to load custom table 'toa_yade_summary'
2025-12-05 17:37:03 - OTMS - INFO - Reflecting table 'toa_yade_summary' from flex database...
2025-12-05 17:37:03 - OTMS - INFO - Successfully created model for table 'toa_yade_summary' from flex database
2025-12-05 17:37:03 - OTMS - INFO - Successfully loaded custom table model for 'toa_yade_summary'
2025-12-05 17:37:03 - OTMS - INFO - Retrieved 20 columns for data source 'toa_yade_summary'
2025-12-05 17:37:03 - OTMS - INFO - Attempting to load custom table 'yade_voyage'
2025-12-05 17:37:03 - OTMS - INFO - Reflecting table 'yade_voyage' from flex database...
2025-12-05 17:37:03 - OTMS - INFO - Successfully created model for table 'yade_voyage' from flex database
2025-12-05 17:37:03 - OTMS - INFO - Successfully loaded custom table model for 'yade_voyage'
2025-12-05 17:37:03 - OTMS - INFO - Retrieved 19 columns for data source 'yade_voyage'
2025-12-05 17:37:03 - OTMS - INFO - Attempting to load custom table 'yade_voyage'
2025-12-05 17:37:03 - OTMS - INFO - Reflecting table 'yade_voyage' from flex database...
2025-12-05 17:37:03 - OTMS - INFO - Successfully created model for table 'yade_voyage' from flex database
2025-12-05 17:37:03 - OTMS - INFO - Successfully loaded custom table model for 'yade_voyage'
2025-12-05 17:37:03 - OTMS - INFO - Retrieved 19 columns for data source 'yade_voyage'
2025-12-05 17:37:03 - OTMS - INFO - Attempting to load custom table 'audit_log'
2025-12-05 17:37:03 - OTMS - INFO - Reflecting table 'audit_log' from flex database...
2025-12-05 17:37:03 - OTMS - INFO - Successfully created model for table 'audit_log' from flex database
2025-12-05 17:37:03 - OTMS - INFO - Successfully loaded custom table model for 'audit_log'
2025-12-05 17:37:03 - OTMS - INFO - Retrieved 11 columns for data source 'audit_log'
2025-12-05 17:37:03 - OTMS - INFO - Attempting to load custom table 'audit_log'
2025-12-05 17:37:03 - OTMS - INFO - Reflecting table 'audit_log' from flex database...
2025-12-05 17:37:03 - OTMS - INFO - Successfully created model for table 'audit_log' from flex database
2025-12-05 17:37:03 - OTMS - INFO - Successfully loaded custom table model for 'audit_log'
2025-12-05 17:37:03 - OTMS - INFO - Retrieved 11 columns for data source 'audit_log'
2025-12-05 17:37:03 - OTMS - INFO - Attempting to load custom table 'audit_log'
2025-12-05 17:37:03 - OTMS - INFO - Reflecting table 'audit_log' from flex database...
2025-12-05 17:37:03 - OTMS - INFO - Successfully created model for table 'audit_log' from flex database
2025-12-05 17:37:03 - OTMS - INFO - Successfully loaded custom table model for 'audit_log'
2025-12-05 17:37:03 - OTMS - INFO - Retrieved 11 columns for data source 'audit_log'
2025-12-05 17:37:03 - OTMS - INFO - Attempting to load custom table 'audit_log'
2025-12-05 17:37:03 - OTMS - INFO - Reflecting table 'audit_log' from flex database...
2025-12-05 17:37:03 - OTMS - INFO - Successfully created model for table 'audit_log' from flex database
2025-12-05 17:37:03 - OTMS - INFO - Successfully loaded custom table model for 'audit_log'
2025-12-05 17:37:03 - OTMS - INFO - Retrieved 11 columns for data source 'audit_log'
2025-12-05 17:37:08 - OTMS - INFO - Loaded 68 tables from primary database
2025-12-05 17:37:08 - OTMS - INFO - Loaded 68 tables from flexible database
2025-12-05 17:37:08 - OTMS - INFO - Added 0 additional custom tables from location_config
2025-12-05 17:37:08 - OTMS - INFO - Attempting to load custom table 'yade_voyage'
2025-12-05 17:37:09 - OTMS - INFO - Reflecting table 'yade_voyage' from flex database...
2025-12-05 17:37:09 - OTMS - INFO - Successfully created model for table 'yade_voyage' from flex database
2025-12-05 17:37:09 - OTMS - INFO - Successfully loaded custom table model for 'yade_voyage'
2025-12-05 17:37:09 - OTMS - INFO - Retrieved 19 columns for data source 'yade_voyage'
2025-12-05 17:37:09 - OTMS - INFO - Attempting to load custom table 'toa_yade_summary'
2025-12-05 17:37:09 - OTMS - INFO - Reflecting table 'toa_yade_summary' from flex database...
2025-12-05 17:37:09 - OTMS - INFO - Successfully created model for table 'toa_yade_summary' from flex database
2025-12-05 17:37:09 - OTMS - INFO - Successfully loaded custom table model for 'toa_yade_summary'
2025-12-05 17:37:09 - OTMS - INFO - Retrieved 20 columns for data source 'toa_yade_summary'
2025-12-05 17:37:09 - OTMS - INFO - Attempting to load custom table 'yade_voyage'
2025-12-05 17:37:09 - OTMS - INFO - Reflecting table 'yade_voyage' from flex database...
2025-12-05 17:37:09 - OTMS - INFO - Successfully created model for table 'yade_voyage' from flex database
2025-12-05 17:37:09 - OTMS - INFO - Successfully loaded custom table model for 'yade_voyage'
2025-12-05 17:37:09 - OTMS - INFO - Retrieved 19 columns for data source 'yade_voyage'
2025-12-05 17:37:09 - OTMS - INFO - Attempting to load custom table 'yade_voyage'
2025-12-05 17:37:09 - OTMS - INFO - Reflecting table 'yade_voyage' from flex database...
2025-12-05 17:37:09 - OTMS - INFO - Successfully created model for table 'yade_voyage' from flex database
2025-12-05 17:37:09 - OTMS - INFO - Successfully loaded custom table model for 'yade_voyage'
2025-12-05 17:37:09 - OTMS - INFO - Retrieved 19 columns for data source 'yade_voyage'
2025-12-05 17:37:09 - OTMS - INFO - Attempting to load custom table 'audit_log'
2025-12-05 17:37:09 - OTMS - INFO - Reflecting table 'audit_log' from flex database...
2025-12-05 17:37:09 - OTMS - INFO - Successfully created model for table 'audit_log' from flex database
2025-12-05 17:37:09 - OTMS - INFO - Successfully loaded custom table model for 'audit_log'
2025-12-05 17:37:09 - OTMS - INFO - Retrieved 11 columns for data source 'audit_log'
2025-12-05 17:37:09 - OTMS - INFO - Attempting to load custom table 'audit_log'
2025-12-05 17:37:09 - OTMS - INFO - Reflecting table 'audit_log' from flex database...
2025-12-05 17:37:09 - OTMS - INFO - Successfully created model for table 'audit_log' from flex database
2025-12-05 17:37:09 - OTMS - INFO - Successfully loaded custom table model for 'audit_log'
2025-12-05 17:37:09 - OTMS - INFO - Retrieved 11 columns for data source 'audit_log'
2025-12-05 17:37:09 - OTMS - INFO - Attempting to load custom table 'audit_log'
2025-12-05 17:37:09 - OTMS - INFO - Reflecting table 'audit_log' from flex database...
2025-12-05 17:37:09 - OTMS - INFO - Successfully created model for table 'audit_log' from flex database
2025-12-05 17:37:09 - OTMS - INFO - Successfully loaded custom table model for 'audit_log'
2025-12-05 17:37:09 - OTMS - INFO - Retrieved 11 columns for data source 'audit_log'
2025-12-05 17:37:09 - OTMS - INFO - Attempting to load custom table 'audit_log'
2025-12-05 17:37:09 - OTMS - INFO - Reflecting table 'audit_log' from flex database...
2025-12-05 17:37:09 - OTMS - INFO - Successfully created model for table 'audit_log' from flex database
2025-12-05 17:37:09 - OTMS - INFO - Successfully loaded custom table model for 'audit_log'
2025-12-05 17:37:09 - OTMS - INFO - Retrieved 11 columns for data source 'audit_log'
2025-12-05 17:37:17 - OTMS - INFO - Loaded 68 tables from primary database
2025-12-05 17:37:17 - OTMS - INFO - Loaded 68 tables from flexible database
2025-12-05 17:37:17 - OTMS - INFO - Added 0 additional custom tables from location_config
2025-12-05 17:37:17 - OTMS - INFO - Attempting to load custom table 'yade_voyage'
2025-12-05 17:37:17 - OTMS - INFO - Reflecting table 'yade_voyage' from flex database...
2025-12-05 17:37:17 - OTMS - INFO - Successfully created model for table 'yade_voyage' from flex database
2025-12-05 17:37:17 - OTMS - INFO - Successfully loaded custom table model for 'yade_voyage'
2025-12-05 17:37:17 - OTMS - INFO - Retrieved 19 columns for data source 'yade_voyage'
2025-12-05 17:37:17 - OTMS - INFO - Attempting to load custom table 'toa_yade_summary'
2025-12-05 17:37:17 - OTMS - INFO - Reflecting table 'toa_yade_summary' from flex database...
2025-12-05 17:37:17 - OTMS - INFO - Successfully created model for table 'toa_yade_summary' from flex database
2025-12-05 17:37:17 - OTMS - INFO - Successfully loaded custom table model for 'toa_yade_summary'
2025-12-05 17:37:17 - OTMS - INFO - Retrieved 20 columns for data source 'toa_yade_summary'
2025-12-05 17:37:17 - OTMS - INFO - Attempting to load custom table 'yade_voyage'
2025-12-05 17:37:17 - OTMS - INFO - Reflecting table 'yade_voyage' from flex database...
2025-12-05 17:37:17 - OTMS - INFO - Successfully created model for table 'yade_voyage' from flex database
2025-12-05 17:37:17 - OTMS - INFO - Successfully loaded custom table model for 'yade_voyage'
2025-12-05 17:37:17 - OTMS - INFO - Retrieved 19 columns for data source 'yade_voyage'
2025-12-05 17:37:17 - OTMS - INFO - Attempting to load custom table 'yade_voyage'
2025-12-05 17:37:17 - OTMS - INFO - Reflecting table 'yade_voyage' from flex database...
2025-12-05 17:37:17 - OTMS - INFO - Successfully created model for table 'yade_voyage' from flex database
2025-12-05 17:37:17 - OTMS - INFO - Successfully loaded custom table model for 'yade_voyage'
2025-12-05 17:37:17 - OTMS - INFO - Retrieved 19 columns for data source 'yade_voyage'
2025-12-05 17:37:17 - OTMS - INFO - Attempting to load custom table 'audit_log'
2025-12-05 17:37:17 - OTMS - INFO - Reflecting table 'audit_log' from flex database...
2025-12-05 17:37:17 - OTMS - INFO - Successfully created model for table 'audit_log' from flex database
2025-12-05 17:37:17 - OTMS - INFO - Successfully loaded custom table model for 'audit_log'
2025-12-05 17:37:17 - OTMS - INFO - Retrieved 11 columns for data source 'audit_log'
2025-12-05 17:37:17 - OTMS - INFO - Attempting to load custom table 'audit_log'
2025-12-05 17:37:17 - OTMS - INFO - Reflecting table 'audit_log' from flex database...
2025-12-05 17:37:17 - OTMS - INFO - Successfully created model for table 'audit_log' from flex database
2025-12-05 17:37:17 - OTMS - INFO - Successfully loaded custom table model for 'audit_log'
2025-12-05 17:37:17 - OTMS - INFO - Retrieved 11 columns for data source 'audit_log'
2025-12-05 17:37:17 - OTMS - INFO - Attempting to load custom table 'audit_log'
2025-12-05 17:37:17 - OTMS - INFO - Reflecting table 'audit_log' from flex database...
2025-12-05 17:37:17 - OTMS - INFO - Successfully created model for table 'audit_log' from flex database
2025-12-05 17:37:17 - OTMS - INFO - Successfully loaded custom table model for 'audit_log'
2025-12-05 17:37:17 - OTMS - INFO - Retrieved 11 columns for data source 'audit_log'
2025-12-05 17:37:17 - OTMS - INFO - Attempting to load custom table 'audit_log'
2025-12-05 17:37:17 - OTMS - INFO - Reflecting table 'audit_log' from flex database...
2025-12-05 17:37:18 - OTMS - INFO - Successfully created model for table 'audit_log' from flex database
2025-12-05 17:37:18 - OTMS - INFO - Successfully loaded custom table model for 'audit_log'
2025-12-05 17:37:18 - OTMS - INFO - Retrieved 11 columns for data source 'audit_log'
2025-12-05 17:37:21 - OTMS - INFO - Loaded 68 tables from primary database
2025-12-05 17:37:21 - OTMS - INFO - Loaded 68 tables from flexible database
2025-12-05 17:37:21 - OTMS - INFO - Added 0 additional custom tables from location_config
2025-12-05 17:37:21 - OTMS - INFO - Attempting to load custom table 'yade_voyage'
2025-12-05 17:37:21 - OTMS - INFO - Reflecting table 'yade_voyage' from flex database...
2025-12-05 17:37:21 - OTMS - INFO - Successfully created model for table 'yade_voyage' from flex database
2025-12-05 17:37:21 - OTMS - INFO - Successfully loaded custom table model for 'yade_voyage'
2025-12-05 17:37:21 - OTMS - INFO - Retrieved 19 columns for data source 'yade_voyage'
2025-12-05 17:37:21 - OTMS - INFO - Attempting to load custom table 'toa_yade_summary'
2025-12-05 17:37:21 - OTMS - INFO - Reflecting table 'toa_yade_summary' from flex database...
2025-12-05 17:37:21 - OTMS - INFO - Successfully created model for table 'toa_yade_summary' from flex database
2025-12-05 17:37:21 - OTMS - INFO - Successfully loaded custom table model for 'toa_yade_summary'
2025-12-05 17:37:21 - OTMS - INFO - Retrieved 20 columns for data source 'toa_yade_summary'
2025-12-05 17:37:21 - OTMS - INFO - Attempting to load custom table 'yade_voyage'
2025-12-05 17:37:21 - OTMS - INFO - Reflecting table 'yade_voyage' from flex database...
2025-12-05 17:37:21 - OTMS - INFO - Successfully created model for table 'yade_voyage' from flex database
2025-12-05 17:37:21 - OTMS - INFO - Successfully loaded custom table model for 'yade_voyage'
2025-12-05 17:37:21 - OTMS - INFO - Retrieved 19 columns for data source 'yade_voyage'
2025-12-05 17:37:21 - OTMS - INFO - Attempting to load custom table 'yade_voyage'
2025-12-05 17:37:21 - OTMS - INFO - Reflecting table 'yade_voyage' from flex database...
2025-12-05 17:37:21 - OTMS - INFO - Successfully created model for table 'yade_voyage' from flex database
2025-12-05 17:37:21 - OTMS - INFO - Successfully loaded custom table model for 'yade_voyage'
2025-12-05 17:37:21 - OTMS - INFO - Retrieved 19 columns for data source 'yade_voyage'
2025-12-05 17:37:21 - OTMS - INFO - Attempting to load custom table 'audit_log'
2025-12-05 17:37:21 - OTMS - INFO - Reflecting table 'audit_log' from flex database...
2025-12-05 17:37:21 - OTMS - INFO - Successfully created model for table 'audit_log' from flex database
2025-12-05 17:37:21 - OTMS - INFO - Successfully loaded custom table model for 'audit_log'
2025-12-05 17:37:21 - OTMS - INFO - Retrieved 11 columns for data source 'audit_log'
2025-12-05 17:37:21 - OTMS - INFO - Attempting to load custom table 'audit_log'
2025-12-05 17:37:21 - OTMS - INFO - Reflecting table 'audit_log' from flex database...
2025-12-05 17:37:21 - OTMS - INFO - Successfully created model for table 'audit_log' from flex database
2025-12-05 17:37:21 - OTMS - INFO - Successfully loaded custom table model for 'audit_log'
2025-12-05 17:37:21 - OTMS - INFO - Retrieved 11 columns for data source 'audit_log'
2025-12-05 17:37:21 - OTMS - INFO - Attempting to load custom table 'audit_log'
2025-12-05 17:37:21 - OTMS - INFO - Reflecting table 'audit_log' from flex database...
2025-12-05 17:37:21 - OTMS - INFO - Successfully created model for table 'audit_log' from flex database
2025-12-05 17:37:21 - OTMS - INFO - Successfully loaded custom table model for 'audit_log'
2025-12-05 17:37:21 - OTMS - INFO - Retrieved 11 columns for data source 'audit_log'
2025-12-05 17:37:21 - OTMS - INFO - Attempting to load custom table 'audit_log'
2025-12-05 17:37:21 - OTMS - INFO - Reflecting table 'audit_log' from flex database...
2025-12-05 17:37:21 - OTMS - INFO - Successfully created model for table 'audit_log' from flex database
2025-12-05 17:37:21 - OTMS - INFO - Successfully loaded custom table model for 'audit_log'
2025-12-05 17:37:21 - OTMS - INFO - Retrieved 11 columns for data source 'audit_log'
2025-12-05 17:37:25 - OTMS - INFO - Loaded 68 tables from primary database
2025-12-05 17:37:25 - OTMS - INFO - Loaded 68 tables from flexible database
2025-12-05 17:37:25 - OTMS - INFO - Added 0 additional custom tables from location_config
2025-12-05 17:37:25 - OTMS - INFO - Attempting to load custom table 'yade_voyage'
2025-12-05 17:37:25 - OTMS - INFO - Reflecting table 'yade_voyage' from flex database...
2025-12-05 17:37:25 - OTMS - INFO - Successfully created model for table 'yade_voyage' from flex database
2025-12-05 17:37:25 - OTMS - INFO - Successfully loaded custom table model for 'yade_voyage'
2025-12-05 17:37:25 - OTMS - INFO - Retrieved 19 columns for data source 'yade_voyage'
2025-12-05 17:37:25 - OTMS - INFO - Attempting to load custom table 'toa_yade_summary'
2025-12-05 17:37:25 - OTMS - INFO - Reflecting table 'toa_yade_summary' from flex database...
2025-12-05 17:37:25 - OTMS - INFO - Successfully created model for table 'toa_yade_summary' from flex database
2025-12-05 17:37:25 - OTMS - INFO - Successfully loaded custom table model for 'toa_yade_summary'
2025-12-05 17:37:25 - OTMS - INFO - Retrieved 20 columns for data source 'toa_yade_summary'
2025-12-05 17:37:25 - OTMS - INFO - Attempting to load custom table 'yade_voyage'
2025-12-05 17:37:25 - OTMS - INFO - Reflecting table 'yade_voyage' from flex database...
2025-12-05 17:37:25 - OTMS - INFO - Successfully created model for table 'yade_voyage' from flex database
2025-12-05 17:37:25 - OTMS - INFO - Successfully loaded custom table model for 'yade_voyage'
2025-12-05 17:37:25 - OTMS - INFO - Retrieved 19 columns for data source 'yade_voyage'
2025-12-05 17:37:25 - OTMS - INFO - Attempting to load custom table 'yade_voyage'
2025-12-05 17:37:25 - OTMS - INFO - Reflecting table 'yade_voyage' from flex database...
2025-12-05 17:37:25 - OTMS - INFO - Successfully created model for table 'yade_voyage' from flex database
2025-12-05 17:37:25 - OTMS - INFO - Successfully loaded custom table model for 'yade_voyage'
2025-12-05 17:37:25 - OTMS - INFO - Retrieved 19 columns for data source 'yade_voyage'
2025-12-05 17:37:26 - OTMS - INFO - Attempting to load custom table 'audit_log'
2025-12-05 17:37:26 - OTMS - INFO - Reflecting table 'audit_log' from flex database...
2025-12-05 17:37:26 - OTMS - INFO - Successfully created model for table 'audit_log' from flex database
2025-12-05 17:37:26 - OTMS - INFO - Successfully loaded custom table model for 'audit_log'
2025-12-05 17:37:26 - OTMS - INFO - Retrieved 11 columns for data source 'audit_log'
2025-12-05 17:37:26 - OTMS - INFO - Attempting to load custom table 'audit_log'
2025-12-05 17:37:26 - OTMS - INFO - Reflecting table 'audit_log' from flex database...
2025-12-05 17:37:26 - OTMS - INFO - Successfully created model for table 'audit_log' from flex database
2025-12-05 17:37:26 - OTMS - INFO - Successfully loaded custom table model for 'audit_log'
2025-12-05 17:37:26 - OTMS - INFO - Retrieved 11 columns for data source 'audit_log'
2025-12-05 17:37:26 - OTMS - INFO - Attempting to load custom table 'audit_log'
2025-12-05 17:37:26 - OTMS - INFO - Reflecting table 'audit_log' from flex database...
2025-12-05 17:37:26 - OTMS - INFO - Successfully created model for table 'audit_log' from flex database
2025-12-05 17:37:26 - OTMS - INFO - Successfully loaded custom table model for 'audit_log'
2025-12-05 17:37:26 - OTMS - INFO - Retrieved 11 columns for data source 'audit_log'
2025-12-05 17:37:26 - OTMS - INFO - Attempting to load custom table 'audit_log'
2025-12-05 17:37:26 - OTMS - INFO - Reflecting table 'audit_log' from flex database...
2025-12-05 17:37:26 - OTMS - INFO - Successfully created model for table 'audit_log' from flex database
2025-12-05 17:37:26 - OTMS - INFO - Successfully loaded custom table model for 'audit_log'
2025-12-05 17:37:26 - OTMS - INFO - Retrieved 11 columns for data source 'audit_log'
2025-12-05 17:37:30 - OTMS - INFO - Loaded 68 tables from primary database
2025-12-05 17:37:30 - OTMS - INFO - Loaded 68 tables from flexible database
2025-12-05 17:37:30 - OTMS - INFO - Added 0 additional custom tables from location_config
2025-12-05 17:37:30 - OTMS - INFO - Attempting to load custom table 'yade_voyage'
2025-12-05 17:37:30 - OTMS - INFO - Reflecting table 'yade_voyage' from flex database...
2025-12-05 17:37:30 - OTMS - INFO - Successfully created model for table 'yade_voyage' from flex database
2025-12-05 17:37:30 - OTMS - INFO - Successfully loaded custom table model for 'yade_voyage'
2025-12-05 17:37:30 - OTMS - INFO - Retrieved 19 columns for data source 'yade_voyage'
2025-12-05 17:37:30 - OTMS - INFO - Attempting to load custom table 'toa_yade_summary'
2025-12-05 17:37:30 - OTMS - INFO - Reflecting table 'toa_yade_summary' from flex database...
2025-12-05 17:37:30 - OTMS - INFO - Successfully created model for table 'toa_yade_summary' from flex database
2025-12-05 17:37:30 - OTMS - INFO - Successfully loaded custom table model for 'toa_yade_summary'
2025-12-05 17:37:30 - OTMS - INFO - Retrieved 20 columns for data source 'toa_yade_summary'
2025-12-05 17:37:30 - OTMS - INFO - Attempting to load custom table 'yade_voyage'
2025-12-05 17:37:30 - OTMS - INFO - Reflecting table 'yade_voyage' from flex database...
2025-12-05 17:37:30 - OTMS - INFO - Successfully created model for table 'yade_voyage' from flex database
2025-12-05 17:37:30 - OTMS - INFO - Successfully loaded custom table model for 'yade_voyage'
2025-12-05 17:37:30 - OTMS - INFO - Retrieved 19 columns for data source 'yade_voyage'
2025-12-05 17:37:30 - OTMS - INFO - Attempting to load custom table 'yade_voyage'
2025-12-05 17:37:30 - OTMS - INFO - Reflecting table 'yade_voyage' from flex database...
2025-12-05 17:37:30 - OTMS - INFO - Successfully created model for table 'yade_voyage' from flex database
2025-12-05 17:37:30 - OTMS - INFO - Successfully loaded custom table model for 'yade_voyage'
2025-12-05 17:37:30 - OTMS - INFO - Retrieved 19 columns for data source 'yade_voyage'
2025-12-05 17:37:30 - OTMS - INFO - Attempting to load custom table 'yade_voyage'
2025-12-05 17:37:30 - OTMS - INFO - Reflecting table 'yade_voyage' from flex database...
2025-12-05 17:37:30 - OTMS - INFO - Successfully created model for table 'yade_voyage' from flex database
2025-12-05 17:37:30 - OTMS - INFO - Successfully loaded custom table model for 'yade_voyage'
2025-12-05 17:37:30 - OTMS - INFO - Retrieved 19 columns for data source 'yade_voyage'
2025-12-05 17:37:30 - OTMS - INFO - Attempting to load custom table 'audit_log'
2025-12-05 17:37:30 - OTMS - INFO - Reflecting table 'audit_log' from flex database...
2025-12-05 17:37:30 - OTMS - INFO - Successfully created model for table 'audit_log' from flex database
2025-12-05 17:37:30 - OTMS - INFO - Successfully loaded custom table model for 'audit_log'
2025-12-05 17:37:30 - OTMS - INFO - Retrieved 11 columns for data source 'audit_log'
2025-12-05 17:37:30 - OTMS - INFO - Attempting to load custom table 'audit_log'
2025-12-05 17:37:30 - OTMS - INFO - Reflecting table 'audit_log' from flex database...
2025-12-05 17:37:30 - OTMS - INFO - Successfully created model for table 'audit_log' from flex database
2025-12-05 17:37:30 - OTMS - INFO - Successfully loaded custom table model for 'audit_log'
2025-12-05 17:37:30 - OTMS - INFO - Retrieved 11 columns for data source 'audit_log'
2025-12-05 17:37:30 - OTMS - INFO - Attempting to load custom table 'audit_log'
2025-12-05 17:37:30 - OTMS - INFO - Reflecting table 'audit_log' from flex database...
2025-12-05 17:37:30 - OTMS - INFO - Successfully created model for table 'audit_log' from flex database
2025-12-05 17:37:30 - OTMS - INFO - Successfully loaded custom table model for 'audit_log'
2025-12-05 17:37:30 - OTMS - INFO - Retrieved 11 columns for data source 'audit_log'
2025-12-05 17:37:33 - OTMS - INFO - Loaded 68 tables from primary database
2025-12-05 17:37:33 - OTMS - INFO - Loaded 68 tables from flexible database
2025-12-05 17:37:33 - OTMS - INFO - Added 0 additional custom tables from location_config
2025-12-05 17:37:33 - OTMS - INFO - Attempting to load custom table 'yade_voyage'
2025-12-05 17:37:33 - OTMS - INFO - Reflecting table 'yade_voyage' from flex database...
2025-12-05 17:37:33 - OTMS - INFO - Successfully created model for table 'yade_voyage' from flex database
2025-12-05 17:37:33 - OTMS - INFO - Successfully loaded custom table model for 'yade_voyage'
2025-12-05 17:37:33 - OTMS - INFO - Retrieved 19 columns for data source 'yade_voyage'
2025-12-05 17:37:33 - OTMS - INFO - Attempting to load custom table 'toa_yade_summary'
2025-12-05 17:37:33 - OTMS - INFO - Reflecting table 'toa_yade_summary' from flex database...
2025-12-05 17:37:33 - OTMS - INFO - Successfully created model for table 'toa_yade_summary' from flex database
2025-12-05 17:37:33 - OTMS - INFO - Successfully loaded custom table model for 'toa_yade_summary'
2025-12-05 17:37:33 - OTMS - INFO - Retrieved 20 columns for data source 'toa_yade_summary'
2025-12-05 17:37:33 - OTMS - INFO - Attempting to load custom table 'yade_voyage'
2025-12-05 17:37:33 - OTMS - INFO - Reflecting table 'yade_voyage' from flex database...
2025-12-05 17:37:33 - OTMS - INFO - Successfully created model for table 'yade_voyage' from flex database
2025-12-05 17:37:33 - OTMS - INFO - Successfully loaded custom table model for 'yade_voyage'
2025-12-05 17:37:33 - OTMS - INFO - Retrieved 19 columns for data source 'yade_voyage'
2025-12-05 17:37:33 - OTMS - INFO - Attempting to load custom table 'yade_voyage'
2025-12-05 17:37:33 - OTMS - INFO - Reflecting table 'yade_voyage' from flex database...
2025-12-05 17:37:33 - OTMS - INFO - Successfully created model for table 'yade_voyage' from flex database
2025-12-05 17:37:33 - OTMS - INFO - Successfully loaded custom table model for 'yade_voyage'
2025-12-05 17:37:33 - OTMS - INFO - Retrieved 19 columns for data source 'yade_voyage'
2025-12-05 17:37:33 - OTMS - INFO - Attempting to load custom table 'yade_voyage'
2025-12-05 17:37:33 - OTMS - INFO - Reflecting table 'yade_voyage' from flex database...
2025-12-05 17:37:33 - OTMS - INFO - Successfully created model for table 'yade_voyage' from flex database
2025-12-05 17:37:33 - OTMS - INFO - Successfully loaded custom table model for 'yade_voyage'
2025-12-05 17:37:33 - OTMS - INFO - Retrieved 19 columns for data source 'yade_voyage'
2025-12-05 17:37:33 - OTMS - INFO - Attempting to load custom table 'audit_log'
2025-12-05 17:37:33 - OTMS - INFO - Reflecting table 'audit_log' from flex database...
2025-12-05 17:37:33 - OTMS - INFO - Successfully created model for table 'audit_log' from flex database
2025-12-05 17:37:33 - OTMS - INFO - Successfully loaded custom table model for 'audit_log'
2025-12-05 17:37:33 - OTMS - INFO - Retrieved 11 columns for data source 'audit_log'
2025-12-05 17:37:33 - OTMS - INFO - Attempting to load custom table 'audit_log'
2025-12-05 17:37:33 - OTMS - INFO - Reflecting table 'audit_log' from flex database...
2025-12-05 17:37:33 - OTMS - INFO - Successfully created model for table 'audit_log' from flex database
2025-12-05 17:37:33 - OTMS - INFO - Successfully loaded custom table model for 'audit_log'
2025-12-05 17:37:33 - OTMS - INFO - Retrieved 11 columns for data source 'audit_log'
2025-12-05 17:37:33 - OTMS - INFO - Attempting to load custom table 'audit_log'
2025-12-05 17:37:33 - OTMS - INFO - Reflecting table 'audit_log' from flex database...
2025-12-05 17:37:33 - OTMS - INFO - Successfully created model for table 'audit_log' from flex database
2025-12-05 17:37:33 - OTMS - INFO - Successfully loaded custom table model for 'audit_log'
2025-12-05 17:37:33 - OTMS - INFO - Retrieved 11 columns for data source 'audit_log'
2025-12-05 17:37:36 - OTMS - INFO - Loaded 68 tables from primary database
2025-12-05 17:37:36 - OTMS - INFO - Loaded 68 tables from flexible database
2025-12-05 17:37:36 - OTMS - INFO - Added 0 additional custom tables from location_config
2025-12-05 17:37:36 - OTMS - INFO - Attempting to load custom table 'yade_voyage'
2025-12-05 17:37:36 - OTMS - INFO - Reflecting table 'yade_voyage' from flex database...
2025-12-05 17:37:36 - OTMS - INFO - Successfully created model for table 'yade_voyage' from flex database
2025-12-05 17:37:36 - OTMS - INFO - Successfully loaded custom table model for 'yade_voyage'
2025-12-05 17:37:36 - OTMS - INFO - Retrieved 19 columns for data source 'yade_voyage'
2025-12-05 17:37:36 - OTMS - INFO - Attempting to load custom table 'toa_yade_summary'
2025-12-05 17:37:36 - OTMS - INFO - Reflecting table 'toa_yade_summary' from flex database...
2025-12-05 17:37:36 - OTMS - INFO - Successfully created model for table 'toa_yade_summary' from flex database
2025-12-05 17:37:36 - OTMS - INFO - Successfully loaded custom table model for 'toa_yade_summary'
2025-12-05 17:37:36 - OTMS - INFO - Retrieved 20 columns for data source 'toa_yade_summary'
2025-12-05 17:37:36 - OTMS - INFO - Attempting to load custom table 'yade_voyage'
2025-12-05 17:37:36 - OTMS - INFO - Reflecting table 'yade_voyage' from flex database...
2025-12-05 17:37:36 - OTMS - INFO - Successfully created model for table 'yade_voyage' from flex database
2025-12-05 17:37:36 - OTMS - INFO - Successfully loaded custom table model for 'yade_voyage'
2025-12-05 17:37:36 - OTMS - INFO - Retrieved 19 columns for data source 'yade_voyage'
2025-12-05 17:37:37 - OTMS - INFO - Loaded 68 tables from primary database
2025-12-05 17:37:37 - OTMS - INFO - Loaded 68 tables from flexible database
2025-12-05 17:37:37 - OTMS - INFO - Added 0 additional custom tables from location_config
2025-12-05 17:37:37 - OTMS - INFO - Attempting to load custom table 'yade_voyage'
2025-12-05 17:37:37 - OTMS - INFO - Reflecting table 'yade_voyage' from flex database...
2025-12-05 17:37:37 - OTMS - INFO - Successfully created model for table 'yade_voyage' from flex database
2025-12-05 17:37:37 - OTMS - INFO - Successfully loaded custom table model for 'yade_voyage'
2025-12-05 17:37:37 - OTMS - INFO - Retrieved 19 columns for data source 'yade_voyage'
2025-12-05 17:37:37 - OTMS - INFO - Attempting to load custom table 'toa_yade_summary'
2025-12-05 17:37:37 - OTMS - INFO - Reflecting table 'toa_yade_summary' from flex database...
2025-12-05 17:37:37 - OTMS - INFO - Successfully created model for table 'toa_yade_summary' from flex database
2025-12-05 17:37:37 - OTMS - INFO - Successfully loaded custom table model for 'toa_yade_summary'
2025-12-05 17:37:37 - OTMS - INFO - Retrieved 20 columns for data source 'toa_yade_summary'
2025-12-05 17:37:37 - OTMS - INFO - Attempting to load custom table 'yade_voyage'
2025-12-05 17:37:37 - OTMS - INFO - Reflecting table 'yade_voyage' from flex database...
2025-12-05 17:37:37 - OTMS - INFO - Successfully created model for table 'yade_voyage' from flex database
2025-12-05 17:37:37 - OTMS - INFO - Successfully loaded custom table model for 'yade_voyage'
2025-12-05 17:37:37 - OTMS - INFO - Retrieved 19 columns for data source 'yade_voyage'
2025-12-05 17:37:37 - OTMS - INFO - Attempting to load custom table 'yade_voyage'
2025-12-05 17:37:37 - OTMS - INFO - Reflecting table 'yade_voyage' from flex database...
2025-12-05 17:37:37 - OTMS - INFO - Successfully created model for table 'yade_voyage' from flex database
2025-12-05 17:37:37 - OTMS - INFO - Successfully loaded custom table model for 'yade_voyage'
2025-12-05 17:37:37 - OTMS - INFO - Retrieved 19 columns for data source 'yade_voyage'
2025-12-05 17:37:37 - OTMS - INFO - Attempting to load custom table 'yade_voyage'
2025-12-05 17:37:37 - OTMS - INFO - Reflecting table 'yade_voyage' from flex database...
2025-12-05 17:37:37 - OTMS - INFO - Successfully created model for table 'yade_voyage' from flex database
2025-12-05 17:37:37 - OTMS - INFO - Successfully loaded custom table model for 'yade_voyage'
2025-12-05 17:37:37 - OTMS - INFO - Retrieved 19 columns for data source 'yade_voyage'
2025-12-05 17:37:37 - OTMS - INFO - Attempting to load custom table 'audit_log'
2025-12-05 17:37:37 - OTMS - INFO - Reflecting table 'audit_log' from flex database...
2025-12-05 17:37:37 - OTMS - INFO - Successfully created model for table 'audit_log' from flex database
2025-12-05 17:37:37 - OTMS - INFO - Successfully loaded custom table model for 'audit_log'
2025-12-05 17:37:37 - OTMS - INFO - Retrieved 11 columns for data source 'audit_log'
2025-12-05 17:37:37 - OTMS - INFO - Attempting to load custom table 'audit_log'
2025-12-05 17:37:37 - OTMS - INFO - Reflecting table 'audit_log' from flex database...
2025-12-05 17:37:37 - OTMS - INFO - Successfully created model for table 'audit_log' from flex database
2025-12-05 17:37:37 - OTMS - INFO - Successfully loaded custom table model for 'audit_log'
2025-12-05 17:37:37 - OTMS - INFO - Retrieved 11 columns for data source 'audit_log'
2025-12-05 17:37:37 - OTMS - INFO - Attempting to load custom table 'audit_log'
2025-12-05 17:37:37 - OTMS - INFO - Reflecting table 'audit_log' from flex database...
2025-12-05 17:37:37 - OTMS - INFO - Successfully created model for table 'audit_log' from flex database
2025-12-05 17:37:37 - OTMS - INFO - Successfully loaded custom table model for 'audit_log'
2025-12-05 17:37:37 - OTMS - INFO - Retrieved 11 columns for data source 'audit_log'
2025-12-05 17:37:49 - OTMS - INFO - Loaded 68 tables from primary database
2025-12-05 17:37:49 - OTMS - INFO - Loaded 68 tables from flexible database
2025-12-05 17:37:49 - OTMS - INFO - Added 0 additional custom tables from location_config
2025-12-05 17:37:49 - OTMS - INFO - Attempting to load custom table 'yade_voyage'
2025-12-05 17:37:49 - OTMS - INFO - Reflecting table 'yade_voyage' from flex database...
2025-12-05 17:37:49 - OTMS - INFO - Successfully created model for table 'yade_voyage' from flex database
2025-12-05 17:37:49 - OTMS - INFO - Successfully loaded custom table model for 'yade_voyage'
2025-12-05 17:37:49 - OTMS - INFO - Retrieved 19 columns for data source 'yade_voyage'
2025-12-05 17:37:49 - OTMS - INFO - Attempting to load custom table 'toa_yade_summary'
2025-12-05 17:37:49 - OTMS - INFO - Reflecting table 'toa_yade_summary' from flex database...
2025-12-05 17:37:49 - OTMS - INFO - Successfully created model for table 'toa_yade_summary' from flex database
2025-12-05 17:37:49 - OTMS - INFO - Successfully loaded custom table model for 'toa_yade_summary'
2025-12-05 17:37:49 - OTMS - INFO - Retrieved 20 columns for data source 'toa_yade_summary'
2025-12-05 17:37:49 - OTMS - INFO - Attempting to load custom table 'yade_voyage'
2025-12-05 17:37:49 - OTMS - INFO - Reflecting table 'yade_voyage' from flex database...
2025-12-05 17:37:49 - OTMS - INFO - Successfully created model for table 'yade_voyage' from flex database
2025-12-05 17:37:49 - OTMS - INFO - Successfully loaded custom table model for 'yade_voyage'
2025-12-05 17:37:49 - OTMS - INFO - Retrieved 19 columns for data source 'yade_voyage'
2025-12-05 17:37:49 - OTMS - INFO - Attempting to load custom table 'yade_voyage'
2025-12-05 17:37:49 - OTMS - INFO - Reflecting table 'yade_voyage' from flex database...
2025-12-05 17:37:49 - OTMS - INFO - Successfully created model for table 'yade_voyage' from flex database
2025-12-05 17:37:49 - OTMS - INFO - Successfully loaded custom table model for 'yade_voyage'
2025-12-05 17:37:49 - OTMS - INFO - Retrieved 19 columns for data source 'yade_voyage'
2025-12-05 17:37:49 - OTMS - INFO - Attempting to load custom table 'yade_voyage'
2025-12-05 17:37:49 - OTMS - INFO - Reflecting table 'yade_voyage' from flex database...
2025-12-05 17:37:49 - OTMS - INFO - Successfully created model for table 'yade_voyage' from flex database
2025-12-05 17:37:49 - OTMS - INFO - Successfully loaded custom table model for 'yade_voyage'
2025-12-05 17:37:49 - OTMS - INFO - Retrieved 19 columns for data source 'yade_voyage'
2025-12-05 17:37:49 - OTMS - INFO - Attempting to load custom table 'audit_log'
2025-12-05 17:37:49 - OTMS - INFO - Reflecting table 'audit_log' from flex database...
2025-12-05 17:37:49 - OTMS - INFO - Successfully created model for table 'audit_log' from flex database
2025-12-05 17:37:49 - OTMS - INFO - Successfully loaded custom table model for 'audit_log'
2025-12-05 17:37:49 - OTMS - INFO - Retrieved 11 columns for data source 'audit_log'
2025-12-05 17:37:49 - OTMS - INFO - Attempting to load custom table 'audit_log'
2025-12-05 17:37:49 - OTMS - INFO - Reflecting table 'audit_log' from flex database...
2025-12-05 17:37:49 - OTMS - INFO - Successfully created model for table 'audit_log' from flex database
2025-12-05 17:37:49 - OTMS - INFO - Successfully loaded custom table model for 'audit_log'
2025-12-05 17:37:49 - OTMS - INFO - Retrieved 11 columns for data source 'audit_log'
2025-12-05 17:37:49 - OTMS - INFO - Attempting to load custom table 'audit_log'
2025-12-05 17:37:49 - OTMS - INFO - Reflecting table 'audit_log' from flex database...
2025-12-05 17:37:49 - OTMS - INFO - Successfully created model for table 'audit_log' from flex database
2025-12-05 17:37:49 - OTMS - INFO - Successfully loaded custom table model for 'audit_log'
2025-12-05 17:37:49 - OTMS - INFO - Retrieved 11 columns for data source 'audit_log'
2025-12-05 17:37:51 - OTMS - INFO - Loaded 68 tables from primary database
2025-12-05 17:37:51 - OTMS - INFO - Loaded 68 tables from flexible database
2025-12-05 17:37:51 - OTMS - INFO - Added 0 additional custom tables from location_config
2025-12-05 17:37:51 - OTMS - INFO - Attempting to load custom table 'yade_voyage'
2025-12-05 17:37:51 - OTMS - INFO - Reflecting table 'yade_voyage' from flex database...
2025-12-05 17:37:51 - OTMS - INFO - Successfully created model for table 'yade_voyage' from flex database
2025-12-05 17:37:51 - OTMS - INFO - Successfully loaded custom table model for 'yade_voyage'
2025-12-05 17:37:51 - OTMS - INFO - Retrieved 19 columns for data source 'yade_voyage'
2025-12-05 17:37:51 - OTMS - INFO - Attempting to load custom table 'toa_yade_summary'
2025-12-05 17:37:51 - OTMS - INFO - Reflecting table 'toa_yade_summary' from flex database...
2025-12-05 17:37:51 - OTMS - INFO - Successfully created model for table 'toa_yade_summary' from flex database
2025-12-05 17:37:51 - OTMS - INFO - Successfully loaded custom table model for 'toa_yade_summary'
2025-12-05 17:37:51 - OTMS - INFO - Retrieved 20 columns for data source 'toa_yade_summary'
2025-12-05 17:37:51 - OTMS - INFO - Attempting to load custom table 'yade_voyage'
2025-12-05 17:37:51 - OTMS - INFO - Reflecting table 'yade_voyage' from flex database...
2025-12-05 17:37:51 - OTMS - INFO - Successfully created model for table 'yade_voyage' from flex database
2025-12-05 17:37:51 - OTMS - INFO - Successfully loaded custom table model for 'yade_voyage'
2025-12-05 17:37:51 - OTMS - INFO - Retrieved 19 columns for data source 'yade_voyage'
2025-12-05 17:37:51 - OTMS - INFO - Attempting to load custom table 'yade_voyage'
2025-12-05 17:37:51 - OTMS - INFO - Reflecting table 'yade_voyage' from flex database...
2025-12-05 17:37:51 - OTMS - INFO - Successfully created model for table 'yade_voyage' from flex database
2025-12-05 17:37:51 - OTMS - INFO - Successfully loaded custom table model for 'yade_voyage'
2025-12-05 17:37:51 - OTMS - INFO - Retrieved 19 columns for data source 'yade_voyage'
2025-12-05 17:37:51 - OTMS - INFO - Attempting to load custom table 'yade_voyage'
2025-12-05 17:37:51 - OTMS - INFO - Reflecting table 'yade_voyage' from flex database...
2025-12-05 17:37:51 - OTMS - INFO - Successfully created model for table 'yade_voyage' from flex database
2025-12-05 17:37:51 - OTMS - INFO - Successfully loaded custom table model for 'yade_voyage'
2025-12-05 17:37:51 - OTMS - INFO - Retrieved 19 columns for data source 'yade_voyage'
2025-12-05 17:37:51 - OTMS - INFO - Attempting to load custom table 'audit_log'
2025-12-05 17:37:51 - OTMS - INFO - Reflecting table 'audit_log' from flex database...
2025-12-05 17:37:51 - OTMS - INFO - Successfully created model for table 'audit_log' from flex database
2025-12-05 17:37:51 - OTMS - INFO - Successfully loaded custom table model for 'audit_log'
2025-12-05 17:37:51 - OTMS - INFO - Retrieved 11 columns for data source 'audit_log'
2025-12-05 17:37:51 - OTMS - INFO - Attempting to load custom table 'audit_log'
2025-12-05 17:37:51 - OTMS - INFO - Reflecting table 'audit_log' from flex database...
2025-12-05 17:37:51 - OTMS - INFO - Successfully created model for table 'audit_log' from flex database
2025-12-05 17:37:51 - OTMS - INFO - Successfully loaded custom table model for 'audit_log'
2025-12-05 17:37:51 - OTMS - INFO - Retrieved 11 columns for data source 'audit_log'
2025-12-05 17:37:51 - OTMS - INFO - Attempting to load custom table 'audit_log'
2025-12-05 17:37:51 - OTMS - INFO - Reflecting table 'audit_log' from flex database...
2025-12-05 17:37:51 - OTMS - INFO - Successfully created model for table 'audit_log' from flex database
2025-12-05 17:37:51 - OTMS - INFO - Successfully loaded custom table model for 'audit_log'
2025-12-05 17:37:51 - OTMS - INFO - Retrieved 11 columns for data source 'audit_log'
2025-12-05 17:37:53 - OTMS - INFO - Loaded 68 tables from primary database
2025-12-05 17:37:53 - OTMS - INFO - Loaded 68 tables from flexible database
2025-12-05 17:37:53 - OTMS - INFO - Added 0 additional custom tables from location_config
2025-12-05 17:37:53 - OTMS - INFO - Attempting to load custom table 'yade_voyage'
2025-12-05 17:37:53 - OTMS - INFO - Reflecting table 'yade_voyage' from flex database...
2025-12-05 17:37:53 - OTMS - INFO - Successfully created model for table 'yade_voyage' from flex database
2025-12-05 17:37:53 - OTMS - INFO - Successfully loaded custom table model for 'yade_voyage'
2025-12-05 17:37:53 - OTMS - INFO - Retrieved 19 columns for data source 'yade_voyage'
2025-12-05 17:37:53 - OTMS - INFO - Attempting to load custom table 'toa_yade_summary'
2025-12-05 17:37:53 - OTMS - INFO - Reflecting table 'toa_yade_summary' from flex database...
2025-12-05 17:37:53 - OTMS - INFO - Successfully created model for table 'toa_yade_summary' from flex database
2025-12-05 17:37:53 - OTMS - INFO - Successfully loaded custom table model for 'toa_yade_summary'
2025-12-05 17:37:53 - OTMS - INFO - Retrieved 20 columns for data source 'toa_yade_summary'
2025-12-05 17:37:53 - OTMS - INFO - Loaded 68 tables from primary database
2025-12-05 17:37:53 - OTMS - INFO - Loaded 68 tables from flexible database
2025-12-05 17:37:53 - OTMS - INFO - Added 0 additional custom tables from location_config
2025-12-05 17:37:53 - OTMS - INFO - Attempting to load custom table 'yade_voyage'
2025-12-05 17:37:53 - OTMS - INFO - Reflecting table 'yade_voyage' from flex database...
2025-12-05 17:37:53 - OTMS - INFO - Successfully created model for table 'yade_voyage' from flex database
2025-12-05 17:37:53 - OTMS - INFO - Successfully loaded custom table model for 'yade_voyage'
2025-12-05 17:37:53 - OTMS - INFO - Retrieved 19 columns for data source 'yade_voyage'
2025-12-05 17:37:53 - OTMS - INFO - Attempting to load custom table 'toa_yade_summary'
2025-12-05 17:37:53 - OTMS - INFO - Reflecting table 'toa_yade_summary' from flex database...
2025-12-05 17:37:53 - OTMS - INFO - Successfully created model for table 'toa_yade_summary' from flex database
2025-12-05 17:37:53 - OTMS - INFO - Successfully loaded custom table model for 'toa_yade_summary'
2025-12-05 17:37:53 - OTMS - INFO - Retrieved 20 columns for data source 'toa_yade_summary'
2025-12-05 17:37:53 - OTMS - INFO - Attempting to load custom table 'yade_voyage'
2025-12-05 17:37:53 - OTMS - INFO - Reflecting table 'yade_voyage' from flex database...
2025-12-05 17:37:53 - OTMS - INFO - Successfully created model for table 'yade_voyage' from flex database
2025-12-05 17:37:53 - OTMS - INFO - Successfully loaded custom table model for 'yade_voyage'
2025-12-05 17:37:53 - OTMS - INFO - Retrieved 19 columns for data source 'yade_voyage'
2025-12-05 17:37:53 - OTMS - INFO - Attempting to load custom table 'yade_voyage'
2025-12-05 17:37:53 - OTMS - INFO - Reflecting table 'yade_voyage' from flex database...
2025-12-05 17:37:53 - OTMS - INFO - Successfully created model for table 'yade_voyage' from flex database
2025-12-05 17:37:53 - OTMS - INFO - Successfully loaded custom table model for 'yade_voyage'
2025-12-05 17:37:53 - OTMS - INFO - Retrieved 19 columns for data source 'yade_voyage'
2025-12-05 17:37:53 - OTMS - INFO - Attempting to load custom table 'yade_voyage'
2025-12-05 17:37:53 - OTMS - INFO - Reflecting table 'yade_voyage' from flex database...
2025-12-05 17:37:53 - OTMS - INFO - Successfully created model for table 'yade_voyage' from flex database
2025-12-05 17:37:53 - OTMS - INFO - Successfully loaded custom table model for 'yade_voyage'
2025-12-05 17:37:53 - OTMS - INFO - Retrieved 19 columns for data source 'yade_voyage'
2025-12-05 17:37:53 - OTMS - INFO - Attempting to load custom table 'audit_log'
2025-12-05 17:37:53 - OTMS - INFO - Reflecting table 'audit_log' from flex database...
2025-12-05 17:37:53 - OTMS - INFO - Successfully created model for table 'audit_log' from flex database
2025-12-05 17:37:54 - OTMS - INFO - Successfully loaded custom table model for 'audit_log'
2025-12-05 17:37:54 - OTMS - INFO - Retrieved 11 columns for data source 'audit_log'
2025-12-05 17:37:54 - OTMS - INFO - Attempting to load custom table 'audit_log'
2025-12-05 17:37:54 - OTMS - INFO - Reflecting table 'audit_log' from flex database...
2025-12-05 17:37:54 - OTMS - INFO - Successfully created model for table 'audit_log' from flex database
2025-12-05 17:37:54 - OTMS - INFO - Successfully loaded custom table model for 'audit_log'
2025-12-05 17:37:54 - OTMS - INFO - Retrieved 11 columns for data source 'audit_log'
2025-12-05 17:37:54 - OTMS - INFO - Attempting to load custom table 'audit_log'
2025-12-05 17:37:54 - OTMS - INFO - Reflecting table 'audit_log' from flex database...
2025-12-05 17:37:54 - OTMS - INFO - Successfully created model for table 'audit_log' from flex database
2025-12-05 17:37:54 - OTMS - INFO - Successfully loaded custom table model for 'audit_log'
2025-12-05 17:37:54 - OTMS - INFO - Retrieved 11 columns for data source 'audit_log'
2025-12-05 17:38:21 - OTMS - INFO - Loaded 68 tables from primary database
2025-12-05 17:38:21 - OTMS - INFO - Loaded 68 tables from flexible database
2025-12-05 17:38:21 - OTMS - INFO - Added 0 additional custom tables from location_config
2025-12-05 17:38:21 - OTMS - INFO - Attempting to load custom table 'yade_voyage'
2025-12-05 17:38:21 - OTMS - INFO - Reflecting table 'yade_voyage' from flex database...
2025-12-05 17:38:21 - OTMS - INFO - Successfully created model for table 'yade_voyage' from flex database
2025-12-05 17:38:21 - OTMS - INFO - Successfully loaded custom table model for 'yade_voyage'
2025-12-05 17:38:21 - OTMS - INFO - Retrieved 19 columns for data source 'yade_voyage'
2025-12-05 17:38:21 - OTMS - INFO - Attempting to load custom table 'toa_yade_summary'
2025-12-05 17:38:21 - OTMS - INFO - Reflecting table 'toa_yade_summary' from flex database...
2025-12-05 17:38:21 - OTMS - INFO - Successfully created model for table 'toa_yade_summary' from flex database
2025-12-05 17:38:21 - OTMS - INFO - Successfully loaded custom table model for 'toa_yade_summary'
2025-12-05 17:38:21 - OTMS - INFO - Retrieved 20 columns for data source 'toa_yade_summary'
2025-12-05 17:38:21 - OTMS - INFO - Attempting to load custom table 'yade_voyage'
2025-12-05 17:38:21 - OTMS - INFO - Reflecting table 'yade_voyage' from flex database...
2025-12-05 17:38:21 - OTMS - INFO - Successfully created model for table 'yade_voyage' from flex database
2025-12-05 17:38:21 - OTMS - INFO - Successfully loaded custom table model for 'yade_voyage'
2025-12-05 17:38:21 - OTMS - INFO - Retrieved 19 columns for data source 'yade_voyage'
2025-12-05 17:38:21 - OTMS - INFO - Attempting to load custom table 'yade_voyage'
2025-12-05 17:38:21 - OTMS - INFO - Reflecting table 'yade_voyage' from flex database...
2025-12-05 17:38:21 - OTMS - INFO - Successfully created model for table 'yade_voyage' from flex database
2025-12-05 17:38:21 - OTMS - INFO - Successfully loaded custom table model for 'yade_voyage'
2025-12-05 17:38:21 - OTMS - INFO - Retrieved 19 columns for data source 'yade_voyage'
2025-12-05 17:38:21 - OTMS - INFO - Attempting to load custom table 'yade_voyage'
2025-12-05 17:38:21 - OTMS - INFO - Reflecting table 'yade_voyage' from flex database...
2025-12-05 17:38:21 - OTMS - INFO - Successfully created model for table 'yade_voyage' from flex database
2025-12-05 17:38:21 - OTMS - INFO - Successfully loaded custom table model for 'yade_voyage'
2025-12-05 17:38:21 - OTMS - INFO - Retrieved 19 columns for data source 'yade_voyage'
2025-12-05 17:38:21 - OTMS - INFO - Attempting to load custom table 'toa_yade_summary'
2025-12-05 17:38:21 - OTMS - INFO - Reflecting table 'toa_yade_summary' from flex database...
2025-12-05 17:38:21 - OTMS - INFO - Successfully created model for table 'toa_yade_summary' from flex database
2025-12-05 17:38:21 - OTMS - INFO - Successfully loaded custom table model for 'toa_yade_summary'
2025-12-05 17:38:21 - OTMS - INFO - Retrieved 20 columns for data source 'toa_yade_summary'
2025-12-05 17:38:21 - OTMS - INFO - Attempting to load custom table 'audit_log'
2025-12-05 17:38:21 - OTMS - INFO - Reflecting table 'audit_log' from flex database...
2025-12-05 17:38:21 - OTMS - INFO - Successfully created model for table 'audit_log' from flex database
2025-12-05 17:38:21 - OTMS - INFO - Successfully loaded custom table model for 'audit_log'
2025-12-05 17:38:21 - OTMS - INFO - Retrieved 11 columns for data source 'audit_log'
2025-12-05 17:38:21 - OTMS - INFO - Attempting to load custom table 'audit_log'
2025-12-05 17:38:21 - OTMS - INFO - Reflecting table 'audit_log' from flex database...
2025-12-05 17:38:21 - OTMS - INFO - Successfully created model for table 'audit_log' from flex database
2025-12-05 17:38:21 - OTMS - INFO - Successfully loaded custom table model for 'audit_log'
2025-12-05 17:38:21 - OTMS - INFO - Retrieved 11 columns for data source 'audit_log'
2025-12-05 17:38:25 - OTMS - INFO - Loaded 68 tables from primary database
2025-12-05 17:38:25 - OTMS - INFO - Loaded 68 tables from flexible database
2025-12-05 17:38:25 - OTMS - INFO - Added 0 additional custom tables from location_config
2025-12-05 17:38:25 - OTMS - INFO - Attempting to load custom table 'yade_voyage'
2025-12-05 17:38:25 - OTMS - INFO - Reflecting table 'yade_voyage' from flex database...
2025-12-05 17:38:25 - OTMS - INFO - Successfully created model for table 'yade_voyage' from flex database
2025-12-05 17:38:25 - OTMS - INFO - Successfully loaded custom table model for 'yade_voyage'
2025-12-05 17:38:25 - OTMS - INFO - Retrieved 19 columns for data source 'yade_voyage'
2025-12-05 17:38:25 - OTMS - INFO - Attempting to load custom table 'toa_yade_summary'
2025-12-05 17:38:25 - OTMS - INFO - Reflecting table 'toa_yade_summary' from flex database...
2025-12-05 17:38:25 - OTMS - INFO - Successfully created model for table 'toa_yade_summary' from flex database
2025-12-05 17:38:25 - OTMS - INFO - Successfully loaded custom table model for 'toa_yade_summary'
2025-12-05 17:38:25 - OTMS - INFO - Retrieved 20 columns for data source 'toa_yade_summary'
2025-12-05 17:38:25 - OTMS - INFO - Attempting to load custom table 'yade_voyage'
2025-12-05 17:38:25 - OTMS - INFO - Reflecting table 'yade_voyage' from flex database...
2025-12-05 17:38:25 - OTMS - INFO - Successfully created model for table 'yade_voyage' from flex database
2025-12-05 17:38:25 - OTMS - INFO - Successfully loaded custom table model for 'yade_voyage'
2025-12-05 17:38:25 - OTMS - INFO - Retrieved 19 columns for data source 'yade_voyage'
2025-12-05 17:38:25 - OTMS - INFO - Attempting to load custom table 'yade_voyage'
2025-12-05 17:38:25 - OTMS - INFO - Reflecting table 'yade_voyage' from flex database...
2025-12-05 17:38:25 - OTMS - INFO - Successfully created model for table 'yade_voyage' from flex database
2025-12-05 17:38:25 - OTMS - INFO - Successfully loaded custom table model for 'yade_voyage'
2025-12-05 17:38:25 - OTMS - INFO - Retrieved 19 columns for data source 'yade_voyage'
2025-12-05 17:38:25 - OTMS - INFO - Attempting to load custom table 'yade_voyage'
2025-12-05 17:38:25 - OTMS - INFO - Reflecting table 'yade_voyage' from flex database...
2025-12-05 17:38:25 - OTMS - INFO - Successfully created model for table 'yade_voyage' from flex database
2025-12-05 17:38:25 - OTMS - INFO - Successfully loaded custom table model for 'yade_voyage'
2025-12-05 17:38:25 - OTMS - INFO - Retrieved 19 columns for data source 'yade_voyage'
2025-12-05 17:38:25 - OTMS - INFO - Attempting to load custom table 'toa_yade_summary'
2025-12-05 17:38:25 - OTMS - INFO - Reflecting table 'toa_yade_summary' from flex database...
2025-12-05 17:38:25 - OTMS - INFO - Successfully created model for table 'toa_yade_summary' from flex database
2025-12-05 17:38:25 - OTMS - INFO - Successfully loaded custom table model for 'toa_yade_summary'
2025-12-05 17:38:25 - OTMS - INFO - Retrieved 20 columns for data source 'toa_yade_summary'
2025-12-05 17:38:25 - OTMS - INFO - Attempting to load custom table 'audit_log'
2025-12-05 17:38:25 - OTMS - INFO - Reflecting table 'audit_log' from flex database...
2025-12-05 17:38:25 - OTMS - INFO - Successfully created model for table 'audit_log' from flex database
2025-12-05 17:38:25 - OTMS - INFO - Successfully loaded custom table model for 'audit_log'
2025-12-05 17:38:25 - OTMS - INFO - Retrieved 11 columns for data source 'audit_log'
2025-12-05 17:38:25 - OTMS - INFO - Attempting to load custom table 'audit_log'
2025-12-05 17:38:25 - OTMS - INFO - Reflecting table 'audit_log' from flex database...
2025-12-05 17:38:25 - OTMS - INFO - Successfully created model for table 'audit_log' from flex database
2025-12-05 17:38:25 - OTMS - INFO - Successfully loaded custom table model for 'audit_log'
2025-12-05 17:38:25 - OTMS - INFO - Retrieved 11 columns for data source 'audit_log'
2025-12-05 17:38:41 - OTMS - INFO - Loaded 68 tables from primary database
2025-12-05 17:38:41 - OTMS - INFO - Loaded 68 tables from flexible database
2025-12-05 17:38:41 - OTMS - INFO - Added 0 additional custom tables from location_config
2025-12-05 17:38:41 - OTMS - INFO - Attempting to load custom table 'yade_voyage'
2025-12-05 17:38:41 - OTMS - INFO - Reflecting table 'yade_voyage' from flex database...
2025-12-05 17:38:41 - OTMS - INFO - Successfully created model for table 'yade_voyage' from flex database
2025-12-05 17:38:41 - OTMS - INFO - Successfully loaded custom table model for 'yade_voyage'
2025-12-05 17:38:41 - OTMS - INFO - Retrieved 19 columns for data source 'yade_voyage'
2025-12-05 17:38:41 - OTMS - INFO - Attempting to load custom table 'toa_yade_summary'
2025-12-05 17:38:41 - OTMS - INFO - Reflecting table 'toa_yade_summary' from flex database...
2025-12-05 17:38:41 - OTMS - INFO - Successfully created model for table 'toa_yade_summary' from flex database
2025-12-05 17:38:41 - OTMS - INFO - Successfully loaded custom table model for 'toa_yade_summary'
2025-12-05 17:38:41 - OTMS - INFO - Retrieved 20 columns for data source 'toa_yade_summary'
2025-12-05 17:38:41 - OTMS - INFO - Attempting to load custom table 'yade_voyage'
2025-12-05 17:38:41 - OTMS - INFO - Reflecting table 'yade_voyage' from flex database...
2025-12-05 17:38:41 - OTMS - INFO - Successfully created model for table 'yade_voyage' from flex database
2025-12-05 17:38:41 - OTMS - INFO - Successfully loaded custom table model for 'yade_voyage'
2025-12-05 17:38:41 - OTMS - INFO - Retrieved 19 columns for data source 'yade_voyage'
2025-12-05 17:38:41 - OTMS - INFO - Attempting to load custom table 'yade_voyage'
2025-12-05 17:38:41 - OTMS - INFO - Reflecting table 'yade_voyage' from flex database...
2025-12-05 17:38:41 - OTMS - INFO - Successfully created model for table 'yade_voyage' from flex database
2025-12-05 17:38:41 - OTMS - INFO - Successfully loaded custom table model for 'yade_voyage'
2025-12-05 17:38:41 - OTMS - INFO - Retrieved 19 columns for data source 'yade_voyage'
2025-12-05 17:38:41 - OTMS - INFO - Attempting to load custom table 'yade_voyage'
2025-12-05 17:38:41 - OTMS - INFO - Reflecting table 'yade_voyage' from flex database...
2025-12-05 17:38:41 - OTMS - INFO - Successfully created model for table 'yade_voyage' from flex database
2025-12-05 17:38:41 - OTMS - INFO - Successfully loaded custom table model for 'yade_voyage'
2025-12-05 17:38:41 - OTMS - INFO - Retrieved 19 columns for data source 'yade_voyage'
2025-12-05 17:38:41 - OTMS - INFO - Attempting to load custom table 'toa_yade_summary'
2025-12-05 17:38:41 - OTMS - INFO - Reflecting table 'toa_yade_summary' from flex database...
2025-12-05 17:38:41 - OTMS - INFO - Successfully created model for table 'toa_yade_summary' from flex database
2025-12-05 17:38:41 - OTMS - INFO - Successfully loaded custom table model for 'toa_yade_summary'
2025-12-05 17:38:41 - OTMS - INFO - Retrieved 20 columns for data source 'toa_yade_summary'
2025-12-05 17:38:41 - OTMS - INFO - Attempting to load custom table 'audit_log'
2025-12-05 17:38:41 - OTMS - INFO - Reflecting table 'audit_log' from flex database...
2025-12-05 17:38:41 - OTMS - INFO - Successfully created model for table 'audit_log' from flex database
2025-12-05 17:38:41 - OTMS - INFO - Successfully loaded custom table model for 'audit_log'
2025-12-05 17:38:41 - OTMS - INFO - Retrieved 11 columns for data source 'audit_log'
2025-12-05 17:38:41 - OTMS - INFO - Attempting to load custom table 'audit_log'
2025-12-05 17:38:41 - OTMS - INFO - Reflecting table 'audit_log' from flex database...
2025-12-05 17:38:41 - OTMS - INFO - Successfully created model for table 'audit_log' from flex database
2025-12-05 17:38:41 - OTMS - INFO - Successfully loaded custom table model for 'audit_log'
2025-12-05 17:38:41 - OTMS - INFO - Retrieved 11 columns for data source 'audit_log'
2025-12-05 17:38:48 - OTMS - INFO - Loaded 68 tables from primary database
2025-12-05 17:38:48 - OTMS - INFO - Loaded 68 tables from flexible database
2025-12-05 17:38:48 - OTMS - INFO - Added 0 additional custom tables from location_config
2025-12-05 17:38:48 - OTMS - INFO - Attempting to load custom table 'yade_voyage'
2025-12-05 17:38:48 - OTMS - INFO - Reflecting table 'yade_voyage' from flex database...
2025-12-05 17:38:48 - OTMS - INFO - Successfully created model for table 'yade_voyage' from flex database
2025-12-05 17:38:48 - OTMS - INFO - Successfully loaded custom table model for 'yade_voyage'
2025-12-05 17:38:48 - OTMS - INFO - Retrieved 19 columns for data source 'yade_voyage'
2025-12-05 17:38:48 - OTMS - INFO - Attempting to load custom table 'toa_yade_summary'
2025-12-05 17:38:48 - OTMS - INFO - Reflecting table 'toa_yade_summary' from flex database...
2025-12-05 17:38:48 - OTMS - INFO - Successfully created model for table 'toa_yade_summary' from flex database
2025-12-05 17:38:48 - OTMS - INFO - Successfully loaded custom table model for 'toa_yade_summary'
2025-12-05 17:38:48 - OTMS - INFO - Retrieved 20 columns for data source 'toa_yade_summary'
2025-12-05 17:38:48 - OTMS - INFO - Attempting to load custom table 'yade_voyage'
2025-12-05 17:38:48 - OTMS - INFO - Reflecting table 'yade_voyage' from flex database...
2025-12-05 17:38:48 - OTMS - INFO - Successfully created model for table 'yade_voyage' from flex database
2025-12-05 17:38:48 - OTMS - INFO - Successfully loaded custom table model for 'yade_voyage'
2025-12-05 17:38:48 - OTMS - INFO - Retrieved 19 columns for data source 'yade_voyage'
2025-12-05 17:38:48 - OTMS - INFO - Attempting to load custom table 'yade_voyage'
2025-12-05 17:38:48 - OTMS - INFO - Reflecting table 'yade_voyage' from flex database...
2025-12-05 17:38:48 - OTMS - INFO - Successfully created model for table 'yade_voyage' from flex database
2025-12-05 17:38:48 - OTMS - INFO - Successfully loaded custom table model for 'yade_voyage'
2025-12-05 17:38:48 - OTMS - INFO - Retrieved 19 columns for data source 'yade_voyage'
2025-12-05 17:38:48 - OTMS - INFO - Attempting to load custom table 'yade_voyage'
2025-12-05 17:38:48 - OTMS - INFO - Reflecting table 'yade_voyage' from flex database...
2025-12-05 17:38:48 - OTMS - INFO - Successfully created model for table 'yade_voyage' from flex database
2025-12-05 17:38:48 - OTMS - INFO - Successfully loaded custom table model for 'yade_voyage'
2025-12-05 17:38:48 - OTMS - INFO - Retrieved 19 columns for data source 'yade_voyage'
2025-12-05 17:38:48 - OTMS - INFO - Attempting to load custom table 'toa_yade_summary'
2025-12-05 17:38:48 - OTMS - INFO - Reflecting table 'toa_yade_summary' from flex database...
2025-12-05 17:38:48 - OTMS - INFO - Successfully created model for table 'toa_yade_summary' from flex database
2025-12-05 17:38:48 - OTMS - INFO - Successfully loaded custom table model for 'toa_yade_summary'
2025-12-05 17:38:48 - OTMS - INFO - Retrieved 20 columns for data source 'toa_yade_summary'
2025-12-05 17:38:48 - OTMS - INFO - Attempting to load custom table 'audit_log'
2025-12-05 17:38:48 - OTMS - INFO - Reflecting table 'audit_log' from flex database...
2025-12-05 17:38:48 - OTMS - INFO - Successfully created model for table 'audit_log' from flex database
2025-12-05 17:38:48 - OTMS - INFO - Successfully loaded custom table model for 'audit_log'
2025-12-05 17:38:48 - OTMS - INFO - Retrieved 11 columns for data source 'audit_log'
2025-12-05 17:38:48 - OTMS - INFO - Attempting to load custom table 'audit_log'
2025-12-05 17:38:48 - OTMS - INFO - Reflecting table 'audit_log' from flex database...
2025-12-05 17:38:48 - OTMS - INFO - Successfully created model for table 'audit_log' from flex database
2025-12-05 17:38:48 - OTMS - INFO - Successfully loaded custom table model for 'audit_log'
2025-12-05 17:38:48 - OTMS - INFO - Retrieved 11 columns for data source 'audit_log'
2025-12-05 17:38:52 - OTMS - INFO - Loaded 68 tables from primary database
2025-12-05 17:38:52 - OTMS - INFO - Loaded 68 tables from flexible database
2025-12-05 17:38:52 - OTMS - INFO - Added 0 additional custom tables from location_config
2025-12-05 17:38:52 - OTMS - INFO - Attempting to load custom table 'yade_voyage'
2025-12-05 17:38:52 - OTMS - INFO - Reflecting table 'yade_voyage' from flex database...
2025-12-05 17:38:52 - OTMS - INFO - Successfully created model for table 'yade_voyage' from flex database
2025-12-05 17:38:52 - OTMS - INFO - Successfully loaded custom table model for 'yade_voyage'
2025-12-05 17:38:52 - OTMS - INFO - Retrieved 19 columns for data source 'yade_voyage'
2025-12-05 17:38:52 - OTMS - INFO - Attempting to load custom table 'toa_yade_summary'
2025-12-05 17:38:52 - OTMS - INFO - Reflecting table 'toa_yade_summary' from flex database...
2025-12-05 17:38:52 - OTMS - INFO - Successfully created model for table 'toa_yade_summary' from flex database
2025-12-05 17:38:52 - OTMS - INFO - Successfully loaded custom table model for 'toa_yade_summary'
2025-12-05 17:38:52 - OTMS - INFO - Retrieved 20 columns for data source 'toa_yade_summary'
2025-12-05 17:38:52 - OTMS - INFO - Attempting to load custom table 'yade_voyage'
2025-12-05 17:38:52 - OTMS - INFO - Reflecting table 'yade_voyage' from flex database...
2025-12-05 17:38:52 - OTMS - INFO - Successfully created model for table 'yade_voyage' from flex database
2025-12-05 17:38:52 - OTMS - INFO - Successfully loaded custom table model for 'yade_voyage'
2025-12-05 17:38:52 - OTMS - INFO - Retrieved 19 columns for data source 'yade_voyage'
2025-12-05 17:38:52 - OTMS - INFO - Attempting to load custom table 'yade_voyage'
2025-12-05 17:38:52 - OTMS - INFO - Reflecting table 'yade_voyage' from flex database...
2025-12-05 17:38:52 - OTMS - INFO - Successfully created model for table 'yade_voyage' from flex database
2025-12-05 17:38:52 - OTMS - INFO - Successfully loaded custom table model for 'yade_voyage'
2025-12-05 17:38:52 - OTMS - INFO - Retrieved 19 columns for data source 'yade_voyage'
2025-12-05 17:38:52 - OTMS - INFO - Attempting to load custom table 'yade_voyage'
2025-12-05 17:38:52 - OTMS - INFO - Reflecting table 'yade_voyage' from flex database...
2025-12-05 17:38:52 - OTMS - INFO - Successfully created model for table 'yade_voyage' from flex database
2025-12-05 17:38:52 - OTMS - INFO - Successfully loaded custom table model for 'yade_voyage'
2025-12-05 17:38:52 - OTMS - INFO - Retrieved 19 columns for data source 'yade_voyage'
2025-12-05 17:38:52 - OTMS - INFO - Attempting to load custom table 'toa_yade_summary'
2025-12-05 17:38:52 - OTMS - INFO - Reflecting table 'toa_yade_summary' from flex database...
2025-12-05 17:38:52 - OTMS - INFO - Successfully created model for table 'toa_yade_summary' from flex database
2025-12-05 17:38:52 - OTMS - INFO - Successfully loaded custom table model for 'toa_yade_summary'
2025-12-05 17:38:52 - OTMS - INFO - Retrieved 20 columns for data source 'toa_yade_summary'
2025-12-05 17:38:52 - OTMS - INFO - Attempting to load custom table 'audit_log'
2025-12-05 17:38:52 - OTMS - INFO - Reflecting table 'audit_log' from flex database...
2025-12-05 17:38:52 - OTMS - INFO - Successfully created model for table 'audit_log' from flex database
2025-12-05 17:38:52 - OTMS - INFO - Successfully loaded custom table model for 'audit_log'
2025-12-05 17:38:52 - OTMS - INFO - Retrieved 11 columns for data source 'audit_log'
2025-12-05 17:38:52 - OTMS - INFO - Attempting to load custom table 'audit_log'
2025-12-05 17:38:52 - OTMS - INFO - Reflecting table 'audit_log' from flex database...
2025-12-05 17:38:52 - OTMS - INFO - Successfully created model for table 'audit_log' from flex database
2025-12-05 17:38:52 - OTMS - INFO - Successfully loaded custom table model for 'audit_log'
2025-12-05 17:38:52 - OTMS - INFO - Retrieved 11 columns for data source 'audit_log'
2025-12-05 17:38:53 - OTMS - INFO - Loaded 68 tables from primary database
2025-12-05 17:38:53 - OTMS - INFO - Loaded 68 tables from flexible database
2025-12-05 17:38:53 - OTMS - INFO - Added 0 additional custom tables from location_config
2025-12-05 17:38:53 - OTMS - INFO - Attempting to load custom table 'yade_voyage'
2025-12-05 17:38:53 - OTMS - INFO - Reflecting table 'yade_voyage' from flex database...
2025-12-05 17:38:53 - OTMS - INFO - Successfully created model for table 'yade_voyage' from flex database
2025-12-05 17:38:53 - OTMS - INFO - Successfully loaded custom table model for 'yade_voyage'
2025-12-05 17:38:53 - OTMS - INFO - Retrieved 19 columns for data source 'yade_voyage'
2025-12-05 17:38:53 - OTMS - INFO - Attempting to load custom table 'toa_yade_summary'
2025-12-05 17:38:53 - OTMS - INFO - Reflecting table 'toa_yade_summary' from flex database...
2025-12-05 17:38:54 - OTMS - INFO - Successfully created model for table 'toa_yade_summary' from flex database
2025-12-05 17:38:54 - OTMS - INFO - Successfully loaded custom table model for 'toa_yade_summary'
2025-12-05 17:38:54 - OTMS - INFO - Retrieved 20 columns for data source 'toa_yade_summary'
2025-12-05 17:38:54 - OTMS - INFO - Attempting to load custom table 'yade_voyage'
2025-12-05 17:38:54 - OTMS - INFO - Reflecting table 'yade_voyage' from flex database...
2025-12-05 17:38:54 - OTMS - INFO - Successfully created model for table 'yade_voyage' from flex database
2025-12-05 17:38:54 - OTMS - INFO - Successfully loaded custom table model for 'yade_voyage'
2025-12-05 17:38:54 - OTMS - INFO - Retrieved 19 columns for data source 'yade_voyage'
2025-12-05 17:38:54 - OTMS - INFO - Attempting to load custom table 'yade_voyage'
2025-12-05 17:38:54 - OTMS - INFO - Reflecting table 'yade_voyage' from flex database...
2025-12-05 17:38:54 - OTMS - INFO - Successfully created model for table 'yade_voyage' from flex database
2025-12-05 17:38:54 - OTMS - INFO - Successfully loaded custom table model for 'yade_voyage'
2025-12-05 17:38:54 - OTMS - INFO - Retrieved 19 columns for data source 'yade_voyage'
2025-12-05 17:38:54 - OTMS - INFO - Attempting to load custom table 'yade_voyage'
2025-12-05 17:38:54 - OTMS - INFO - Reflecting table 'yade_voyage' from flex database...
2025-12-05 17:38:54 - OTMS - INFO - Successfully created model for table 'yade_voyage' from flex database
2025-12-05 17:38:54 - OTMS - INFO - Successfully loaded custom table model for 'yade_voyage'
2025-12-05 17:38:54 - OTMS - INFO - Retrieved 19 columns for data source 'yade_voyage'
2025-12-05 17:38:54 - OTMS - INFO - Attempting to load custom table 'toa_yade_summary'
2025-12-05 17:38:54 - OTMS - INFO - Reflecting table 'toa_yade_summary' from flex database...
2025-12-05 17:38:54 - OTMS - INFO - Successfully created model for table 'toa_yade_summary' from flex database
2025-12-05 17:38:54 - OTMS - INFO - Successfully loaded custom table model for 'toa_yade_summary'
2025-12-05 17:38:54 - OTMS - INFO - Retrieved 20 columns for data source 'toa_yade_summary'
2025-12-05 17:38:54 - OTMS - INFO - Attempting to load custom table 'audit_log'
2025-12-05 17:38:54 - OTMS - INFO - Reflecting table 'audit_log' from flex database...
2025-12-05 17:38:54 - OTMS - INFO - Successfully created model for table 'audit_log' from flex database
2025-12-05 17:38:54 - OTMS - INFO - Successfully loaded custom table model for 'audit_log'
2025-12-05 17:38:54 - OTMS - INFO - Retrieved 11 columns for data source 'audit_log'
2025-12-05 17:38:54 - OTMS - INFO - Attempting to load custom table 'audit_log'
2025-12-05 17:38:54 - OTMS - INFO - Reflecting table 'audit_log' from flex database...
2025-12-05 17:38:54 - OTMS - INFO - Successfully created model for table 'audit_log' from flex database
2025-12-05 17:38:54 - OTMS - INFO - Successfully loaded custom table model for 'audit_log'
2025-12-05 17:38:54 - OTMS - INFO - Retrieved 11 columns for data source 'audit_log'
2025-12-05 17:38:57 - OTMS - INFO - Loaded 68 tables from primary database
2025-12-05 17:38:57 - OTMS - INFO - Loaded 68 tables from flexible database
2025-12-05 17:38:57 - OTMS - INFO - Added 0 additional custom tables from location_config
2025-12-05 17:38:57 - OTMS - INFO - Attempting to load custom table 'yade_voyage'
2025-12-05 17:38:57 - OTMS - INFO - Reflecting table 'yade_voyage' from flex database...
2025-12-05 17:38:57 - OTMS - INFO - Successfully created model for table 'yade_voyage' from flex database
2025-12-05 17:38:57 - OTMS - INFO - Successfully loaded custom table model for 'yade_voyage'
2025-12-05 17:38:57 - OTMS - INFO - Retrieved 19 columns for data source 'yade_voyage'
2025-12-05 17:38:57 - OTMS - INFO - Attempting to load custom table 'toa_yade_summary'
2025-12-05 17:38:57 - OTMS - INFO - Reflecting table 'toa_yade_summary' from flex database...
2025-12-05 17:38:57 - OTMS - INFO - Successfully created model for table 'toa_yade_summary' from flex database
2025-12-05 17:38:57 - OTMS - INFO - Successfully loaded custom table model for 'toa_yade_summary'
2025-12-05 17:38:57 - OTMS - INFO - Retrieved 20 columns for data source 'toa_yade_summary'
2025-12-05 17:38:58 - OTMS - INFO - Loaded 68 tables from primary database
2025-12-05 17:38:58 - OTMS - INFO - Loaded 68 tables from flexible database
2025-12-05 17:38:58 - OTMS - INFO - Added 0 additional custom tables from location_config
2025-12-05 17:38:58 - OTMS - INFO - Attempting to load custom table 'yade_voyage'
2025-12-05 17:38:58 - OTMS - INFO - Reflecting table 'yade_voyage' from flex database...
2025-12-05 17:38:58 - OTMS - INFO - Successfully created model for table 'yade_voyage' from flex database
2025-12-05 17:38:58 - OTMS - INFO - Successfully loaded custom table model for 'yade_voyage'
2025-12-05 17:38:58 - OTMS - INFO - Retrieved 19 columns for data source 'yade_voyage'
2025-12-05 17:38:58 - OTMS - INFO - Attempting to load custom table 'toa_yade_summary'
2025-12-05 17:38:58 - OTMS - INFO - Reflecting table 'toa_yade_summary' from flex database...
2025-12-05 17:38:58 - OTMS - INFO - Successfully created model for table 'toa_yade_summary' from flex database
2025-12-05 17:38:58 - OTMS - INFO - Successfully loaded custom table model for 'toa_yade_summary'
2025-12-05 17:38:58 - OTMS - INFO - Retrieved 20 columns for data source 'toa_yade_summary'
2025-12-05 17:38:58 - OTMS - INFO - Attempting to load custom table 'yade_voyage'
2025-12-05 17:38:58 - OTMS - INFO - Reflecting table 'yade_voyage' from flex database...
2025-12-05 17:38:58 - OTMS - INFO - Successfully created model for table 'yade_voyage' from flex database
2025-12-05 17:38:58 - OTMS - INFO - Successfully loaded custom table model for 'yade_voyage'
2025-12-05 17:38:58 - OTMS - INFO - Retrieved 19 columns for data source 'yade_voyage'
2025-12-05 17:38:58 - OTMS - INFO - Attempting to load custom table 'yade_voyage'
2025-12-05 17:38:58 - OTMS - INFO - Reflecting table 'yade_voyage' from flex database...
2025-12-05 17:38:58 - OTMS - INFO - Successfully created model for table 'yade_voyage' from flex database
2025-12-05 17:38:58 - OTMS - INFO - Successfully loaded custom table model for 'yade_voyage'
2025-12-05 17:38:58 - OTMS - INFO - Retrieved 19 columns for data source 'yade_voyage'
2025-12-05 17:38:58 - OTMS - INFO - Attempting to load custom table 'yade_voyage'
2025-12-05 17:38:58 - OTMS - INFO - Reflecting table 'yade_voyage' from flex database...
2025-12-05 17:38:58 - OTMS - INFO - Successfully created model for table 'yade_voyage' from flex database
2025-12-05 17:38:58 - OTMS - INFO - Successfully loaded custom table model for 'yade_voyage'
2025-12-05 17:38:58 - OTMS - INFO - Retrieved 19 columns for data source 'yade_voyage'
2025-12-05 17:38:58 - OTMS - INFO - Attempting to load custom table 'toa_yade_summary'
2025-12-05 17:38:58 - OTMS - INFO - Reflecting table 'toa_yade_summary' from flex database...
2025-12-05 17:38:58 - OTMS - INFO - Successfully created model for table 'toa_yade_summary' from flex database
2025-12-05 17:38:58 - OTMS - INFO - Successfully loaded custom table model for 'toa_yade_summary'
2025-12-05 17:38:58 - OTMS - INFO - Retrieved 20 columns for data source 'toa_yade_summary'
2025-12-05 17:38:58 - OTMS - INFO - Attempting to load custom table 'audit_log'
2025-12-05 17:38:58 - OTMS - INFO - Reflecting table 'audit_log' from flex database...
2025-12-05 17:38:58 - OTMS - INFO - Successfully created model for table 'audit_log' from flex database
2025-12-05 17:38:58 - OTMS - INFO - Successfully loaded custom table model for 'audit_log'
2025-12-05 17:38:58 - OTMS - INFO - Retrieved 11 columns for data source 'audit_log'
2025-12-05 17:38:58 - OTMS - INFO - Attempting to load custom table 'audit_log'
2025-12-05 17:38:58 - OTMS - INFO - Reflecting table 'audit_log' from flex database...
2025-12-05 17:38:58 - OTMS - INFO - Successfully created model for table 'audit_log' from flex database
2025-12-05 17:38:58 - OTMS - INFO - Successfully loaded custom table model for 'audit_log'
2025-12-05 17:38:58 - OTMS - INFO - Retrieved 11 columns for data source 'audit_log'
2025-12-05 17:39:02 - OTMS - INFO - Loaded 68 tables from primary database
2025-12-05 17:39:02 - OTMS - INFO - Loaded 68 tables from flexible database
2025-12-05 17:39:02 - OTMS - INFO - Added 0 additional custom tables from location_config
2025-12-05 17:39:02 - OTMS - INFO - Attempting to load custom table 'yade_voyage'
2025-12-05 17:39:02 - OTMS - INFO - Reflecting table 'yade_voyage' from flex database...
2025-12-05 17:39:02 - OTMS - INFO - Successfully created model for table 'yade_voyage' from flex database
2025-12-05 17:39:02 - OTMS - INFO - Successfully loaded custom table model for 'yade_voyage'
2025-12-05 17:39:02 - OTMS - INFO - Retrieved 19 columns for data source 'yade_voyage'
2025-12-05 17:39:02 - OTMS - INFO - Attempting to load custom table 'toa_yade_summary'
2025-12-05 17:39:02 - OTMS - INFO - Reflecting table 'toa_yade_summary' from flex database...
2025-12-05 17:39:03 - OTMS - INFO - Successfully created model for table 'toa_yade_summary' from flex database
2025-12-05 17:39:03 - OTMS - INFO - Successfully loaded custom table model for 'toa_yade_summary'
2025-12-05 17:39:03 - OTMS - INFO - Retrieved 20 columns for data source 'toa_yade_summary'
2025-12-05 17:39:03 - OTMS - INFO - Attempting to load custom table 'yade_voyage'
2025-12-05 17:39:03 - OTMS - INFO - Reflecting table 'yade_voyage' from flex database...
2025-12-05 17:39:03 - OTMS - INFO - Successfully created model for table 'yade_voyage' from flex database
2025-12-05 17:39:03 - OTMS - INFO - Successfully loaded custom table model for 'yade_voyage'
2025-12-05 17:39:03 - OTMS - INFO - Retrieved 19 columns for data source 'yade_voyage'
2025-12-05 17:39:03 - OTMS - INFO - Attempting to load custom table 'yade_voyage'
2025-12-05 17:39:03 - OTMS - INFO - Reflecting table 'yade_voyage' from flex database...
2025-12-05 17:39:03 - OTMS - INFO - Successfully created model for table 'yade_voyage' from flex database
2025-12-05 17:39:03 - OTMS - INFO - Successfully loaded custom table model for 'yade_voyage'
2025-12-05 17:39:03 - OTMS - INFO - Retrieved 19 columns for data source 'yade_voyage'
2025-12-05 17:39:03 - OTMS - INFO - Attempting to load custom table 'yade_voyage'
2025-12-05 17:39:03 - OTMS - INFO - Reflecting table 'yade_voyage' from flex database...
2025-12-05 17:39:03 - OTMS - INFO - Successfully created model for table 'yade_voyage' from flex database
2025-12-05 17:39:03 - OTMS - INFO - Successfully loaded custom table model for 'yade_voyage'
2025-12-05 17:39:03 - OTMS - INFO - Retrieved 19 columns for data source 'yade_voyage'
2025-12-05 17:39:03 - OTMS - INFO - Attempting to load custom table 'toa_yade_summary'
2025-12-05 17:39:03 - OTMS - INFO - Reflecting table 'toa_yade_summary' from flex database...
2025-12-05 17:39:03 - OTMS - INFO - Successfully created model for table 'toa_yade_summary' from flex database
2025-12-05 17:39:03 - OTMS - INFO - Successfully loaded custom table model for 'toa_yade_summary'
2025-12-05 17:39:03 - OTMS - INFO - Retrieved 20 columns for data source 'toa_yade_summary'
2025-12-05 17:39:03 - OTMS - INFO - Attempting to load custom table 'toa_yade_summary'
2025-12-05 17:39:03 - OTMS - INFO - Reflecting table 'toa_yade_summary' from flex database...
2025-12-05 17:39:03 - OTMS - INFO - Successfully created model for table 'toa_yade_summary' from flex database
2025-12-05 17:39:03 - OTMS - INFO - Successfully loaded custom table model for 'toa_yade_summary'
2025-12-05 17:39:03 - OTMS - INFO - Retrieved 20 columns for data source 'toa_yade_summary'
2025-12-05 17:39:03 - OTMS - INFO - Attempting to load custom table 'audit_log'
2025-12-05 17:39:03 - OTMS - INFO - Reflecting table 'audit_log' from flex database...
2025-12-05 17:39:03 - OTMS - INFO - Successfully created model for table 'audit_log' from flex database
2025-12-05 17:39:03 - OTMS - INFO - Successfully loaded custom table model for 'audit_log'
2025-12-05 17:39:03 - OTMS - INFO - Retrieved 11 columns for data source 'audit_log'
2025-12-05 17:39:09 - OTMS - INFO - Loaded 68 tables from primary database
2025-12-05 17:39:09 - OTMS - INFO - Loaded 68 tables from flexible database
2025-12-05 17:39:09 - OTMS - INFO - Added 0 additional custom tables from location_config
2025-12-05 17:39:09 - OTMS - INFO - Attempting to load custom table 'yade_voyage'
2025-12-05 17:39:09 - OTMS - INFO - Reflecting table 'yade_voyage' from flex database...
2025-12-05 17:39:09 - OTMS - INFO - Successfully created model for table 'yade_voyage' from flex database
2025-12-05 17:39:09 - OTMS - INFO - Successfully loaded custom table model for 'yade_voyage'
2025-12-05 17:39:09 - OTMS - INFO - Retrieved 19 columns for data source 'yade_voyage'
2025-12-05 17:39:09 - OTMS - INFO - Attempting to load custom table 'toa_yade_summary'
2025-12-05 17:39:09 - OTMS - INFO - Reflecting table 'toa_yade_summary' from flex database...
2025-12-05 17:39:09 - OTMS - INFO - Successfully created model for table 'toa_yade_summary' from flex database
2025-12-05 17:39:09 - OTMS - INFO - Successfully loaded custom table model for 'toa_yade_summary'
2025-12-05 17:39:09 - OTMS - INFO - Retrieved 20 columns for data source 'toa_yade_summary'
2025-12-05 17:39:09 - OTMS - INFO - Attempting to load custom table 'yade_voyage'
2025-12-05 17:39:09 - OTMS - INFO - Reflecting table 'yade_voyage' from flex database...
2025-12-05 17:39:09 - OTMS - INFO - Successfully created model for table 'yade_voyage' from flex database
2025-12-05 17:39:09 - OTMS - INFO - Successfully loaded custom table model for 'yade_voyage'
2025-12-05 17:39:09 - OTMS - INFO - Retrieved 19 columns for data source 'yade_voyage'
2025-12-05 17:39:09 - OTMS - INFO - Attempting to load custom table 'yade_voyage'
2025-12-05 17:39:09 - OTMS - INFO - Reflecting table 'yade_voyage' from flex database...
2025-12-05 17:39:09 - OTMS - INFO - Successfully created model for table 'yade_voyage' from flex database
2025-12-05 17:39:09 - OTMS - INFO - Successfully loaded custom table model for 'yade_voyage'
2025-12-05 17:39:09 - OTMS - INFO - Retrieved 19 columns for data source 'yade_voyage'
2025-12-05 17:39:09 - OTMS - INFO - Attempting to load custom table 'yade_voyage'
2025-12-05 17:39:09 - OTMS - INFO - Reflecting table 'yade_voyage' from flex database...
2025-12-05 17:39:09 - OTMS - INFO - Successfully created model for table 'yade_voyage' from flex database
2025-12-05 17:39:09 - OTMS - INFO - Successfully loaded custom table model for 'yade_voyage'
2025-12-05 17:39:09 - OTMS - INFO - Retrieved 19 columns for data source 'yade_voyage'
2025-12-05 17:39:09 - OTMS - INFO - Attempting to load custom table 'toa_yade_summary'
2025-12-05 17:39:09 - OTMS - INFO - Reflecting table 'toa_yade_summary' from flex database...
2025-12-05 17:39:09 - OTMS - INFO - Successfully created model for table 'toa_yade_summary' from flex database
2025-12-05 17:39:09 - OTMS - INFO - Successfully loaded custom table model for 'toa_yade_summary'
2025-12-05 17:39:09 - OTMS - INFO - Retrieved 20 columns for data source 'toa_yade_summary'
2025-12-05 17:39:09 - OTMS - INFO - Attempting to load custom table 'toa_yade_summary'
2025-12-05 17:39:09 - OTMS - INFO - Reflecting table 'toa_yade_summary' from flex database...
2025-12-05 17:39:09 - OTMS - INFO - Successfully created model for table 'toa_yade_summary' from flex database
2025-12-05 17:39:09 - OTMS - INFO - Successfully loaded custom table model for 'toa_yade_summary'
2025-12-05 17:39:09 - OTMS - INFO - Retrieved 20 columns for data source 'toa_yade_summary'
2025-12-05 17:39:09 - OTMS - INFO - Attempting to load custom table 'audit_log'
2025-12-05 17:39:09 - OTMS - INFO - Reflecting table 'audit_log' from flex database...
2025-12-05 17:39:09 - OTMS - INFO - Successfully created model for table 'audit_log' from flex database
2025-12-05 17:39:09 - OTMS - INFO - Successfully loaded custom table model for 'audit_log'
2025-12-05 17:39:09 - OTMS - INFO - Retrieved 11 columns for data source 'audit_log'
2025-12-05 17:39:23 - OTMS - INFO - Loaded 68 tables from primary database
2025-12-05 17:39:23 - OTMS - INFO - Loaded 68 tables from flexible database
2025-12-05 17:39:23 - OTMS - INFO - Added 0 additional custom tables from location_config
2025-12-05 17:39:23 - OTMS - INFO - Attempting to load custom table 'yade_voyage'
2025-12-05 17:39:23 - OTMS - INFO - Reflecting table 'yade_voyage' from flex database...
2025-12-05 17:39:23 - OTMS - INFO - Successfully created model for table 'yade_voyage' from flex database
2025-12-05 17:39:23 - OTMS - INFO - Successfully loaded custom table model for 'yade_voyage'
2025-12-05 17:39:23 - OTMS - INFO - Retrieved 19 columns for data source 'yade_voyage'
2025-12-05 17:39:23 - OTMS - INFO - Attempting to load custom table 'toa_yade_summary'
2025-12-05 17:39:23 - OTMS - INFO - Reflecting table 'toa_yade_summary' from flex database...
2025-12-05 17:39:23 - OTMS - INFO - Successfully created model for table 'toa_yade_summary' from flex database
2025-12-05 17:39:23 - OTMS - INFO - Successfully loaded custom table model for 'toa_yade_summary'
2025-12-05 17:39:23 - OTMS - INFO - Retrieved 20 columns for data source 'toa_yade_summary'
2025-12-05 17:39:23 - OTMS - INFO - Attempting to load custom table 'yade_voyage'
2025-12-05 17:39:23 - OTMS - INFO - Reflecting table 'yade_voyage' from flex database...
2025-12-05 17:39:23 - OTMS - INFO - Successfully created model for table 'yade_voyage' from flex database
2025-12-05 17:39:23 - OTMS - INFO - Successfully loaded custom table model for 'yade_voyage'
2025-12-05 17:39:23 - OTMS - INFO - Retrieved 19 columns for data source 'yade_voyage'
2025-12-05 17:39:23 - OTMS - INFO - Attempting to load custom table 'yade_voyage'
2025-12-05 17:39:23 - OTMS - INFO - Reflecting table 'yade_voyage' from flex database...
2025-12-05 17:39:23 - OTMS - INFO - Successfully created model for table 'yade_voyage' from flex database
2025-12-05 17:39:23 - OTMS - INFO - Successfully loaded custom table model for 'yade_voyage'
2025-12-05 17:39:23 - OTMS - INFO - Retrieved 19 columns for data source 'yade_voyage'
2025-12-05 17:39:23 - OTMS - INFO - Attempting to load custom table 'yade_voyage'
2025-12-05 17:39:23 - OTMS - INFO - Reflecting table 'yade_voyage' from flex database...
2025-12-05 17:39:23 - OTMS - INFO - Successfully created model for table 'yade_voyage' from flex database
2025-12-05 17:39:23 - OTMS - INFO - Successfully loaded custom table model for 'yade_voyage'
2025-12-05 17:39:23 - OTMS - INFO - Retrieved 19 columns for data source 'yade_voyage'
2025-12-05 17:39:23 - OTMS - INFO - Attempting to load custom table 'toa_yade_summary'
2025-12-05 17:39:23 - OTMS - INFO - Reflecting table 'toa_yade_summary' from flex database...
2025-12-05 17:39:23 - OTMS - INFO - Successfully created model for table 'toa_yade_summary' from flex database
2025-12-05 17:39:23 - OTMS - INFO - Successfully loaded custom table model for 'toa_yade_summary'
2025-12-05 17:39:23 - OTMS - INFO - Retrieved 20 columns for data source 'toa_yade_summary'
2025-12-05 17:39:23 - OTMS - INFO - Attempting to load custom table 'toa_yade_summary'
2025-12-05 17:39:23 - OTMS - INFO - Reflecting table 'toa_yade_summary' from flex database...
2025-12-05 17:39:23 - OTMS - INFO - Successfully created model for table 'toa_yade_summary' from flex database
2025-12-05 17:39:23 - OTMS - INFO - Successfully loaded custom table model for 'toa_yade_summary'
2025-12-05 17:39:23 - OTMS - INFO - Retrieved 20 columns for data source 'toa_yade_summary'
2025-12-05 17:39:23 - OTMS - INFO - Attempting to load custom table 'audit_log'
2025-12-05 17:39:23 - OTMS - INFO - Reflecting table 'audit_log' from flex database...
2025-12-05 17:39:23 - OTMS - INFO - Successfully created model for table 'audit_log' from flex database
2025-12-05 17:39:23 - OTMS - INFO - Successfully loaded custom table model for 'audit_log'
2025-12-05 17:39:23 - OTMS - INFO - Retrieved 11 columns for data source 'audit_log'
2025-12-05 17:39:25 - OTMS - INFO - Loaded 68 tables from primary database
2025-12-05 17:39:25 - OTMS - INFO - Loaded 68 tables from flexible database
2025-12-05 17:39:25 - OTMS - INFO - Added 0 additional custom tables from location_config
2025-12-05 17:39:25 - OTMS - INFO - Attempting to load custom table 'yade_voyage'
2025-12-05 17:39:25 - OTMS - INFO - Reflecting table 'yade_voyage' from flex database...
2025-12-05 17:39:25 - OTMS - INFO - Successfully created model for table 'yade_voyage' from flex database
2025-12-05 17:39:25 - OTMS - INFO - Successfully loaded custom table model for 'yade_voyage'
2025-12-05 17:39:25 - OTMS - INFO - Retrieved 19 columns for data source 'yade_voyage'
2025-12-05 17:39:25 - OTMS - INFO - Attempting to load custom table 'toa_yade_summary'
2025-12-05 17:39:25 - OTMS - INFO - Reflecting table 'toa_yade_summary' from flex database...
2025-12-05 17:39:25 - OTMS - INFO - Successfully created model for table 'toa_yade_summary' from flex database
2025-12-05 17:39:25 - OTMS - INFO - Successfully loaded custom table model for 'toa_yade_summary'
2025-12-05 17:39:25 - OTMS - INFO - Retrieved 20 columns for data source 'toa_yade_summary'
2025-12-05 17:39:25 - OTMS - INFO - Attempting to load custom table 'yade_voyage'
2025-12-05 17:39:25 - OTMS - INFO - Reflecting table 'yade_voyage' from flex database...
2025-12-05 17:39:25 - OTMS - INFO - Successfully created model for table 'yade_voyage' from flex database
2025-12-05 17:39:25 - OTMS - INFO - Successfully loaded custom table model for 'yade_voyage'
2025-12-05 17:39:25 - OTMS - INFO - Retrieved 19 columns for data source 'yade_voyage'
2025-12-05 17:39:25 - OTMS - INFO - Attempting to load custom table 'yade_voyage'
2025-12-05 17:39:25 - OTMS - INFO - Reflecting table 'yade_voyage' from flex database...
2025-12-05 17:39:25 - OTMS - INFO - Successfully created model for table 'yade_voyage' from flex database
2025-12-05 17:39:25 - OTMS - INFO - Successfully loaded custom table model for 'yade_voyage'
2025-12-05 17:39:25 - OTMS - INFO - Retrieved 19 columns for data source 'yade_voyage'
2025-12-05 17:39:25 - OTMS - INFO - Attempting to load custom table 'yade_voyage'
2025-12-05 17:39:25 - OTMS - INFO - Reflecting table 'yade_voyage' from flex database...
2025-12-05 17:39:25 - OTMS - INFO - Successfully created model for table 'yade_voyage' from flex database
2025-12-05 17:39:25 - OTMS - INFO - Successfully loaded custom table model for 'yade_voyage'
2025-12-05 17:39:25 - OTMS - INFO - Retrieved 19 columns for data source 'yade_voyage'
2025-12-05 17:39:25 - OTMS - INFO - Attempting to load custom table 'toa_yade_summary'
2025-12-05 17:39:26 - OTMS - INFO - Reflecting table 'toa_yade_summary' from flex database...
2025-12-05 17:39:26 - OTMS - INFO - Successfully created model for table 'toa_yade_summary' from flex database
2025-12-05 17:39:26 - OTMS - INFO - Successfully loaded custom table model for 'toa_yade_summary'
2025-12-05 17:39:26 - OTMS - INFO - Retrieved 20 columns for data source 'toa_yade_summary'
2025-12-05 17:39:26 - OTMS - INFO - Attempting to load custom table 'toa_yade_summary'
2025-12-05 17:39:26 - OTMS - INFO - Reflecting table 'toa_yade_summary' from flex database...
2025-12-05 17:39:26 - OTMS - INFO - Successfully created model for table 'toa_yade_summary' from flex database
2025-12-05 17:39:26 - OTMS - INFO - Successfully loaded custom table model for 'toa_yade_summary'
2025-12-05 17:39:26 - OTMS - INFO - Retrieved 20 columns for data source 'toa_yade_summary'
2025-12-05 17:39:26 - OTMS - INFO - Attempting to load custom table 'audit_log'
2025-12-05 17:39:26 - OTMS - INFO - Reflecting table 'audit_log' from flex database...
2025-12-05 17:39:26 - OTMS - INFO - Successfully created model for table 'audit_log' from flex database
2025-12-05 17:39:26 - OTMS - INFO - Successfully loaded custom table model for 'audit_log'
2025-12-05 17:39:26 - OTMS - INFO - Retrieved 11 columns for data source 'audit_log'
2025-12-05 17:39:33 - OTMS - INFO - Loaded 68 tables from primary database
2025-12-05 17:39:33 - OTMS - INFO - Loaded 68 tables from flexible database
2025-12-05 17:39:33 - OTMS - INFO - Added 0 additional custom tables from location_config
2025-12-05 17:39:33 - OTMS - INFO - Attempting to load custom table 'yade_voyage'
2025-12-05 17:39:33 - OTMS - INFO - Reflecting table 'yade_voyage' from flex database...
2025-12-05 17:39:33 - OTMS - INFO - Successfully created model for table 'yade_voyage' from flex database
2025-12-05 17:39:33 - OTMS - INFO - Successfully loaded custom table model for 'yade_voyage'
2025-12-05 17:39:33 - OTMS - INFO - Retrieved 19 columns for data source 'yade_voyage'
2025-12-05 17:39:33 - OTMS - INFO - Attempting to load custom table 'toa_yade_summary'
2025-12-05 17:39:33 - OTMS - INFO - Reflecting table 'toa_yade_summary' from flex database...
2025-12-05 17:39:34 - OTMS - INFO - Successfully created model for table 'toa_yade_summary' from flex database
2025-12-05 17:39:34 - OTMS - INFO - Successfully loaded custom table model for 'toa_yade_summary'
2025-12-05 17:39:34 - OTMS - INFO - Retrieved 20 columns for data source 'toa_yade_summary'
2025-12-05 17:39:34 - OTMS - INFO - Attempting to load custom table 'yade_voyage'
2025-12-05 17:39:34 - OTMS - INFO - Reflecting table 'yade_voyage' from flex database...
2025-12-05 17:39:34 - OTMS - INFO - Successfully created model for table 'yade_voyage' from flex database
2025-12-05 17:39:34 - OTMS - INFO - Successfully loaded custom table model for 'yade_voyage'
2025-12-05 17:39:34 - OTMS - INFO - Retrieved 19 columns for data source 'yade_voyage'
2025-12-05 17:39:34 - OTMS - INFO - Attempting to load custom table 'yade_voyage'
2025-12-05 17:39:34 - OTMS - INFO - Reflecting table 'yade_voyage' from flex database...
2025-12-05 17:39:34 - OTMS - INFO - Successfully created model for table 'yade_voyage' from flex database
2025-12-05 17:39:34 - OTMS - INFO - Successfully loaded custom table model for 'yade_voyage'
2025-12-05 17:39:34 - OTMS - INFO - Retrieved 19 columns for data source 'yade_voyage'
2025-12-05 17:39:34 - OTMS - INFO - Attempting to load custom table 'yade_voyage'
2025-12-05 17:39:34 - OTMS - INFO - Reflecting table 'yade_voyage' from flex database...
2025-12-05 17:39:34 - OTMS - INFO - Successfully created model for table 'yade_voyage' from flex database
2025-12-05 17:39:34 - OTMS - INFO - Successfully loaded custom table model for 'yade_voyage'
2025-12-05 17:39:34 - OTMS - INFO - Retrieved 19 columns for data source 'yade_voyage'
2025-12-05 17:39:34 - OTMS - INFO - Attempting to load custom table 'toa_yade_summary'
2025-12-05 17:39:34 - OTMS - INFO - Reflecting table 'toa_yade_summary' from flex database...
2025-12-05 17:39:34 - OTMS - INFO - Successfully created model for table 'toa_yade_summary' from flex database
2025-12-05 17:39:34 - OTMS - INFO - Successfully loaded custom table model for 'toa_yade_summary'
2025-12-05 17:39:34 - OTMS - INFO - Retrieved 20 columns for data source 'toa_yade_summary'
2025-12-05 17:39:34 - OTMS - INFO - Attempting to load custom table 'toa_yade_summary'
2025-12-05 17:39:34 - OTMS - INFO - Reflecting table 'toa_yade_summary' from flex database...
2025-12-05 17:39:34 - OTMS - INFO - Successfully created model for table 'toa_yade_summary' from flex database
2025-12-05 17:39:34 - OTMS - INFO - Successfully loaded custom table model for 'toa_yade_summary'
2025-12-05 17:39:34 - OTMS - INFO - Retrieved 20 columns for data source 'toa_yade_summary'
2025-12-05 17:39:34 - OTMS - INFO - Attempting to load custom table 'toa_yade_summary'
2025-12-05 17:39:34 - OTMS - INFO - Reflecting table 'toa_yade_summary' from flex database...
2025-12-05 17:39:34 - OTMS - INFO - Successfully created model for table 'toa_yade_summary' from flex database
2025-12-05 17:39:34 - OTMS - INFO - Successfully loaded custom table model for 'toa_yade_summary'
2025-12-05 17:39:34 - OTMS - INFO - Retrieved 20 columns for data source 'toa_yade_summary'
2025-12-05 17:39:36 - OTMS - INFO - Loaded 68 tables from primary database
2025-12-05 17:39:36 - OTMS - INFO - Loaded 68 tables from flexible database
2025-12-05 17:39:37 - OTMS - INFO - Added 0 additional custom tables from location_config
2025-12-05 17:39:37 - OTMS - INFO - Attempting to load custom table 'yade_voyage'
2025-12-05 17:39:37 - OTMS - INFO - Reflecting table 'yade_voyage' from flex database...
2025-12-05 17:39:37 - OTMS - INFO - Successfully created model for table 'yade_voyage' from flex database
2025-12-05 17:39:37 - OTMS - INFO - Successfully loaded custom table model for 'yade_voyage'
2025-12-05 17:39:37 - OTMS - INFO - Retrieved 19 columns for data source 'yade_voyage'
2025-12-05 17:39:37 - OTMS - INFO - Attempting to load custom table 'toa_yade_summary'
2025-12-05 17:39:37 - OTMS - INFO - Reflecting table 'toa_yade_summary' from flex database...
2025-12-05 17:39:37 - OTMS - INFO - Successfully created model for table 'toa_yade_summary' from flex database
2025-12-05 17:39:37 - OTMS - INFO - Successfully loaded custom table model for 'toa_yade_summary'
2025-12-05 17:39:37 - OTMS - INFO - Retrieved 20 columns for data source 'toa_yade_summary'
2025-12-05 17:39:37 - OTMS - INFO - Attempting to load custom table 'yade_voyage'
2025-12-05 17:39:37 - OTMS - INFO - Reflecting table 'yade_voyage' from flex database...
2025-12-05 17:39:37 - OTMS - INFO - Successfully created model for table 'yade_voyage' from flex database
2025-12-05 17:39:37 - OTMS - INFO - Successfully loaded custom table model for 'yade_voyage'
2025-12-05 17:39:37 - OTMS - INFO - Retrieved 19 columns for data source 'yade_voyage'
2025-12-05 17:39:37 - OTMS - INFO - Attempting to load custom table 'yade_voyage'
2025-12-05 17:39:37 - OTMS - INFO - Reflecting table 'yade_voyage' from flex database...
2025-12-05 17:39:37 - OTMS - INFO - Successfully created model for table 'yade_voyage' from flex database
2025-12-05 17:39:37 - OTMS - INFO - Successfully loaded custom table model for 'yade_voyage'
2025-12-05 17:39:37 - OTMS - INFO - Retrieved 19 columns for data source 'yade_voyage'
2025-12-05 17:39:37 - OTMS - INFO - Attempting to load custom table 'yade_voyage'
2025-12-05 17:39:37 - OTMS - INFO - Reflecting table 'yade_voyage' from flex database...
2025-12-05 17:39:37 - OTMS - INFO - Successfully created model for table 'yade_voyage' from flex database
2025-12-05 17:39:37 - OTMS - INFO - Successfully loaded custom table model for 'yade_voyage'
2025-12-05 17:39:37 - OTMS - INFO - Retrieved 19 columns for data source 'yade_voyage'
2025-12-05 17:39:37 - OTMS - INFO - Attempting to load custom table 'toa_yade_summary'
2025-12-05 17:39:37 - OTMS - INFO - Reflecting table 'toa_yade_summary' from flex database...
2025-12-05 17:39:37 - OTMS - INFO - Successfully created model for table 'toa_yade_summary' from flex database
2025-12-05 17:39:37 - OTMS - INFO - Successfully loaded custom table model for 'toa_yade_summary'
2025-12-05 17:39:37 - OTMS - INFO - Retrieved 20 columns for data source 'toa_yade_summary'
2025-12-05 17:39:37 - OTMS - INFO - Attempting to load custom table 'toa_yade_summary'
2025-12-05 17:39:37 - OTMS - INFO - Reflecting table 'toa_yade_summary' from flex database...
2025-12-05 17:39:37 - OTMS - INFO - Successfully created model for table 'toa_yade_summary' from flex database
2025-12-05 17:39:37 - OTMS - INFO - Successfully loaded custom table model for 'toa_yade_summary'
2025-12-05 17:39:37 - OTMS - INFO - Retrieved 20 columns for data source 'toa_yade_summary'
2025-12-05 17:39:37 - OTMS - INFO - Attempting to load custom table 'toa_yade_summary'
2025-12-05 17:39:37 - OTMS - INFO - Reflecting table 'toa_yade_summary' from flex database...
2025-12-05 17:39:37 - OTMS - INFO - Successfully created model for table 'toa_yade_summary' from flex database
2025-12-05 17:39:37 - OTMS - INFO - Successfully loaded custom table model for 'toa_yade_summary'
2025-12-05 17:39:37 - OTMS - INFO - Retrieved 20 columns for data source 'toa_yade_summary'
2025-12-05 17:40:03 - OTMS - INFO - Loaded 68 tables from primary database
2025-12-05 17:40:03 - OTMS - INFO - Loaded 68 tables from flexible database
2025-12-05 17:40:03 - OTMS - INFO - Added 0 additional custom tables from location_config
2025-12-05 17:40:03 - OTMS - INFO - Attempting to load custom table 'yade_voyage'
2025-12-05 17:40:03 - OTMS - INFO - Reflecting table 'yade_voyage' from flex database...
2025-12-05 17:40:03 - OTMS - INFO - Successfully created model for table 'yade_voyage' from flex database
2025-12-05 17:40:03 - OTMS - INFO - Successfully loaded custom table model for 'yade_voyage'
2025-12-05 17:40:03 - OTMS - INFO - Retrieved 19 columns for data source 'yade_voyage'
2025-12-05 17:40:03 - OTMS - INFO - Attempting to load custom table 'toa_yade_summary'
2025-12-05 17:40:03 - OTMS - INFO - Reflecting table 'toa_yade_summary' from flex database...
2025-12-05 17:40:03 - OTMS - INFO - Successfully created model for table 'toa_yade_summary' from flex database
2025-12-05 17:40:03 - OTMS - INFO - Successfully loaded custom table model for 'toa_yade_summary'
2025-12-05 17:40:03 - OTMS - INFO - Retrieved 20 columns for data source 'toa_yade_summary'
2025-12-05 17:40:03 - OTMS - INFO - Attempting to load custom table 'yade_voyage'
2025-12-05 17:40:03 - OTMS - INFO - Reflecting table 'yade_voyage' from flex database...
2025-12-05 17:40:03 - OTMS - INFO - Successfully created model for table 'yade_voyage' from flex database
2025-12-05 17:40:03 - OTMS - INFO - Successfully loaded custom table model for 'yade_voyage'
2025-12-05 17:40:03 - OTMS - INFO - Retrieved 19 columns for data source 'yade_voyage'
2025-12-05 17:40:03 - OTMS - INFO - Attempting to load custom table 'yade_voyage'
2025-12-05 17:40:03 - OTMS - INFO - Reflecting table 'yade_voyage' from flex database...
2025-12-05 17:40:03 - OTMS - INFO - Successfully created model for table 'yade_voyage' from flex database
2025-12-05 17:40:03 - OTMS - INFO - Successfully loaded custom table model for 'yade_voyage'
2025-12-05 17:40:03 - OTMS - INFO - Retrieved 19 columns for data source 'yade_voyage'
2025-12-05 17:40:03 - OTMS - INFO - Attempting to load custom table 'yade_voyage'
2025-12-05 17:40:03 - OTMS - INFO - Reflecting table 'yade_voyage' from flex database...
2025-12-05 17:40:03 - OTMS - INFO - Successfully created model for table 'yade_voyage' from flex database
2025-12-05 17:40:03 - OTMS - INFO - Successfully loaded custom table model for 'yade_voyage'
2025-12-05 17:40:03 - OTMS - INFO - Retrieved 19 columns for data source 'yade_voyage'
2025-12-05 17:40:04 - OTMS - INFO - Attempting to load custom table 'toa_yade_summary'
2025-12-05 17:40:04 - OTMS - INFO - Reflecting table 'toa_yade_summary' from flex database...
2025-12-05 17:40:04 - OTMS - INFO - Successfully created model for table 'toa_yade_summary' from flex database
2025-12-05 17:40:04 - OTMS - INFO - Successfully loaded custom table model for 'toa_yade_summary'
2025-12-05 17:40:04 - OTMS - INFO - Retrieved 20 columns for data source 'toa_yade_summary'
2025-12-05 17:40:04 - OTMS - INFO - Attempting to load custom table 'toa_yade_summary'
2025-12-05 17:40:04 - OTMS - INFO - Reflecting table 'toa_yade_summary' from flex database...
2025-12-05 17:40:04 - OTMS - INFO - Successfully created model for table 'toa_yade_summary' from flex database
2025-12-05 17:40:04 - OTMS - INFO - Successfully loaded custom table model for 'toa_yade_summary'
2025-12-05 17:40:04 - OTMS - INFO - Retrieved 20 columns for data source 'toa_yade_summary'
2025-12-05 17:40:04 - OTMS - INFO - Attempting to load custom table 'toa_yade_summary'
2025-12-05 17:40:04 - OTMS - INFO - Reflecting table 'toa_yade_summary' from flex database...
2025-12-05 17:40:04 - OTMS - INFO - Successfully created model for table 'toa_yade_summary' from flex database
2025-12-05 17:40:04 - OTMS - INFO - Successfully loaded custom table model for 'toa_yade_summary'
2025-12-05 17:40:04 - OTMS - INFO - Retrieved 20 columns for data source 'toa_yade_summary'
2025-12-05 17:40:06 - OTMS - INFO - Loaded 68 tables from primary database
2025-12-05 17:40:06 - OTMS - INFO - Loaded 68 tables from flexible database
2025-12-05 17:40:06 - OTMS - INFO - Added 0 additional custom tables from location_config
2025-12-05 17:40:06 - OTMS - INFO - Attempting to load custom table 'yade_voyage'
2025-12-05 17:40:06 - OTMS - INFO - Reflecting table 'yade_voyage' from flex database...
2025-12-05 17:40:06 - OTMS - INFO - Successfully created model for table 'yade_voyage' from flex database
2025-12-05 17:40:06 - OTMS - INFO - Successfully loaded custom table model for 'yade_voyage'
2025-12-05 17:40:06 - OTMS - INFO - Retrieved 19 columns for data source 'yade_voyage'
2025-12-05 17:40:06 - OTMS - INFO - Attempting to load custom table 'toa_yade_summary'
2025-12-05 17:40:06 - OTMS - INFO - Reflecting table 'toa_yade_summary' from flex database...
2025-12-05 17:40:06 - OTMS - INFO - Successfully created model for table 'toa_yade_summary' from flex database
2025-12-05 17:40:06 - OTMS - INFO - Successfully loaded custom table model for 'toa_yade_summary'
2025-12-05 17:40:06 - OTMS - INFO - Retrieved 20 columns for data source 'toa_yade_summary'
2025-12-05 17:40:06 - OTMS - INFO - Attempting to load custom table 'yade_voyage'
2025-12-05 17:40:06 - OTMS - INFO - Reflecting table 'yade_voyage' from flex database...
2025-12-05 17:40:06 - OTMS - INFO - Successfully created model for table 'yade_voyage' from flex database
2025-12-05 17:40:06 - OTMS - INFO - Successfully loaded custom table model for 'yade_voyage'
2025-12-05 17:40:06 - OTMS - INFO - Retrieved 19 columns for data source 'yade_voyage'
2025-12-05 17:40:06 - OTMS - INFO - Attempting to load custom table 'yade_voyage'
2025-12-05 17:40:06 - OTMS - INFO - Reflecting table 'yade_voyage' from flex database...
2025-12-05 17:40:06 - OTMS - INFO - Successfully created model for table 'yade_voyage' from flex database
2025-12-05 17:40:06 - OTMS - INFO - Successfully loaded custom table model for 'yade_voyage'
2025-12-05 17:40:06 - OTMS - INFO - Retrieved 19 columns for data source 'yade_voyage'
2025-12-05 17:40:06 - OTMS - INFO - Attempting to load custom table 'yade_voyage'
2025-12-05 17:40:06 - OTMS - INFO - Reflecting table 'yade_voyage' from flex database...
2025-12-05 17:40:06 - OTMS - INFO - Successfully created model for table 'yade_voyage' from flex database
2025-12-05 17:40:06 - OTMS - INFO - Successfully loaded custom table model for 'yade_voyage'
2025-12-05 17:40:06 - OTMS - INFO - Retrieved 19 columns for data source 'yade_voyage'
2025-12-05 17:40:06 - OTMS - INFO - Attempting to load custom table 'toa_yade_summary'
2025-12-05 17:40:06 - OTMS - INFO - Reflecting table 'toa_yade_summary' from flex database...
2025-12-05 17:40:06 - OTMS - INFO - Successfully created model for table 'toa_yade_summary' from flex database
2025-12-05 17:40:06 - OTMS - INFO - Successfully loaded custom table model for 'toa_yade_summary'
2025-12-05 17:40:06 - OTMS - INFO - Retrieved 20 columns for data source 'toa_yade_summary'
2025-12-05 17:40:06 - OTMS - INFO - Attempting to load custom table 'toa_yade_summary'
2025-12-05 17:40:06 - OTMS - INFO - Reflecting table 'toa_yade_summary' from flex database...
2025-12-05 17:40:06 - OTMS - INFO - Successfully created model for table 'toa_yade_summary' from flex database
2025-12-05 17:40:06 - OTMS - INFO - Successfully loaded custom table model for 'toa_yade_summary'
2025-12-05 17:40:06 - OTMS - INFO - Retrieved 20 columns for data source 'toa_yade_summary'
2025-12-05 17:40:06 - OTMS - INFO - Attempting to load custom table 'toa_yade_summary'
2025-12-05 17:40:06 - OTMS - INFO - Reflecting table 'toa_yade_summary' from flex database...
2025-12-05 17:40:06 - OTMS - INFO - Successfully created model for table 'toa_yade_summary' from flex database
2025-12-05 17:40:06 - OTMS - INFO - Successfully loaded custom table model for 'toa_yade_summary'
2025-12-05 17:40:06 - OTMS - INFO - Retrieved 20 columns for data source 'toa_yade_summary'
2025-12-05 17:40:09 - OTMS - INFO - Loaded 68 tables from primary database
2025-12-05 17:40:09 - OTMS - INFO - Loaded 68 tables from flexible database
2025-12-05 17:40:09 - OTMS - INFO - Added 0 additional custom tables from location_config
2025-12-05 17:40:09 - OTMS - INFO - Attempting to load custom table 'yade_voyage'
2025-12-05 17:40:09 - OTMS - INFO - Reflecting table 'yade_voyage' from flex database...
2025-12-05 17:40:09 - OTMS - INFO - Successfully created model for table 'yade_voyage' from flex database
2025-12-05 17:40:09 - OTMS - INFO - Successfully loaded custom table model for 'yade_voyage'
2025-12-05 17:40:09 - OTMS - INFO - Retrieved 19 columns for data source 'yade_voyage'
2025-12-05 17:40:09 - OTMS - INFO - Attempting to load custom table 'toa_yade_summary'
2025-12-05 17:40:09 - OTMS - INFO - Reflecting table 'toa_yade_summary' from flex database...
2025-12-05 17:40:09 - OTMS - INFO - Successfully created model for table 'toa_yade_summary' from flex database
2025-12-05 17:40:09 - OTMS - INFO - Successfully loaded custom table model for 'toa_yade_summary'
2025-12-05 17:40:09 - OTMS - INFO - Retrieved 20 columns for data source 'toa_yade_summary'
2025-12-05 17:40:09 - OTMS - INFO - Attempting to load custom table 'yade_voyage'
2025-12-05 17:40:09 - OTMS - INFO - Reflecting table 'yade_voyage' from flex database...
2025-12-05 17:40:09 - OTMS - INFO - Successfully created model for table 'yade_voyage' from flex database
2025-12-05 17:40:09 - OTMS - INFO - Successfully loaded custom table model for 'yade_voyage'
2025-12-05 17:40:09 - OTMS - INFO - Retrieved 19 columns for data source 'yade_voyage'
2025-12-05 17:40:09 - OTMS - INFO - Attempting to load custom table 'yade_voyage'
2025-12-05 17:40:09 - OTMS - INFO - Reflecting table 'yade_voyage' from flex database...
2025-12-05 17:40:09 - OTMS - INFO - Successfully created model for table 'yade_voyage' from flex database
2025-12-05 17:40:09 - OTMS - INFO - Successfully loaded custom table model for 'yade_voyage'
2025-12-05 17:40:09 - OTMS - INFO - Retrieved 19 columns for data source 'yade_voyage'
2025-12-05 17:40:09 - OTMS - INFO - Attempting to load custom table 'yade_voyage'
2025-12-05 17:40:09 - OTMS - INFO - Reflecting table 'yade_voyage' from flex database...
2025-12-05 17:40:09 - OTMS - INFO - Successfully created model for table 'yade_voyage' from flex database
2025-12-05 17:40:09 - OTMS - INFO - Successfully loaded custom table model for 'yade_voyage'
2025-12-05 17:40:09 - OTMS - INFO - Retrieved 19 columns for data source 'yade_voyage'
2025-12-05 17:40:09 - OTMS - INFO - Attempting to load custom table 'toa_yade_summary'
2025-12-05 17:40:09 - OTMS - INFO - Reflecting table 'toa_yade_summary' from flex database...
2025-12-05 17:40:09 - OTMS - INFO - Successfully created model for table 'toa_yade_summary' from flex database
2025-12-05 17:40:09 - OTMS - INFO - Successfully loaded custom table model for 'toa_yade_summary'
2025-12-05 17:40:09 - OTMS - INFO - Retrieved 20 columns for data source 'toa_yade_summary'
2025-12-05 17:40:09 - OTMS - INFO - Attempting to load custom table 'toa_yade_summary'
2025-12-05 17:40:09 - OTMS - INFO - Reflecting table 'toa_yade_summary' from flex database...
2025-12-05 17:40:09 - OTMS - INFO - Successfully created model for table 'toa_yade_summary' from flex database
2025-12-05 17:40:09 - OTMS - INFO - Successfully loaded custom table model for 'toa_yade_summary'
2025-12-05 17:40:09 - OTMS - INFO - Retrieved 20 columns for data source 'toa_yade_summary'
2025-12-05 17:40:09 - OTMS - INFO - Attempting to load custom table 'toa_yade_summary'
2025-12-05 17:40:09 - OTMS - INFO - Reflecting table 'toa_yade_summary' from flex database...
2025-12-05 17:40:09 - OTMS - INFO - Successfully created model for table 'toa_yade_summary' from flex database
2025-12-05 17:40:09 - OTMS - INFO - Successfully loaded custom table model for 'toa_yade_summary'
2025-12-05 17:40:09 - OTMS - INFO - Retrieved 20 columns for data source 'toa_yade_summary'
2025-12-05 17:40:14 - OTMS - INFO - Loaded 68 tables from primary database
2025-12-05 17:40:14 - OTMS - INFO - Loaded 68 tables from flexible database
2025-12-05 17:40:14 - OTMS - INFO - Added 0 additional custom tables from location_config
2025-12-05 17:40:14 - OTMS - INFO - Attempting to load custom table 'yade_voyage'
2025-12-05 17:40:14 - OTMS - INFO - Reflecting table 'yade_voyage' from flex database...
2025-12-05 17:40:14 - OTMS - INFO - Successfully created model for table 'yade_voyage' from flex database
2025-12-05 17:40:14 - OTMS - INFO - Successfully loaded custom table model for 'yade_voyage'
2025-12-05 17:40:14 - OTMS - INFO - Retrieved 19 columns for data source 'yade_voyage'
2025-12-05 17:40:14 - OTMS - INFO - Attempting to load custom table 'toa_yade_summary'
2025-12-05 17:40:14 - OTMS - INFO - Reflecting table 'toa_yade_summary' from flex database...
2025-12-05 17:40:14 - OTMS - INFO - Successfully created model for table 'toa_yade_summary' from flex database
2025-12-05 17:40:14 - OTMS - INFO - Successfully loaded custom table model for 'toa_yade_summary'
2025-12-05 17:40:14 - OTMS - INFO - Retrieved 20 columns for data source 'toa_yade_summary'
2025-12-05 17:40:14 - OTMS - INFO - Attempting to load custom table 'yade_voyage'
2025-12-05 17:40:14 - OTMS - INFO - Reflecting table 'yade_voyage' from flex database...
2025-12-05 17:40:14 - OTMS - INFO - Successfully created model for table 'yade_voyage' from flex database
2025-12-05 17:40:14 - OTMS - INFO - Successfully loaded custom table model for 'yade_voyage'
2025-12-05 17:40:14 - OTMS - INFO - Retrieved 19 columns for data source 'yade_voyage'
2025-12-05 17:40:14 - OTMS - INFO - Attempting to load custom table 'yade_voyage'
2025-12-05 17:40:14 - OTMS - INFO - Reflecting table 'yade_voyage' from flex database...
2025-12-05 17:40:14 - OTMS - INFO - Successfully created model for table 'yade_voyage' from flex database
2025-12-05 17:40:14 - OTMS - INFO - Successfully loaded custom table model for 'yade_voyage'
2025-12-05 17:40:14 - OTMS - INFO - Retrieved 19 columns for data source 'yade_voyage'
2025-12-05 17:40:14 - OTMS - INFO - Attempting to load custom table 'yade_voyage'
2025-12-05 17:40:14 - OTMS - INFO - Reflecting table 'yade_voyage' from flex database...
2025-12-05 17:40:14 - OTMS - INFO - Successfully created model for table 'yade_voyage' from flex database
2025-12-05 17:40:14 - OTMS - INFO - Successfully loaded custom table model for 'yade_voyage'
2025-12-05 17:40:14 - OTMS - INFO - Retrieved 19 columns for data source 'yade_voyage'
2025-12-05 17:40:14 - OTMS - INFO - Attempting to load custom table 'toa_yade_summary'
2025-12-05 17:40:14 - OTMS - INFO - Reflecting table 'toa_yade_summary' from flex database...
2025-12-05 17:40:14 - OTMS - INFO - Successfully created model for table 'toa_yade_summary' from flex database
2025-12-05 17:40:14 - OTMS - INFO - Successfully loaded custom table model for 'toa_yade_summary'
2025-12-05 17:40:14 - OTMS - INFO - Retrieved 20 columns for data source 'toa_yade_summary'
2025-12-05 17:40:14 - OTMS - INFO - Attempting to load custom table 'toa_yade_summary'
2025-12-05 17:40:14 - OTMS - INFO - Reflecting table 'toa_yade_summary' from flex database...
2025-12-05 17:40:14 - OTMS - INFO - Successfully created model for table 'toa_yade_summary' from flex database
2025-12-05 17:40:14 - OTMS - INFO - Successfully loaded custom table model for 'toa_yade_summary'
2025-12-05 17:40:14 - OTMS - INFO - Retrieved 20 columns for data source 'toa_yade_summary'
2025-12-05 17:40:14 - OTMS - INFO - Attempting to load custom table 'toa_yade_summary'
2025-12-05 17:40:14 - OTMS - INFO - Reflecting table 'toa_yade_summary' from flex database...
2025-12-05 17:40:14 - OTMS - INFO - Successfully created model for table 'toa_yade_summary' from flex database
2025-12-05 17:40:14 - OTMS - INFO - Successfully loaded custom table model for 'toa_yade_summary'
2025-12-05 17:40:14 - OTMS - INFO - Retrieved 20 columns for data source 'toa_yade_summary'
2025-12-05 17:40:15 - OTMS - INFO - Loaded 68 tables from primary database
2025-12-05 17:40:15 - OTMS - INFO - Loaded 68 tables from flexible database
2025-12-05 17:40:15 - OTMS - INFO - Added 0 additional custom tables from location_config
2025-12-05 17:40:15 - OTMS - INFO - Attempting to load custom table 'yade_voyage'
2025-12-05 17:40:15 - OTMS - INFO - Reflecting table 'yade_voyage' from flex database...
2025-12-05 17:40:15 - OTMS - INFO - Successfully created model for table 'yade_voyage' from flex database
2025-12-05 17:40:15 - OTMS - INFO - Successfully loaded custom table model for 'yade_voyage'
2025-12-05 17:40:15 - OTMS - INFO - Retrieved 19 columns for data source 'yade_voyage'
2025-12-05 17:40:15 - OTMS - INFO - Attempting to load custom table 'toa_yade_summary'
2025-12-05 17:40:15 - OTMS - INFO - Reflecting table 'toa_yade_summary' from flex database...
2025-12-05 17:40:15 - OTMS - INFO - Successfully created model for table 'toa_yade_summary' from flex database
2025-12-05 17:40:15 - OTMS - INFO - Successfully loaded custom table model for 'toa_yade_summary'
2025-12-05 17:40:15 - OTMS - INFO - Retrieved 20 columns for data source 'toa_yade_summary'
2025-12-05 17:40:15 - OTMS - INFO - Attempting to load custom table 'yade_voyage'
2025-12-05 17:40:15 - OTMS - INFO - Reflecting table 'yade_voyage' from flex database...
2025-12-05 17:40:15 - OTMS - INFO - Successfully created model for table 'yade_voyage' from flex database
2025-12-05 17:40:15 - OTMS - INFO - Successfully loaded custom table model for 'yade_voyage'
2025-12-05 17:40:15 - OTMS - INFO - Retrieved 19 columns for data source 'yade_voyage'
2025-12-05 17:40:15 - OTMS - INFO - Attempting to load custom table 'yade_voyage'
2025-12-05 17:40:15 - OTMS - INFO - Reflecting table 'yade_voyage' from flex database...
2025-12-05 17:40:15 - OTMS - INFO - Successfully created model for table 'yade_voyage' from flex database
2025-12-05 17:40:15 - OTMS - INFO - Successfully loaded custom table model for 'yade_voyage'
2025-12-05 17:40:15 - OTMS - INFO - Retrieved 19 columns for data source 'yade_voyage'
2025-12-05 17:40:15 - OTMS - INFO - Attempting to load custom table 'yade_voyage'
2025-12-05 17:40:15 - OTMS - INFO - Reflecting table 'yade_voyage' from flex database...
2025-12-05 17:40:15 - OTMS - INFO - Successfully created model for table 'yade_voyage' from flex database
2025-12-05 17:40:15 - OTMS - INFO - Successfully loaded custom table model for 'yade_voyage'
2025-12-05 17:40:15 - OTMS - INFO - Retrieved 19 columns for data source 'yade_voyage'
2025-12-05 17:40:15 - OTMS - INFO - Attempting to load custom table 'toa_yade_summary'
2025-12-05 17:40:15 - OTMS - INFO - Reflecting table 'toa_yade_summary' from flex database...
2025-12-05 17:40:15 - OTMS - INFO - Successfully created model for table 'toa_yade_summary' from flex database
2025-12-05 17:40:15 - OTMS - INFO - Successfully loaded custom table model for 'toa_yade_summary'
2025-12-05 17:40:15 - OTMS - INFO - Retrieved 20 columns for data source 'toa_yade_summary'
2025-12-05 17:40:15 - OTMS - INFO - Attempting to load custom table 'toa_yade_summary'
2025-12-05 17:40:15 - OTMS - INFO - Reflecting table 'toa_yade_summary' from flex database...
2025-12-05 17:40:15 - OTMS - INFO - Successfully created model for table 'toa_yade_summary' from flex database
2025-12-05 17:40:15 - OTMS - INFO - Successfully loaded custom table model for 'toa_yade_summary'
2025-12-05 17:40:15 - OTMS - INFO - Retrieved 20 columns for data source 'toa_yade_summary'
2025-12-05 17:40:15 - OTMS - INFO - Attempting to load custom table 'toa_yade_summary'
2025-12-05 17:40:15 - OTMS - INFO - Reflecting table 'toa_yade_summary' from flex database...
2025-12-05 17:40:15 - OTMS - INFO - Successfully created model for table 'toa_yade_summary' from flex database
2025-12-05 17:40:15 - OTMS - INFO - Successfully loaded custom table model for 'toa_yade_summary'
2025-12-05 17:40:15 - OTMS - INFO - Retrieved 20 columns for data source 'toa_yade_summary'
2025-12-05 17:40:18 - OTMS - INFO - Loaded 68 tables from primary database
2025-12-05 17:40:18 - OTMS - INFO - Loaded 68 tables from flexible database
2025-12-05 17:40:18 - OTMS - INFO - Added 0 additional custom tables from location_config
2025-12-05 17:40:18 - OTMS - INFO - Attempting to load custom table 'yade_voyage'
2025-12-05 17:40:18 - OTMS - INFO - Reflecting table 'yade_voyage' from flex database...
2025-12-05 17:40:18 - OTMS - INFO - Successfully created model for table 'yade_voyage' from flex database
2025-12-05 17:40:18 - OTMS - INFO - Successfully loaded custom table model for 'yade_voyage'
2025-12-05 17:40:18 - OTMS - INFO - Retrieved 19 columns for data source 'yade_voyage'
2025-12-05 17:40:18 - OTMS - INFO - Attempting to load custom table 'toa_yade_summary'
2025-12-05 17:40:18 - OTMS - INFO - Reflecting table 'toa_yade_summary' from flex database...
2025-12-05 17:40:18 - OTMS - INFO - Successfully created model for table 'toa_yade_summary' from flex database
2025-12-05 17:40:18 - OTMS - INFO - Successfully loaded custom table model for 'toa_yade_summary'
2025-12-05 17:40:18 - OTMS - INFO - Retrieved 20 columns for data source 'toa_yade_summary'
2025-12-05 17:40:18 - OTMS - INFO - Attempting to load custom table 'yade_voyage'
2025-12-05 17:40:18 - OTMS - INFO - Reflecting table 'yade_voyage' from flex database...
2025-12-05 17:40:18 - OTMS - INFO - Successfully created model for table 'yade_voyage' from flex database
2025-12-05 17:40:18 - OTMS - INFO - Successfully loaded custom table model for 'yade_voyage'
2025-12-05 17:40:18 - OTMS - INFO - Retrieved 19 columns for data source 'yade_voyage'
2025-12-05 17:40:18 - OTMS - INFO - Attempting to load custom table 'yade_voyage'
2025-12-05 17:40:18 - OTMS - INFO - Reflecting table 'yade_voyage' from flex database...
2025-12-05 17:40:18 - OTMS - INFO - Successfully created model for table 'yade_voyage' from flex database
2025-12-05 17:40:18 - OTMS - INFO - Successfully loaded custom table model for 'yade_voyage'
2025-12-05 17:40:18 - OTMS - INFO - Retrieved 19 columns for data source 'yade_voyage'
2025-12-05 17:40:18 - OTMS - INFO - Attempting to load custom table 'yade_voyage'
2025-12-05 17:40:18 - OTMS - INFO - Reflecting table 'yade_voyage' from flex database...
2025-12-05 17:40:18 - OTMS - INFO - Successfully created model for table 'yade_voyage' from flex database
2025-12-05 17:40:18 - OTMS - INFO - Successfully loaded custom table model for 'yade_voyage'
2025-12-05 17:40:18 - OTMS - INFO - Retrieved 19 columns for data source 'yade_voyage'
2025-12-05 17:40:18 - OTMS - INFO - Attempting to load custom table 'toa_yade_summary'
2025-12-05 17:40:18 - OTMS - INFO - Reflecting table 'toa_yade_summary' from flex database...
2025-12-05 17:40:18 - OTMS - INFO - Successfully created model for table 'toa_yade_summary' from flex database
2025-12-05 17:40:18 - OTMS - INFO - Successfully loaded custom table model for 'toa_yade_summary'
2025-12-05 17:40:18 - OTMS - INFO - Retrieved 20 columns for data source 'toa_yade_summary'
2025-12-05 17:40:18 - OTMS - INFO - Attempting to load custom table 'toa_yade_summary'
2025-12-05 17:40:18 - OTMS - INFO - Reflecting table 'toa_yade_summary' from flex database...
2025-12-05 17:40:18 - OTMS - INFO - Successfully created model for table 'toa_yade_summary' from flex database
2025-12-05 17:40:18 - OTMS - INFO - Successfully loaded custom table model for 'toa_yade_summary'
2025-12-05 17:40:18 - OTMS - INFO - Retrieved 20 columns for data source 'toa_yade_summary'
2025-12-05 17:40:18 - OTMS - INFO - Attempting to load custom table 'toa_yade_summary'
2025-12-05 17:40:18 - OTMS - INFO - Reflecting table 'toa_yade_summary' from flex database...
2025-12-05 17:40:18 - OTMS - INFO - Successfully created model for table 'toa_yade_summary' from flex database
2025-12-05 17:40:18 - OTMS - INFO - Successfully loaded custom table model for 'toa_yade_summary'
2025-12-05 17:40:18 - OTMS - INFO - Retrieved 20 columns for data source 'toa_yade_summary'
2025-12-05 17:40:31 - OTMS - INFO - Loaded 68 tables from primary database
2025-12-05 17:40:31 - OTMS - INFO - Loaded 68 tables from flexible database
2025-12-05 17:40:31 - OTMS - INFO - Added 0 additional custom tables from location_config
2025-12-05 17:40:31 - OTMS - INFO - Attempting to load custom table 'yade_voyage'
2025-12-05 17:40:31 - OTMS - INFO - Reflecting table 'yade_voyage' from flex database...
2025-12-05 17:40:31 - OTMS - INFO - Successfully created model for table 'yade_voyage' from flex database
2025-12-05 17:40:31 - OTMS - INFO - Successfully loaded custom table model for 'yade_voyage'
2025-12-05 17:40:31 - OTMS - INFO - Retrieved 19 columns for data source 'yade_voyage'
2025-12-05 17:40:31 - OTMS - INFO - Attempting to load custom table 'toa_yade_summary'
2025-12-05 17:40:31 - OTMS - INFO - Reflecting table 'toa_yade_summary' from flex database...
2025-12-05 17:40:31 - OTMS - INFO - Successfully created model for table 'toa_yade_summary' from flex database
2025-12-05 17:40:31 - OTMS - INFO - Successfully loaded custom table model for 'toa_yade_summary'
2025-12-05 17:40:31 - OTMS - INFO - Retrieved 20 columns for data source 'toa_yade_summary'
2025-12-05 17:40:31 - OTMS - INFO - Attempting to load custom table 'yade_voyage'
2025-12-05 17:40:31 - OTMS - INFO - Reflecting table 'yade_voyage' from flex database...
2025-12-05 17:40:31 - OTMS - INFO - Successfully created model for table 'yade_voyage' from flex database
2025-12-05 17:40:31 - OTMS - INFO - Successfully loaded custom table model for 'yade_voyage'
2025-12-05 17:40:31 - OTMS - INFO - Retrieved 19 columns for data source 'yade_voyage'
2025-12-05 17:40:31 - OTMS - INFO - Attempting to load custom table 'yade_voyage'
2025-12-05 17:40:31 - OTMS - INFO - Reflecting table 'yade_voyage' from flex database...
2025-12-05 17:40:31 - OTMS - INFO - Successfully created model for table 'yade_voyage' from flex database
2025-12-05 17:40:31 - OTMS - INFO - Successfully loaded custom table model for 'yade_voyage'
2025-12-05 17:40:31 - OTMS - INFO - Retrieved 19 columns for data source 'yade_voyage'
2025-12-05 17:40:31 - OTMS - INFO - Attempting to load custom table 'yade_voyage'
2025-12-05 17:40:31 - OTMS - INFO - Reflecting table 'yade_voyage' from flex database...
2025-12-05 17:40:31 - OTMS - INFO - Successfully created model for table 'yade_voyage' from flex database
2025-12-05 17:40:31 - OTMS - INFO - Successfully loaded custom table model for 'yade_voyage'
2025-12-05 17:40:31 - OTMS - INFO - Retrieved 19 columns for data source 'yade_voyage'
2025-12-05 17:40:31 - OTMS - INFO - Attempting to load custom table 'toa_yade_summary'
2025-12-05 17:40:31 - OTMS - INFO - Reflecting table 'toa_yade_summary' from flex database...
2025-12-05 17:40:31 - OTMS - INFO - Successfully created model for table 'toa_yade_summary' from flex database
2025-12-05 17:40:31 - OTMS - INFO - Successfully loaded custom table model for 'toa_yade_summary'
2025-12-05 17:40:31 - OTMS - INFO - Retrieved 20 columns for data source 'toa_yade_summary'
2025-12-05 17:40:31 - OTMS - INFO - Attempting to load custom table 'toa_yade_summary'
2025-12-05 17:40:31 - OTMS - INFO - Reflecting table 'toa_yade_summary' from flex database...
2025-12-05 17:40:31 - OTMS - INFO - Successfully created model for table 'toa_yade_summary' from flex database
2025-12-05 17:40:31 - OTMS - INFO - Successfully loaded custom table model for 'toa_yade_summary'
2025-12-05 17:40:31 - OTMS - INFO - Retrieved 20 columns for data source 'toa_yade_summary'
2025-12-05 17:40:31 - OTMS - INFO - Attempting to load custom table 'toa_yade_summary'
2025-12-05 17:40:31 - OTMS - INFO - Reflecting table 'toa_yade_summary' from flex database...
2025-12-05 17:40:31 - OTMS - INFO - Successfully created model for table 'toa_yade_summary' from flex database
2025-12-05 17:40:31 - OTMS - INFO - Successfully loaded custom table model for 'toa_yade_summary'
2025-12-05 17:40:31 - OTMS - INFO - Retrieved 20 columns for data source 'toa_yade_summary'
2025-12-05 17:40:32 - OTMS - INFO - Loaded 68 tables from primary database
2025-12-05 17:40:32 - OTMS - INFO - Loaded 68 tables from flexible database
2025-12-05 17:40:32 - OTMS - INFO - Added 0 additional custom tables from location_config
2025-12-05 17:40:32 - OTMS - INFO - Attempting to load custom table 'yade_voyage'
2025-12-05 17:40:32 - OTMS - INFO - Reflecting table 'yade_voyage' from flex database...
2025-12-05 17:40:32 - OTMS - INFO - Successfully created model for table 'yade_voyage' from flex database
2025-12-05 17:40:32 - OTMS - INFO - Successfully loaded custom table model for 'yade_voyage'
2025-12-05 17:40:32 - OTMS - INFO - Retrieved 19 columns for data source 'yade_voyage'
2025-12-05 17:40:32 - OTMS - INFO - Attempting to load custom table 'toa_yade_summary'
2025-12-05 17:40:32 - OTMS - INFO - Reflecting table 'toa_yade_summary' from flex database...
2025-12-05 17:40:32 - OTMS - INFO - Successfully created model for table 'toa_yade_summary' from flex database
2025-12-05 17:40:32 - OTMS - INFO - Successfully loaded custom table model for 'toa_yade_summary'
2025-12-05 17:40:32 - OTMS - INFO - Retrieved 20 columns for data source 'toa_yade_summary'
2025-12-05 17:40:32 - OTMS - INFO - Attempting to load custom table 'yade_voyage'
2025-12-05 17:40:32 - OTMS - INFO - Reflecting table 'yade_voyage' from flex database...
2025-12-05 17:40:32 - OTMS - INFO - Successfully created model for table 'yade_voyage' from flex database
2025-12-05 17:40:32 - OTMS - INFO - Successfully loaded custom table model for 'yade_voyage'
2025-12-05 17:40:32 - OTMS - INFO - Retrieved 19 columns for data source 'yade_voyage'
2025-12-05 17:40:32 - OTMS - INFO - Attempting to load custom table 'yade_voyage'
2025-12-05 17:40:32 - OTMS - INFO - Reflecting table 'yade_voyage' from flex database...
2025-12-05 17:40:32 - OTMS - INFO - Successfully created model for table 'yade_voyage' from flex database
2025-12-05 17:40:32 - OTMS - INFO - Successfully loaded custom table model for 'yade_voyage'
2025-12-05 17:40:32 - OTMS - INFO - Retrieved 19 columns for data source 'yade_voyage'
2025-12-05 17:40:32 - OTMS - INFO - Attempting to load custom table 'yade_voyage'
2025-12-05 17:40:32 - OTMS - INFO - Reflecting table 'yade_voyage' from flex database...
2025-12-05 17:40:32 - OTMS - INFO - Successfully created model for table 'yade_voyage' from flex database
2025-12-05 17:40:32 - OTMS - INFO - Successfully loaded custom table model for 'yade_voyage'
2025-12-05 17:40:32 - OTMS - INFO - Retrieved 19 columns for data source 'yade_voyage'
2025-12-05 17:40:32 - OTMS - INFO - Attempting to load custom table 'toa_yade_summary'
2025-12-05 17:40:32 - OTMS - INFO - Reflecting table 'toa_yade_summary' from flex database...
2025-12-05 17:40:32 - OTMS - INFO - Successfully created model for table 'toa_yade_summary' from flex database
2025-12-05 17:40:32 - OTMS - INFO - Successfully loaded custom table model for 'toa_yade_summary'
2025-12-05 17:40:32 - OTMS - INFO - Retrieved 20 columns for data source 'toa_yade_summary'
2025-12-05 17:40:33 - OTMS - INFO - Attempting to load custom table 'toa_yade_summary'
2025-12-05 17:40:33 - OTMS - INFO - Reflecting table 'toa_yade_summary' from flex database...
2025-12-05 17:40:33 - OTMS - INFO - Successfully created model for table 'toa_yade_summary' from flex database
2025-12-05 17:40:33 - OTMS - INFO - Successfully loaded custom table model for 'toa_yade_summary'
2025-12-05 17:40:33 - OTMS - INFO - Retrieved 20 columns for data source 'toa_yade_summary'
2025-12-05 17:40:33 - OTMS - INFO - Attempting to load custom table 'toa_yade_summary'
2025-12-05 17:40:33 - OTMS - INFO - Reflecting table 'toa_yade_summary' from flex database...
2025-12-05 17:40:33 - OTMS - INFO - Successfully created model for table 'toa_yade_summary' from flex database
2025-12-05 17:40:33 - OTMS - INFO - Successfully loaded custom table model for 'toa_yade_summary'
2025-12-05 17:40:33 - OTMS - INFO - Retrieved 20 columns for data source 'toa_yade_summary'
2025-12-05 17:40:38 - OTMS - INFO - Loaded 68 tables from primary database
2025-12-05 17:40:38 - OTMS - INFO - Loaded 68 tables from flexible database
2025-12-05 17:40:38 - OTMS - INFO - Added 0 additional custom tables from location_config
2025-12-05 17:40:38 - OTMS - INFO - Attempting to load custom table 'yade_voyage'
2025-12-05 17:40:38 - OTMS - INFO - Reflecting table 'yade_voyage' from flex database...
2025-12-05 17:40:38 - OTMS - INFO - Successfully created model for table 'yade_voyage' from flex database
2025-12-05 17:40:38 - OTMS - INFO - Successfully loaded custom table model for 'yade_voyage'
2025-12-05 17:40:38 - OTMS - INFO - Retrieved 19 columns for data source 'yade_voyage'
2025-12-05 17:40:38 - OTMS - INFO - Attempting to load custom table 'toa_yade_summary'
2025-12-05 17:40:38 - OTMS - INFO - Reflecting table 'toa_yade_summary' from flex database...
2025-12-05 17:40:38 - OTMS - INFO - Successfully created model for table 'toa_yade_summary' from flex database
2025-12-05 17:40:38 - OTMS - INFO - Successfully loaded custom table model for 'toa_yade_summary'
2025-12-05 17:40:38 - OTMS - INFO - Retrieved 20 columns for data source 'toa_yade_summary'
2025-12-05 17:40:38 - OTMS - INFO - Attempting to load custom table 'yade_voyage'
2025-12-05 17:40:38 - OTMS - INFO - Reflecting table 'yade_voyage' from flex database...
2025-12-05 17:40:38 - OTMS - INFO - Successfully created model for table 'yade_voyage' from flex database
2025-12-05 17:40:38 - OTMS - INFO - Successfully loaded custom table model for 'yade_voyage'
2025-12-05 17:40:38 - OTMS - INFO - Retrieved 19 columns for data source 'yade_voyage'
2025-12-05 17:40:38 - OTMS - INFO - Attempting to load custom table 'yade_voyage'
2025-12-05 17:40:38 - OTMS - INFO - Reflecting table 'yade_voyage' from flex database...
2025-12-05 17:40:38 - OTMS - INFO - Successfully created model for table 'yade_voyage' from flex database
2025-12-05 17:40:38 - OTMS - INFO - Successfully loaded custom table model for 'yade_voyage'
2025-12-05 17:40:38 - OTMS - INFO - Retrieved 19 columns for data source 'yade_voyage'
2025-12-05 17:40:38 - OTMS - INFO - Attempting to load custom table 'yade_voyage'
2025-12-05 17:40:38 - OTMS - INFO - Reflecting table 'yade_voyage' from flex database...
2025-12-05 17:40:38 - OTMS - INFO - Successfully created model for table 'yade_voyage' from flex database
2025-12-05 17:40:38 - OTMS - INFO - Successfully loaded custom table model for 'yade_voyage'
2025-12-05 17:40:38 - OTMS - INFO - Retrieved 19 columns for data source 'yade_voyage'
2025-12-05 17:40:38 - OTMS - INFO - Attempting to load custom table 'toa_yade_summary'
2025-12-05 17:40:38 - OTMS - INFO - Reflecting table 'toa_yade_summary' from flex database...
2025-12-05 17:40:38 - OTMS - INFO - Successfully created model for table 'toa_yade_summary' from flex database
2025-12-05 17:40:38 - OTMS - INFO - Successfully loaded custom table model for 'toa_yade_summary'
2025-12-05 17:40:38 - OTMS - INFO - Retrieved 20 columns for data source 'toa_yade_summary'
2025-12-05 17:40:38 - OTMS - INFO - Attempting to load custom table 'toa_yade_summary'
2025-12-05 17:40:38 - OTMS - INFO - Reflecting table 'toa_yade_summary' from flex database...
2025-12-05 17:40:38 - OTMS - INFO - Successfully created model for table 'toa_yade_summary' from flex database
2025-12-05 17:40:38 - OTMS - INFO - Successfully loaded custom table model for 'toa_yade_summary'
2025-12-05 17:40:38 - OTMS - INFO - Retrieved 20 columns for data source 'toa_yade_summary'
2025-12-05 17:40:38 - OTMS - INFO - Attempting to load custom table 'toa_yade_summary'
2025-12-05 17:40:38 - OTMS - INFO - Reflecting table 'toa_yade_summary' from flex database...
2025-12-05 17:40:38 - OTMS - INFO - Successfully created model for table 'toa_yade_summary' from flex database
2025-12-05 17:40:38 - OTMS - INFO - Successfully loaded custom table model for 'toa_yade_summary'
2025-12-05 17:40:38 - OTMS - INFO - Retrieved 20 columns for data source 'toa_yade_summary'
2025-12-05 17:40:47 - OTMS - INFO - Loaded 68 tables from primary database
2025-12-05 17:40:47 - OTMS - INFO - Loaded 68 tables from flexible database
2025-12-05 17:40:47 - OTMS - INFO - Added 0 additional custom tables from location_config
2025-12-05 17:40:47 - OTMS - INFO - Attempting to load custom table 'yade_voyage'
2025-12-05 17:40:47 - OTMS - INFO - Reflecting table 'yade_voyage' from flex database...
2025-12-05 17:40:47 - OTMS - INFO - Successfully created model for table 'yade_voyage' from flex database
2025-12-05 17:40:47 - OTMS - INFO - Successfully loaded custom table model for 'yade_voyage'
2025-12-05 17:40:47 - OTMS - INFO - Retrieved 19 columns for data source 'yade_voyage'
2025-12-05 17:40:47 - OTMS - INFO - Attempting to load custom table 'toa_yade_summary'
2025-12-05 17:40:47 - OTMS - INFO - Reflecting table 'toa_yade_summary' from flex database...
2025-12-05 17:40:47 - OTMS - INFO - Successfully created model for table 'toa_yade_summary' from flex database
2025-12-05 17:40:47 - OTMS - INFO - Successfully loaded custom table model for 'toa_yade_summary'
2025-12-05 17:40:47 - OTMS - INFO - Retrieved 20 columns for data source 'toa_yade_summary'
2025-12-05 17:40:47 - OTMS - INFO - Attempting to load custom table 'yade_voyage'
2025-12-05 17:40:47 - OTMS - INFO - Reflecting table 'yade_voyage' from flex database...
2025-12-05 17:40:47 - OTMS - INFO - Successfully created model for table 'yade_voyage' from flex database
2025-12-05 17:40:47 - OTMS - INFO - Successfully loaded custom table model for 'yade_voyage'
2025-12-05 17:40:47 - OTMS - INFO - Retrieved 19 columns for data source 'yade_voyage'
2025-12-05 17:40:47 - OTMS - INFO - Attempting to load custom table 'yade_voyage'
2025-12-05 17:40:47 - OTMS - INFO - Reflecting table 'yade_voyage' from flex database...
2025-12-05 17:40:47 - OTMS - INFO - Successfully created model for table 'yade_voyage' from flex database
2025-12-05 17:40:47 - OTMS - INFO - Successfully loaded custom table model for 'yade_voyage'
2025-12-05 17:40:47 - OTMS - INFO - Retrieved 19 columns for data source 'yade_voyage'
2025-12-05 17:40:47 - OTMS - INFO - Attempting to load custom table 'yade_voyage'
2025-12-05 17:40:47 - OTMS - INFO - Reflecting table 'yade_voyage' from flex database...
2025-12-05 17:40:47 - OTMS - INFO - Successfully created model for table 'yade_voyage' from flex database
2025-12-05 17:40:47 - OTMS - INFO - Successfully loaded custom table model for 'yade_voyage'
2025-12-05 17:40:47 - OTMS - INFO - Retrieved 19 columns for data source 'yade_voyage'
2025-12-05 17:40:47 - OTMS - INFO - Attempting to load custom table 'toa_yade_summary'
2025-12-05 17:40:47 - OTMS - INFO - Reflecting table 'toa_yade_summary' from flex database...
2025-12-05 17:40:47 - OTMS - INFO - Successfully created model for table 'toa_yade_summary' from flex database
2025-12-05 17:40:47 - OTMS - INFO - Successfully loaded custom table model for 'toa_yade_summary'
2025-12-05 17:40:47 - OTMS - INFO - Retrieved 20 columns for data source 'toa_yade_summary'
2025-12-05 17:40:47 - OTMS - INFO - Attempting to load custom table 'toa_yade_summary'
2025-12-05 17:40:47 - OTMS - INFO - Reflecting table 'toa_yade_summary' from flex database...
2025-12-05 17:40:47 - OTMS - INFO - Successfully created model for table 'toa_yade_summary' from flex database
2025-12-05 17:40:47 - OTMS - INFO - Successfully loaded custom table model for 'toa_yade_summary'
2025-12-05 17:40:47 - OTMS - INFO - Retrieved 20 columns for data source 'toa_yade_summary'
2025-12-05 17:40:47 - OTMS - INFO - Attempting to load custom table 'toa_yade_summary'
2025-12-05 17:40:47 - OTMS - INFO - Reflecting table 'toa_yade_summary' from flex database...
2025-12-05 17:40:47 - OTMS - INFO - Successfully created model for table 'toa_yade_summary' from flex database
2025-12-05 17:40:47 - OTMS - INFO - Successfully loaded custom table model for 'toa_yade_summary'
2025-12-05 17:40:47 - OTMS - INFO - Retrieved 20 columns for data source 'toa_yade_summary'
2025-12-05 17:41:43 - OTMS - INFO - Loaded 68 tables from primary database
2025-12-05 17:41:43 - OTMS - INFO - Loaded 68 tables from flexible database
2025-12-05 17:41:43 - OTMS - INFO - Added 0 additional custom tables from location_config
2025-12-05 17:41:43 - OTMS - INFO - Attempting to load custom table 'yade_voyage'
2025-12-05 17:41:43 - OTMS - INFO - Reflecting table 'yade_voyage' from flex database...
2025-12-05 17:41:43 - OTMS - INFO - Successfully created model for table 'yade_voyage' from flex database
2025-12-05 17:41:43 - OTMS - INFO - Successfully loaded custom table model for 'yade_voyage'
2025-12-05 17:41:43 - OTMS - INFO - Retrieved 19 columns for data source 'yade_voyage'
2025-12-05 17:41:43 - OTMS - INFO - Attempting to load custom table 'toa_yade_summary'
2025-12-05 17:41:43 - OTMS - INFO - Reflecting table 'toa_yade_summary' from flex database...
2025-12-05 17:41:43 - OTMS - INFO - Successfully created model for table 'toa_yade_summary' from flex database
2025-12-05 17:41:43 - OTMS - INFO - Successfully loaded custom table model for 'toa_yade_summary'
2025-12-05 17:41:43 - OTMS - INFO - Retrieved 20 columns for data source 'toa_yade_summary'
2025-12-05 17:41:43 - OTMS - INFO - Attempting to load custom table 'yade_voyage'
2025-12-05 17:41:43 - OTMS - INFO - Reflecting table 'yade_voyage' from flex database...
2025-12-05 17:41:43 - OTMS - INFO - Successfully created model for table 'yade_voyage' from flex database
2025-12-05 17:41:43 - OTMS - INFO - Successfully loaded custom table model for 'yade_voyage'
2025-12-05 17:41:43 - OTMS - INFO - Retrieved 19 columns for data source 'yade_voyage'
2025-12-05 17:41:43 - OTMS - INFO - Attempting to load custom table 'yade_voyage'
2025-12-05 17:41:43 - OTMS - INFO - Reflecting table 'yade_voyage' from flex database...
2025-12-05 17:41:43 - OTMS - INFO - Successfully created model for table 'yade_voyage' from flex database
2025-12-05 17:41:43 - OTMS - INFO - Successfully loaded custom table model for 'yade_voyage'
2025-12-05 17:41:43 - OTMS - INFO - Retrieved 19 columns for data source 'yade_voyage'
2025-12-05 17:41:43 - OTMS - INFO - Attempting to load custom table 'yade_voyage'
2025-12-05 17:41:43 - OTMS - INFO - Reflecting table 'yade_voyage' from flex database...
2025-12-05 17:41:43 - OTMS - INFO - Successfully created model for table 'yade_voyage' from flex database
2025-12-05 17:41:43 - OTMS - INFO - Successfully loaded custom table model for 'yade_voyage'
2025-12-05 17:41:43 - OTMS - INFO - Retrieved 19 columns for data source 'yade_voyage'
2025-12-05 17:41:43 - OTMS - INFO - Attempting to load custom table 'toa_yade_summary'
2025-12-05 17:41:43 - OTMS - INFO - Reflecting table 'toa_yade_summary' from flex database...
2025-12-05 17:41:43 - OTMS - INFO - Successfully created model for table 'toa_yade_summary' from flex database
2025-12-05 17:41:43 - OTMS - INFO - Successfully loaded custom table model for 'toa_yade_summary'
2025-12-05 17:41:43 - OTMS - INFO - Retrieved 20 columns for data source 'toa_yade_summary'
2025-12-05 17:41:43 - OTMS - INFO - Attempting to load custom table 'toa_yade_summary'
2025-12-05 17:41:43 - OTMS - INFO - Reflecting table 'toa_yade_summary' from flex database...
2025-12-05 17:41:43 - OTMS - INFO - Successfully created model for table 'toa_yade_summary' from flex database
2025-12-05 17:41:43 - OTMS - INFO - Successfully loaded custom table model for 'toa_yade_summary'
2025-12-05 17:41:43 - OTMS - INFO - Retrieved 20 columns for data source 'toa_yade_summary'
2025-12-05 17:41:43 - OTMS - INFO - Attempting to load custom table 'toa_yade_summary'
2025-12-05 17:41:43 - OTMS - INFO - Reflecting table 'toa_yade_summary' from flex database...
2025-12-05 17:41:43 - OTMS - INFO - Successfully created model for table 'toa_yade_summary' from flex database
2025-12-05 17:41:43 - OTMS - INFO - Successfully loaded custom table model for 'toa_yade_summary'
2025-12-05 17:41:43 - OTMS - INFO - Retrieved 20 columns for data source 'toa_yade_summary'
2025-12-05 18:49:20 - OTMS - INFO - Attempting to load custom table model for 'yade_voyage'
2025-12-05 18:49:20 - OTMS - INFO - Reflecting table 'yade_voyage' from flex database...
2025-12-05 18:49:20 - OTMS - INFO - Successfully created model for table 'yade_voyage' from flex database
2025-12-05 18:49:20 - OTMS - INFO - Successfully loaded model for custom table 'yade_voyage'
2025-12-05 18:49:24 - OTMS - INFO - Attempting to load custom table model for 'yade_voyage'
2025-12-05 18:49:24 - OTMS - INFO - Reflecting table 'yade_voyage' from flex database...
2025-12-05 18:49:24 - OTMS - INFO - Successfully created model for table 'yade_voyage' from flex database
2025-12-05 18:49:24 - OTMS - INFO - Successfully loaded model for custom table 'yade_voyage'
2025-12-05 18:49:26 - OTMS - INFO - Attempting to load custom table model for 'yade_voyage'
2025-12-05 18:49:26 - OTMS - INFO - Reflecting table 'yade_voyage' from flex database...
2025-12-05 18:49:26 - OTMS - INFO - Successfully created model for table 'yade_voyage' from flex database
2025-12-05 18:49:26 - OTMS - INFO - Successfully loaded model for custom table 'yade_voyage'
2025-12-05 18:51:11 - OTMS - INFO - Loaded 68 tables from primary database
2025-12-05 18:51:11 - OTMS - INFO - Loaded 68 tables from flexible database
2025-12-05 18:51:11 - OTMS - INFO - Added 0 additional custom tables from location_config
2025-12-05 18:51:11 - OTMS - INFO - Attempting to load custom table 'audit_log'
2025-12-05 18:51:11 - OTMS - INFO - Reflecting table 'audit_log' from flex database...
2025-12-05 18:51:12 - OTMS - INFO - Successfully created model for table 'audit_log' from flex database
2025-12-05 18:51:12 - OTMS - INFO - Successfully loaded custom table model for 'audit_log'
2025-12-05 18:51:12 - OTMS - INFO - Retrieved 11 columns for data source 'audit_log'
2025-12-05 18:51:12 - OTMS - INFO - Attempting to load custom table 'audit_log'
2025-12-05 18:51:12 - OTMS - INFO - Reflecting table 'audit_log' from flex database...
2025-12-05 18:51:12 - OTMS - INFO - Successfully created model for table 'audit_log' from flex database
2025-12-05 18:51:12 - OTMS - INFO - Successfully loaded custom table model for 'audit_log'
2025-12-05 18:51:12 - OTMS - INFO - Retrieved 11 columns for data source 'audit_log'
2025-12-05 18:51:12 - OTMS - INFO - Attempting to load custom table 'audit_log'
2025-12-05 18:51:12 - OTMS - INFO - Reflecting table 'audit_log' from flex database...
2025-12-05 18:51:12 - OTMS - INFO - Successfully created model for table 'audit_log' from flex database
2025-12-05 18:51:12 - OTMS - INFO - Successfully loaded custom table model for 'audit_log'
2025-12-05 18:51:12 - OTMS - INFO - Retrieved 11 columns for data source 'audit_log'
2025-12-05 18:51:12 - OTMS - INFO - Attempting to load custom table 'audit_log'
2025-12-05 18:51:12 - OTMS - INFO - Reflecting table 'audit_log' from flex database...
2025-12-05 18:51:12 - OTMS - INFO - Successfully created model for table 'audit_log' from flex database
2025-12-05 18:51:12 - OTMS - INFO - Successfully loaded custom table model for 'audit_log'
2025-12-05 18:51:12 - OTMS - INFO - Retrieved 11 columns for data source 'audit_log'
2025-12-05 18:51:12 - OTMS - INFO - Attempting to load custom table 'audit_log'
2025-12-05 18:51:12 - OTMS - INFO - Reflecting table 'audit_log' from flex database...
2025-12-05 18:51:12 - OTMS - INFO - Successfully created model for table 'audit_log' from flex database
2025-12-05 18:51:12 - OTMS - INFO - Successfully loaded custom table model for 'audit_log'
2025-12-05 18:51:12 - OTMS - INFO - Retrieved 11 columns for data source 'audit_log'
2025-12-05 18:51:12 - OTMS - INFO - Attempting to load custom table 'audit_log'
2025-12-05 18:51:12 - OTMS - INFO - Reflecting table 'audit_log' from flex database...
2025-12-05 18:51:12 - OTMS - INFO - Successfully created model for table 'audit_log' from flex database
2025-12-05 18:51:12 - OTMS - INFO - Successfully loaded custom table model for 'audit_log'
2025-12-05 18:51:12 - OTMS - INFO - Retrieved 11 columns for data source 'audit_log'
2025-12-05 18:51:19 - OTMS - INFO - Loaded 68 tables from primary database
2025-12-05 18:51:19 - OTMS - INFO - Loaded 68 tables from flexible database
2025-12-05 18:51:19 - OTMS - INFO - Added 0 additional custom tables from location_config
2025-12-05 18:51:19 - OTMS - INFO - Attempting to load custom table 'audit_log'
2025-12-05 18:51:19 - OTMS - INFO - Reflecting table 'audit_log' from flex database...
2025-12-05 18:51:19 - OTMS - INFO - Successfully created model for table 'audit_log' from flex database
2025-12-05 18:51:19 - OTMS - INFO - Successfully loaded custom table model for 'audit_log'
2025-12-05 18:51:19 - OTMS - INFO - Retrieved 11 columns for data source 'audit_log'
2025-12-05 18:51:19 - OTMS - INFO - Attempting to load custom table 'audit_log'
2025-12-05 18:51:19 - OTMS - INFO - Reflecting table 'audit_log' from flex database...
2025-12-05 18:51:19 - OTMS - INFO - Successfully created model for table 'audit_log' from flex database
2025-12-05 18:51:19 - OTMS - INFO - Successfully loaded custom table model for 'audit_log'
2025-12-05 18:51:19 - OTMS - INFO - Retrieved 11 columns for data source 'audit_log'
2025-12-05 18:51:19 - OTMS - INFO - Attempting to load custom table 'audit_log'
2025-12-05 18:51:19 - OTMS - INFO - Reflecting table 'audit_log' from flex database...
2025-12-05 18:51:19 - OTMS - INFO - Successfully created model for table 'audit_log' from flex database
2025-12-05 18:51:19 - OTMS - INFO - Successfully loaded custom table model for 'audit_log'
2025-12-05 18:51:19 - OTMS - INFO - Retrieved 11 columns for data source 'audit_log'
2025-12-05 18:51:19 - OTMS - INFO - Attempting to load custom table 'audit_log'
2025-12-05 18:51:19 - OTMS - INFO - Reflecting table 'audit_log' from flex database...
2025-12-05 18:51:19 - OTMS - INFO - Successfully created model for table 'audit_log' from flex database
2025-12-05 18:51:19 - OTMS - INFO - Successfully loaded custom table model for 'audit_log'
2025-12-05 18:51:19 - OTMS - INFO - Retrieved 11 columns for data source 'audit_log'
2025-12-05 18:51:19 - OTMS - INFO - Attempting to load custom table 'audit_log'
2025-12-05 18:51:19 - OTMS - INFO - Reflecting table 'audit_log' from flex database...
2025-12-05 18:51:19 - OTMS - INFO - Successfully created model for table 'audit_log' from flex database
2025-12-05 18:51:19 - OTMS - INFO - Successfully loaded custom table model for 'audit_log'
2025-12-05 18:51:19 - OTMS - INFO - Retrieved 11 columns for data source 'audit_log'
2025-12-05 18:51:19 - OTMS - INFO - Attempting to load custom table 'audit_log'
2025-12-05 18:51:19 - OTMS - INFO - Reflecting table 'audit_log' from flex database...
2025-12-05 18:51:19 - OTMS - INFO - Successfully created model for table 'audit_log' from flex database
2025-12-05 18:51:19 - OTMS - INFO - Successfully loaded custom table model for 'audit_log'
2025-12-05 18:51:19 - OTMS - INFO - Retrieved 11 columns for data source 'audit_log'
2025-12-05 18:51:19 - OTMS - INFO - Loaded 68 tables from primary database
2025-12-05 18:51:19 - OTMS - INFO - Loaded 68 tables from flexible database
2025-12-05 18:51:19 - OTMS - INFO - Added 0 additional custom tables from location_config
2025-12-05 18:51:19 - OTMS - INFO - Attempting to load custom table 'audit_log'
2025-12-05 18:51:19 - OTMS - INFO - Reflecting table 'audit_log' from flex database...
2025-12-05 18:51:19 - OTMS - INFO - Successfully created model for table 'audit_log' from flex database
2025-12-05 18:51:19 - OTMS - INFO - Successfully loaded custom table model for 'audit_log'
2025-12-05 18:51:19 - OTMS - INFO - Retrieved 11 columns for data source 'audit_log'
2025-12-05 18:51:19 - OTMS - INFO - Attempting to load custom table 'audit_log'
2025-12-05 18:51:19 - OTMS - INFO - Reflecting table 'audit_log' from flex database...
2025-12-05 18:51:19 - OTMS - INFO - Successfully created model for table 'audit_log' from flex database
2025-12-05 18:51:19 - OTMS - INFO - Successfully loaded custom table model for 'audit_log'
2025-12-05 18:51:19 - OTMS - INFO - Retrieved 11 columns for data source 'audit_log'
2025-12-05 18:51:19 - OTMS - INFO - Attempting to load custom table 'audit_log'
2025-12-05 18:51:19 - OTMS - INFO - Reflecting table 'audit_log' from flex database...
2025-12-05 18:51:19 - OTMS - INFO - Successfully created model for table 'audit_log' from flex database
2025-12-05 18:51:19 - OTMS - INFO - Successfully loaded custom table model for 'audit_log'
2025-12-05 18:51:19 - OTMS - INFO - Retrieved 11 columns for data source 'audit_log'
2025-12-05 18:51:19 - OTMS - INFO - Attempting to load custom table 'audit_log'
2025-12-05 18:51:19 - OTMS - INFO - Reflecting table 'audit_log' from flex database...
2025-12-05 18:51:19 - OTMS - INFO - Successfully created model for table 'audit_log' from flex database
2025-12-05 18:51:19 - OTMS - INFO - Successfully loaded custom table model for 'audit_log'
2025-12-05 18:51:19 - OTMS - INFO - Retrieved 11 columns for data source 'audit_log'
2025-12-05 18:51:19 - OTMS - INFO - Attempting to load custom table 'audit_log'
2025-12-05 18:51:19 - OTMS - INFO - Reflecting table 'audit_log' from flex database...
2025-12-05 18:51:19 - OTMS - INFO - Successfully created model for table 'audit_log' from flex database
2025-12-05 18:51:19 - OTMS - INFO - Successfully loaded custom table model for 'audit_log'
2025-12-05 18:51:19 - OTMS - INFO - Retrieved 11 columns for data source 'audit_log'
2025-12-05 18:51:19 - OTMS - INFO - Attempting to load custom table 'audit_log'
2025-12-05 18:51:19 - OTMS - INFO - Reflecting table 'audit_log' from flex database...
2025-12-05 18:51:19 - OTMS - INFO - Successfully created model for table 'audit_log' from flex database
2025-12-05 18:51:19 - OTMS - INFO - Successfully loaded custom table model for 'audit_log'
2025-12-05 18:51:19 - OTMS - INFO - Retrieved 11 columns for data source 'audit_log'
2025-12-05 18:51:21 - OTMS - INFO - Loaded 68 tables from primary database
2025-12-05 18:51:21 - OTMS - INFO - Loaded 68 tables from flexible database
2025-12-05 18:51:21 - OTMS - INFO - Added 0 additional custom tables from location_config
2025-12-05 18:51:21 - OTMS - INFO - Attempting to load custom table 'audit_log'
2025-12-05 18:51:21 - OTMS - INFO - Reflecting table 'audit_log' from flex database...
2025-12-05 18:51:21 - OTMS - INFO - Successfully created model for table 'audit_log' from flex database
2025-12-05 18:51:21 - OTMS - INFO - Successfully loaded custom table model for 'audit_log'
2025-12-05 18:51:21 - OTMS - INFO - Retrieved 11 columns for data source 'audit_log'
2025-12-05 18:51:21 - OTMS - INFO - Attempting to load custom table 'audit_log'
2025-12-05 18:51:21 - OTMS - INFO - Reflecting table 'audit_log' from flex database...
2025-12-05 18:51:21 - OTMS - INFO - Successfully created model for table 'audit_log' from flex database
2025-12-05 18:51:21 - OTMS - INFO - Successfully loaded custom table model for 'audit_log'
2025-12-05 18:51:21 - OTMS - INFO - Retrieved 11 columns for data source 'audit_log'
2025-12-05 18:51:21 - OTMS - INFO - Attempting to load custom table 'audit_log'
2025-12-05 18:51:21 - OTMS - INFO - Reflecting table 'audit_log' from flex database...
2025-12-05 18:51:21 - OTMS - INFO - Successfully created model for table 'audit_log' from flex database
2025-12-05 18:51:21 - OTMS - INFO - Successfully loaded custom table model for 'audit_log'
2025-12-05 18:51:21 - OTMS - INFO - Retrieved 11 columns for data source 'audit_log'
2025-12-05 18:51:21 - OTMS - INFO - Attempting to load custom table 'audit_log'
2025-12-05 18:51:21 - OTMS - INFO - Reflecting table 'audit_log' from flex database...
2025-12-05 18:51:21 - OTMS - INFO - Successfully created model for table 'audit_log' from flex database
2025-12-05 18:51:21 - OTMS - INFO - Successfully loaded custom table model for 'audit_log'
2025-12-05 18:51:21 - OTMS - INFO - Retrieved 11 columns for data source 'audit_log'
2025-12-05 18:51:21 - OTMS - INFO - Attempting to load custom table 'audit_log'
2025-12-05 18:51:21 - OTMS - INFO - Reflecting table 'audit_log' from flex database...
2025-12-05 18:51:21 - OTMS - INFO - Successfully created model for table 'audit_log' from flex database
2025-12-05 18:51:21 - OTMS - INFO - Successfully loaded custom table model for 'audit_log'
2025-12-05 18:51:21 - OTMS - INFO - Retrieved 11 columns for data source 'audit_log'
2025-12-05 18:51:21 - OTMS - INFO - Attempting to load custom table 'audit_log'
2025-12-05 18:51:21 - OTMS - INFO - Reflecting table 'audit_log' from flex database...
2025-12-05 18:51:21 - OTMS - INFO - Successfully created model for table 'audit_log' from flex database
2025-12-05 18:51:21 - OTMS - INFO - Successfully loaded custom table model for 'audit_log'
2025-12-05 18:51:21 - OTMS - INFO - Retrieved 11 columns for data source 'audit_log'
2025-12-05 18:51:22 - OTMS - INFO - Loaded 68 tables from primary database
2025-12-05 18:51:22 - OTMS - INFO - Loaded 68 tables from flexible database
2025-12-05 18:51:22 - OTMS - INFO - Added 0 additional custom tables from location_config
2025-12-05 18:51:22 - OTMS - INFO - Attempting to load custom table 'audit_log'
2025-12-05 18:51:22 - OTMS - INFO - Reflecting table 'audit_log' from flex database...
2025-12-05 18:51:22 - OTMS - INFO - Successfully created model for table 'audit_log' from flex database
2025-12-05 18:51:22 - OTMS - INFO - Successfully loaded custom table model for 'audit_log'
2025-12-05 18:51:22 - OTMS - INFO - Retrieved 11 columns for data source 'audit_log'
2025-12-05 18:51:22 - OTMS - INFO - Attempting to load custom table 'audit_log'
2025-12-05 18:51:22 - OTMS - INFO - Reflecting table 'audit_log' from flex database...
2025-12-05 18:51:22 - OTMS - INFO - Successfully created model for table 'audit_log' from flex database
2025-12-05 18:51:22 - OTMS - INFO - Successfully loaded custom table model for 'audit_log'
2025-12-05 18:51:22 - OTMS - INFO - Retrieved 11 columns for data source 'audit_log'
2025-12-05 18:51:22 - OTMS - INFO - Attempting to load custom table 'audit_log'
2025-12-05 18:51:22 - OTMS - INFO - Reflecting table 'audit_log' from flex database...
2025-12-05 18:51:22 - OTMS - INFO - Successfully created model for table 'audit_log' from flex database
2025-12-05 18:51:22 - OTMS - INFO - Successfully loaded custom table model for 'audit_log'
2025-12-05 18:51:22 - OTMS - INFO - Retrieved 11 columns for data source 'audit_log'
2025-12-05 18:51:22 - OTMS - INFO - Attempting to load custom table 'audit_log'
2025-12-05 18:51:22 - OTMS - INFO - Reflecting table 'audit_log' from flex database...
2025-12-05 18:51:22 - OTMS - INFO - Successfully created model for table 'audit_log' from flex database
2025-12-05 18:51:22 - OTMS - INFO - Successfully loaded custom table model for 'audit_log'
2025-12-05 18:51:22 - OTMS - INFO - Retrieved 11 columns for data source 'audit_log'
2025-12-05 18:51:22 - OTMS - INFO - Attempting to load custom table 'audit_log'
2025-12-05 18:51:22 - OTMS - INFO - Reflecting table 'audit_log' from flex database...
2025-12-05 18:51:22 - OTMS - INFO - Successfully created model for table 'audit_log' from flex database
2025-12-05 18:51:22 - OTMS - INFO - Successfully loaded custom table model for 'audit_log'
2025-12-05 18:51:22 - OTMS - INFO - Retrieved 11 columns for data source 'audit_log'
2025-12-05 18:51:22 - OTMS - INFO - Attempting to load custom table 'audit_log'
2025-12-05 18:51:22 - OTMS - INFO - Reflecting table 'audit_log' from flex database...
2025-12-05 18:51:22 - OTMS - INFO - Successfully created model for table 'audit_log' from flex database
2025-12-05 18:51:22 - OTMS - INFO - Successfully loaded custom table model for 'audit_log'
2025-12-05 18:51:22 - OTMS - INFO - Retrieved 11 columns for data source 'audit_log'
2025-12-05 18:51:26 - OTMS - INFO - Loaded 68 tables from primary database
2025-12-05 18:51:26 - OTMS - INFO - Loaded 68 tables from flexible database
2025-12-05 18:51:26 - OTMS - INFO - Added 0 additional custom tables from location_config
2025-12-05 18:51:26 - OTMS - INFO - Attempting to load custom table 'audit_log'
2025-12-05 18:51:26 - OTMS - INFO - Reflecting table 'audit_log' from flex database...
2025-12-05 18:51:26 - OTMS - INFO - Successfully created model for table 'audit_log' from flex database
2025-12-05 18:51:26 - OTMS - INFO - Successfully loaded custom table model for 'audit_log'
2025-12-05 18:51:26 - OTMS - INFO - Retrieved 11 columns for data source 'audit_log'
2025-12-05 18:51:26 - OTMS - INFO - Attempting to load custom table 'audit_log'
2025-12-05 18:51:26 - OTMS - INFO - Reflecting table 'audit_log' from flex database...
2025-12-05 18:51:26 - OTMS - INFO - Successfully created model for table 'audit_log' from flex database
2025-12-05 18:51:26 - OTMS - INFO - Successfully loaded custom table model for 'audit_log'
2025-12-05 18:51:26 - OTMS - INFO - Retrieved 11 columns for data source 'audit_log'
2025-12-05 18:51:26 - OTMS - INFO - Attempting to load custom table 'audit_log'
2025-12-05 18:51:26 - OTMS - INFO - Reflecting table 'audit_log' from flex database...
2025-12-05 18:51:26 - OTMS - INFO - Successfully created model for table 'audit_log' from flex database
2025-12-05 18:51:26 - OTMS - INFO - Successfully loaded custom table model for 'audit_log'
2025-12-05 18:51:26 - OTMS - INFO - Retrieved 11 columns for data source 'audit_log'
2025-12-05 18:51:26 - OTMS - INFO - Attempting to load custom table 'audit_log'
2025-12-05 18:51:26 - OTMS - INFO - Reflecting table 'audit_log' from flex database...
2025-12-05 18:51:26 - OTMS - INFO - Successfully created model for table 'audit_log' from flex database
2025-12-05 18:51:26 - OTMS - INFO - Successfully loaded custom table model for 'audit_log'
2025-12-05 18:51:26 - OTMS - INFO - Retrieved 11 columns for data source 'audit_log'
2025-12-05 18:51:26 - OTMS - INFO - Attempting to load custom table 'audit_log'
2025-12-05 18:51:26 - OTMS - INFO - Reflecting table 'audit_log' from flex database...
2025-12-05 18:51:26 - OTMS - INFO - Successfully created model for table 'audit_log' from flex database
2025-12-05 18:51:26 - OTMS - INFO - Successfully loaded custom table model for 'audit_log'
2025-12-05 18:51:26 - OTMS - INFO - Retrieved 11 columns for data source 'audit_log'
2025-12-05 18:51:26 - OTMS - INFO - Attempting to load custom table 'audit_log'
2025-12-05 18:51:26 - OTMS - INFO - Reflecting table 'audit_log' from flex database...
2025-12-05 18:51:26 - OTMS - INFO - Successfully created model for table 'audit_log' from flex database
2025-12-05 18:51:26 - OTMS - INFO - Successfully loaded custom table model for 'audit_log'
2025-12-05 18:51:26 - OTMS - INFO - Retrieved 11 columns for data source 'audit_log'
2025-12-05 18:51:26 - OTMS - INFO - Loaded 68 tables from primary database
2025-12-05 18:51:26 - OTMS - INFO - Loaded 68 tables from flexible database
2025-12-05 18:51:26 - OTMS - INFO - Added 0 additional custom tables from location_config
2025-12-05 18:51:26 - OTMS - INFO - Attempting to load custom table 'audit_log'
2025-12-05 18:51:26 - OTMS - INFO - Reflecting table 'audit_log' from flex database...
2025-12-05 18:51:26 - OTMS - INFO - Successfully created model for table 'audit_log' from flex database
2025-12-05 18:51:26 - OTMS - INFO - Successfully loaded custom table model for 'audit_log'
2025-12-05 18:51:26 - OTMS - INFO - Retrieved 11 columns for data source 'audit_log'
2025-12-05 18:51:26 - OTMS - INFO - Attempting to load custom table 'audit_log'
2025-12-05 18:51:26 - OTMS - INFO - Reflecting table 'audit_log' from flex database...
2025-12-05 18:51:26 - OTMS - INFO - Successfully created model for table 'audit_log' from flex database
2025-12-05 18:51:26 - OTMS - INFO - Successfully loaded custom table model for 'audit_log'
2025-12-05 18:51:26 - OTMS - INFO - Retrieved 11 columns for data source 'audit_log'
2025-12-05 18:51:26 - OTMS - INFO - Attempting to load custom table 'audit_log'
2025-12-05 18:51:26 - OTMS - INFO - Reflecting table 'audit_log' from flex database...
2025-12-05 18:51:26 - OTMS - INFO - Successfully created model for table 'audit_log' from flex database
2025-12-05 18:51:26 - OTMS - INFO - Successfully loaded custom table model for 'audit_log'
2025-12-05 18:51:26 - OTMS - INFO - Retrieved 11 columns for data source 'audit_log'
2025-12-05 18:51:26 - OTMS - INFO - Attempting to load custom table 'audit_log'
2025-12-05 18:51:26 - OTMS - INFO - Reflecting table 'audit_log' from flex database...
2025-12-05 18:51:26 - OTMS - INFO - Successfully created model for table 'audit_log' from flex database
2025-12-05 18:51:26 - OTMS - INFO - Successfully loaded custom table model for 'audit_log'
2025-12-05 18:51:26 - OTMS - INFO - Retrieved 11 columns for data source 'audit_log'
2025-12-05 18:51:26 - OTMS - INFO - Attempting to load custom table 'audit_log'
2025-12-05 18:51:26 - OTMS - INFO - Reflecting table 'audit_log' from flex database...
2025-12-05 18:51:26 - OTMS - INFO - Successfully created model for table 'audit_log' from flex database
2025-12-05 18:51:26 - OTMS - INFO - Successfully loaded custom table model for 'audit_log'
2025-12-05 18:51:26 - OTMS - INFO - Retrieved 11 columns for data source 'audit_log'
2025-12-05 18:51:26 - OTMS - INFO - Attempting to load custom table 'audit_log'
2025-12-05 18:51:26 - OTMS - INFO - Reflecting table 'audit_log' from flex database...
2025-12-05 18:51:26 - OTMS - INFO - Successfully created model for table 'audit_log' from flex database
2025-12-05 18:51:26 - OTMS - INFO - Successfully loaded custom table model for 'audit_log'
2025-12-05 18:51:26 - OTMS - INFO - Retrieved 11 columns for data source 'audit_log'
2025-12-05 18:51:28 - OTMS - INFO - Loaded 68 tables from primary database
2025-12-05 18:51:28 - OTMS - INFO - Loaded 68 tables from flexible database
2025-12-05 18:51:28 - OTMS - INFO - Added 0 additional custom tables from location_config
2025-12-05 18:51:28 - OTMS - INFO - Attempting to load custom table 'audit_log'
2025-12-05 18:51:28 - OTMS - INFO - Reflecting table 'audit_log' from flex database...
2025-12-05 18:51:28 - OTMS - INFO - Successfully created model for table 'audit_log' from flex database
2025-12-05 18:51:28 - OTMS - INFO - Successfully loaded custom table model for 'audit_log'
2025-12-05 18:51:28 - OTMS - INFO - Retrieved 11 columns for data source 'audit_log'
2025-12-05 18:51:28 - OTMS - INFO - Attempting to load custom table 'audit_log'
2025-12-05 18:51:28 - OTMS - INFO - Reflecting table 'audit_log' from flex database...
2025-12-05 18:51:28 - OTMS - INFO - Successfully created model for table 'audit_log' from flex database
2025-12-05 18:51:28 - OTMS - INFO - Successfully loaded custom table model for 'audit_log'
2025-12-05 18:51:28 - OTMS - INFO - Retrieved 11 columns for data source 'audit_log'
2025-12-05 18:51:28 - OTMS - INFO - Attempting to load custom table 'audit_log'
2025-12-05 18:51:28 - OTMS - INFO - Reflecting table 'audit_log' from flex database...
2025-12-05 18:51:28 - OTMS - INFO - Successfully created model for table 'audit_log' from flex database
2025-12-05 18:51:28 - OTMS - INFO - Successfully loaded custom table model for 'audit_log'
2025-12-05 18:51:28 - OTMS - INFO - Retrieved 11 columns for data source 'audit_log'
2025-12-05 18:51:28 - OTMS - INFO - Attempting to load custom table 'audit_log'
2025-12-05 18:51:28 - OTMS - INFO - Reflecting table 'audit_log' from flex database...
2025-12-05 18:51:28 - OTMS - INFO - Successfully created model for table 'audit_log' from flex database
2025-12-05 18:51:28 - OTMS - INFO - Successfully loaded custom table model for 'audit_log'
2025-12-05 18:51:28 - OTMS - INFO - Retrieved 11 columns for data source 'audit_log'
2025-12-05 18:51:28 - OTMS - INFO - Attempting to load custom table 'audit_log'
2025-12-05 18:51:28 - OTMS - INFO - Reflecting table 'audit_log' from flex database...
2025-12-05 18:51:28 - OTMS - INFO - Successfully created model for table 'audit_log' from flex database
2025-12-05 18:51:28 - OTMS - INFO - Successfully loaded custom table model for 'audit_log'
2025-12-05 18:51:28 - OTMS - INFO - Retrieved 11 columns for data source 'audit_log'
2025-12-05 18:51:28 - OTMS - INFO - Attempting to load custom table 'audit_log'
2025-12-05 18:51:28 - OTMS - INFO - Reflecting table 'audit_log' from flex database...
2025-12-05 18:51:28 - OTMS - INFO - Successfully created model for table 'audit_log' from flex database
2025-12-05 18:51:28 - OTMS - INFO - Successfully loaded custom table model for 'audit_log'
2025-12-05 18:51:28 - OTMS - INFO - Retrieved 11 columns for data source 'audit_log'
2025-12-05 18:51:29 - OTMS - INFO - Loaded 68 tables from primary database
2025-12-05 18:51:29 - OTMS - INFO - Loaded 68 tables from flexible database
2025-12-05 18:51:29 - OTMS - INFO - Added 0 additional custom tables from location_config
2025-12-05 18:51:29 - OTMS - INFO - Attempting to load custom table 'audit_log'
2025-12-05 18:51:29 - OTMS - INFO - Reflecting table 'audit_log' from flex database...
2025-12-05 18:51:29 - OTMS - INFO - Successfully created model for table 'audit_log' from flex database
2025-12-05 18:51:29 - OTMS - INFO - Successfully loaded custom table model for 'audit_log'
2025-12-05 18:51:29 - OTMS - INFO - Retrieved 11 columns for data source 'audit_log'
2025-12-05 18:51:29 - OTMS - INFO - Attempting to load custom table 'audit_log'
2025-12-05 18:51:29 - OTMS - INFO - Reflecting table 'audit_log' from flex database...
2025-12-05 18:51:29 - OTMS - INFO - Successfully created model for table 'audit_log' from flex database
2025-12-05 18:51:29 - OTMS - INFO - Successfully loaded custom table model for 'audit_log'
2025-12-05 18:51:29 - OTMS - INFO - Retrieved 11 columns for data source 'audit_log'
2025-12-05 18:51:29 - OTMS - INFO - Attempting to load custom table 'audit_log'
2025-12-05 18:51:29 - OTMS - INFO - Reflecting table 'audit_log' from flex database...
2025-12-05 18:51:29 - OTMS - INFO - Successfully created model for table 'audit_log' from flex database
2025-12-05 18:51:29 - OTMS - INFO - Successfully loaded custom table model for 'audit_log'
2025-12-05 18:51:29 - OTMS - INFO - Retrieved 11 columns for data source 'audit_log'
2025-12-05 18:51:29 - OTMS - INFO - Attempting to load custom table 'audit_log'
2025-12-05 18:51:29 - OTMS - INFO - Reflecting table 'audit_log' from flex database...
2025-12-05 18:51:29 - OTMS - INFO - Successfully created model for table 'audit_log' from flex database
2025-12-05 18:51:29 - OTMS - INFO - Successfully loaded custom table model for 'audit_log'
2025-12-05 18:51:29 - OTMS - INFO - Retrieved 11 columns for data source 'audit_log'
2025-12-05 18:51:29 - OTMS - INFO - Attempting to load custom table 'audit_log'
2025-12-05 18:51:29 - OTMS - INFO - Reflecting table 'audit_log' from flex database...
2025-12-05 18:51:29 - OTMS - INFO - Successfully created model for table 'audit_log' from flex database
2025-12-05 18:51:29 - OTMS - INFO - Successfully loaded custom table model for 'audit_log'
2025-12-05 18:51:29 - OTMS - INFO - Retrieved 11 columns for data source 'audit_log'
2025-12-05 18:51:29 - OTMS - INFO - Attempting to load custom table 'audit_log'
2025-12-05 18:51:29 - OTMS - INFO - Reflecting table 'audit_log' from flex database...
2025-12-05 18:51:29 - OTMS - INFO - Successfully created model for table 'audit_log' from flex database
2025-12-05 18:51:29 - OTMS - INFO - Successfully loaded custom table model for 'audit_log'
2025-12-05 18:51:29 - OTMS - INFO - Retrieved 11 columns for data source 'audit_log'
2025-12-05 18:51:42 - OTMS - INFO - Loaded 68 tables from primary database
2025-12-05 18:51:42 - OTMS - INFO - Loaded 68 tables from flexible database
2025-12-05 18:51:42 - OTMS - INFO - Added 0 additional custom tables from location_config
2025-12-05 18:51:42 - OTMS - INFO - Attempting to load custom table 'audit_log'
2025-12-05 18:51:42 - OTMS - INFO - Reflecting table 'audit_log' from flex database...
2025-12-05 18:51:42 - OTMS - INFO - Successfully created model for table 'audit_log' from flex database
2025-12-05 18:51:42 - OTMS - INFO - Successfully loaded custom table model for 'audit_log'
2025-12-05 18:51:42 - OTMS - INFO - Retrieved 11 columns for data source 'audit_log'
2025-12-05 18:51:42 - OTMS - INFO - Attempting to load custom table 'audit_log'
2025-12-05 18:51:42 - OTMS - INFO - Reflecting table 'audit_log' from flex database...
2025-12-05 18:51:42 - OTMS - INFO - Successfully created model for table 'audit_log' from flex database
2025-12-05 18:51:42 - OTMS - INFO - Successfully loaded custom table model for 'audit_log'
2025-12-05 18:51:42 - OTMS - INFO - Retrieved 11 columns for data source 'audit_log'
2025-12-05 18:51:42 - OTMS - INFO - Attempting to load custom table 'audit_log'
2025-12-05 18:51:42 - OTMS - INFO - Reflecting table 'audit_log' from flex database...
2025-12-05 18:51:42 - OTMS - INFO - Successfully created model for table 'audit_log' from flex database
2025-12-05 18:51:42 - OTMS - INFO - Successfully loaded custom table model for 'audit_log'
2025-12-05 18:51:42 - OTMS - INFO - Retrieved 11 columns for data source 'audit_log'
2025-12-05 18:51:42 - OTMS - INFO - Attempting to load custom table 'audit_log'
2025-12-05 18:51:42 - OTMS - INFO - Reflecting table 'audit_log' from flex database...
2025-12-05 18:51:42 - OTMS - INFO - Successfully created model for table 'audit_log' from flex database
2025-12-05 18:51:42 - OTMS - INFO - Successfully loaded custom table model for 'audit_log'
2025-12-05 18:51:42 - OTMS - INFO - Retrieved 11 columns for data source 'audit_log'
2025-12-05 18:51:42 - OTMS - INFO - Attempting to load custom table 'audit_log'
2025-12-05 18:51:42 - OTMS - INFO - Reflecting table 'audit_log' from flex database...
2025-12-05 18:51:42 - OTMS - INFO - Successfully created model for table 'audit_log' from flex database
2025-12-05 18:51:42 - OTMS - INFO - Successfully loaded custom table model for 'audit_log'
2025-12-05 18:51:42 - OTMS - INFO - Retrieved 11 columns for data source 'audit_log'
2025-12-05 18:51:42 - OTMS - INFO - Attempting to load custom table 'audit_log'
2025-12-05 18:51:42 - OTMS - INFO - Reflecting table 'audit_log' from flex database...
2025-12-05 18:51:42 - OTMS - INFO - Successfully created model for table 'audit_log' from flex database
2025-12-05 18:51:42 - OTMS - INFO - Successfully loaded custom table model for 'audit_log'
2025-12-05 18:51:42 - OTMS - INFO - Retrieved 11 columns for data source 'audit_log'
2025-12-05 18:51:55 - OTMS - INFO - Loaded 68 tables from primary database
2025-12-05 18:51:55 - OTMS - INFO - Loaded 68 tables from flexible database
2025-12-05 18:51:55 - OTMS - INFO - Added 0 additional custom tables from location_config
2025-12-05 18:51:55 - OTMS - INFO - Attempting to load custom table 'audit_log'
2025-12-05 18:51:55 - OTMS - INFO - Reflecting table 'audit_log' from flex database...
2025-12-05 18:51:55 - OTMS - INFO - Successfully created model for table 'audit_log' from flex database
2025-12-05 18:51:55 - OTMS - INFO - Successfully loaded custom table model for 'audit_log'
2025-12-05 18:51:55 - OTMS - INFO - Retrieved 11 columns for data source 'audit_log'
2025-12-05 18:51:55 - OTMS - INFO - Attempting to load custom table 'audit_log'
2025-12-05 18:51:55 - OTMS - INFO - Reflecting table 'audit_log' from flex database...
2025-12-05 18:51:55 - OTMS - INFO - Successfully created model for table 'audit_log' from flex database
2025-12-05 18:51:55 - OTMS - INFO - Successfully loaded custom table model for 'audit_log'
2025-12-05 18:51:55 - OTMS - INFO - Retrieved 11 columns for data source 'audit_log'
2025-12-05 18:51:55 - OTMS - INFO - Attempting to load custom table 'audit_log'
2025-12-05 18:51:55 - OTMS - INFO - Reflecting table 'audit_log' from flex database...
2025-12-05 18:51:55 - OTMS - INFO - Successfully created model for table 'audit_log' from flex database
2025-12-05 18:51:55 - OTMS - INFO - Successfully loaded custom table model for 'audit_log'
2025-12-05 18:51:55 - OTMS - INFO - Retrieved 11 columns for data source 'audit_log'
2025-12-05 18:51:55 - OTMS - INFO - Attempting to load custom table 'audit_log'
2025-12-05 18:51:55 - OTMS - INFO - Reflecting table 'audit_log' from flex database...
2025-12-05 18:51:55 - OTMS - INFO - Successfully created model for table 'audit_log' from flex database
2025-12-05 18:51:55 - OTMS - INFO - Successfully loaded custom table model for 'audit_log'
2025-12-05 18:51:55 - OTMS - INFO - Retrieved 11 columns for data source 'audit_log'
2025-12-05 18:51:55 - OTMS - INFO - Attempting to load custom table 'audit_log'
2025-12-05 18:51:55 - OTMS - INFO - Reflecting table 'audit_log' from flex database...
2025-12-05 18:51:55 - OTMS - INFO - Successfully created model for table 'audit_log' from flex database
2025-12-05 18:51:55 - OTMS - INFO - Successfully loaded custom table model for 'audit_log'
2025-12-05 18:51:55 - OTMS - INFO - Retrieved 11 columns for data source 'audit_log'
2025-12-05 18:51:55 - OTMS - INFO - Attempting to load custom table 'audit_log'
2025-12-05 18:51:55 - OTMS - INFO - Reflecting table 'audit_log' from flex database...
2025-12-05 18:51:55 - OTMS - INFO - Successfully created model for table 'audit_log' from flex database
2025-12-05 18:51:55 - OTMS - INFO - Successfully loaded custom table model for 'audit_log'
2025-12-05 18:51:55 - OTMS - INFO - Retrieved 11 columns for data source 'audit_log'
2025-12-05 18:52:01 - OTMS - INFO - Loaded 68 tables from primary database
2025-12-05 18:52:01 - OTMS - INFO - Loaded 68 tables from flexible database
2025-12-05 18:52:01 - OTMS - INFO - Added 0 additional custom tables from location_config
2025-12-05 18:52:01 - OTMS - INFO - Attempting to load custom table 'yade_voyage'
2025-12-05 18:52:01 - OTMS - INFO - Reflecting table 'yade_voyage' from flex database...
2025-12-05 18:52:01 - OTMS - INFO - Successfully created model for table 'yade_voyage' from flex database
2025-12-05 18:52:01 - OTMS - INFO - Successfully loaded custom table model for 'yade_voyage'
2025-12-05 18:52:01 - OTMS - INFO - Retrieved 19 columns for data source 'yade_voyage'
2025-12-05 18:52:01 - OTMS - INFO - Attempting to load custom table 'audit_log'
2025-12-05 18:52:01 - OTMS - INFO - Reflecting table 'audit_log' from flex database...
2025-12-05 18:52:01 - OTMS - INFO - Successfully created model for table 'audit_log' from flex database
2025-12-05 18:52:01 - OTMS - INFO - Successfully loaded custom table model for 'audit_log'
2025-12-05 18:52:01 - OTMS - INFO - Retrieved 11 columns for data source 'audit_log'
2025-12-05 18:52:01 - OTMS - INFO - Attempting to load custom table 'audit_log'
2025-12-05 18:52:01 - OTMS - INFO - Reflecting table 'audit_log' from flex database...
2025-12-05 18:52:01 - OTMS - INFO - Successfully created model for table 'audit_log' from flex database
2025-12-05 18:52:01 - OTMS - INFO - Successfully loaded custom table model for 'audit_log'
2025-12-05 18:52:01 - OTMS - INFO - Retrieved 11 columns for data source 'audit_log'
2025-12-05 18:52:01 - OTMS - INFO - Attempting to load custom table 'audit_log'
2025-12-05 18:52:01 - OTMS - INFO - Reflecting table 'audit_log' from flex database...
2025-12-05 18:52:01 - OTMS - INFO - Successfully created model for table 'audit_log' from flex database
2025-12-05 18:52:01 - OTMS - INFO - Successfully loaded custom table model for 'audit_log'
2025-12-05 18:52:01 - OTMS - INFO - Retrieved 11 columns for data source 'audit_log'
2025-12-05 18:52:01 - OTMS - INFO - Attempting to load custom table 'audit_log'
2025-12-05 18:52:01 - OTMS - INFO - Reflecting table 'audit_log' from flex database...
2025-12-05 18:52:01 - OTMS - INFO - Successfully created model for table 'audit_log' from flex database
2025-12-05 18:52:01 - OTMS - INFO - Successfully loaded custom table model for 'audit_log'
2025-12-05 18:52:01 - OTMS - INFO - Retrieved 11 columns for data source 'audit_log'
2025-12-05 18:52:01 - OTMS - INFO - Attempting to load custom table 'audit_log'
2025-12-05 18:52:01 - OTMS - INFO - Reflecting table 'audit_log' from flex database...
2025-12-05 18:52:01 - OTMS - INFO - Successfully created model for table 'audit_log' from flex database
2025-12-05 18:52:01 - OTMS - INFO - Successfully loaded custom table model for 'audit_log'
2025-12-05 18:52:01 - OTMS - INFO - Retrieved 11 columns for data source 'audit_log'
2025-12-05 18:52:10 - OTMS - INFO - Loaded 68 tables from primary database
2025-12-05 18:52:10 - OTMS - INFO - Loaded 68 tables from flexible database
2025-12-05 18:52:10 - OTMS - INFO - Added 0 additional custom tables from location_config
2025-12-05 18:52:10 - OTMS - INFO - Attempting to load custom table 'yade_voyage'
2025-12-05 18:52:10 - OTMS - INFO - Reflecting table 'yade_voyage' from flex database...
2025-12-05 18:52:10 - OTMS - INFO - Successfully created model for table 'yade_voyage' from flex database
2025-12-05 18:52:10 - OTMS - INFO - Successfully loaded custom table model for 'yade_voyage'
2025-12-05 18:52:10 - OTMS - INFO - Retrieved 19 columns for data source 'yade_voyage'
2025-12-05 18:52:10 - OTMS - INFO - Attempting to load custom table 'toa_yade_summary'
2025-12-05 18:52:10 - OTMS - INFO - Reflecting table 'toa_yade_summary' from flex database...
2025-12-05 18:52:10 - OTMS - INFO - Successfully created model for table 'toa_yade_summary' from flex database
2025-12-05 18:52:10 - OTMS - INFO - Successfully loaded custom table model for 'toa_yade_summary'
2025-12-05 18:52:10 - OTMS - INFO - Retrieved 20 columns for data source 'toa_yade_summary'
2025-12-05 18:52:10 - OTMS - INFO - Attempting to load custom table 'audit_log'
2025-12-05 18:52:10 - OTMS - INFO - Reflecting table 'audit_log' from flex database...
2025-12-05 18:52:11 - OTMS - INFO - Successfully created model for table 'audit_log' from flex database
2025-12-05 18:52:11 - OTMS - INFO - Successfully loaded custom table model for 'audit_log'
2025-12-05 18:52:11 - OTMS - INFO - Retrieved 11 columns for data source 'audit_log'
2025-12-05 18:52:11 - OTMS - INFO - Attempting to load custom table 'audit_log'
2025-12-05 18:52:11 - OTMS - INFO - Reflecting table 'audit_log' from flex database...
2025-12-05 18:52:11 - OTMS - INFO - Successfully created model for table 'audit_log' from flex database
2025-12-05 18:52:11 - OTMS - INFO - Successfully loaded custom table model for 'audit_log'
2025-12-05 18:52:11 - OTMS - INFO - Retrieved 11 columns for data source 'audit_log'
2025-12-05 18:52:11 - OTMS - INFO - Attempting to load custom table 'audit_log'
2025-12-05 18:52:11 - OTMS - INFO - Reflecting table 'audit_log' from flex database...
2025-12-05 18:52:11 - OTMS - INFO - Successfully created model for table 'audit_log' from flex database
2025-12-05 18:52:11 - OTMS - INFO - Successfully loaded custom table model for 'audit_log'
2025-12-05 18:52:11 - OTMS - INFO - Retrieved 11 columns for data source 'audit_log'
2025-12-05 18:52:11 - OTMS - INFO - Attempting to load custom table 'audit_log'
2025-12-05 18:52:11 - OTMS - INFO - Reflecting table 'audit_log' from flex database...
2025-12-05 18:52:11 - OTMS - INFO - Successfully created model for table 'audit_log' from flex database
2025-12-05 18:52:11 - OTMS - INFO - Successfully loaded custom table model for 'audit_log'
2025-12-05 18:52:11 - OTMS - INFO - Retrieved 11 columns for data source 'audit_log'
2025-12-05 18:52:13 - OTMS - INFO - Loaded 68 tables from primary database
2025-12-05 18:52:13 - OTMS - INFO - Loaded 68 tables from flexible database
2025-12-05 18:52:13 - OTMS - INFO - Added 0 additional custom tables from location_config
2025-12-05 18:52:13 - OTMS - INFO - Attempting to load custom table 'yade_voyage'
2025-12-05 18:52:13 - OTMS - INFO - Reflecting table 'yade_voyage' from flex database...
2025-12-05 18:52:13 - OTMS - INFO - Successfully created model for table 'yade_voyage' from flex database
2025-12-05 18:52:13 - OTMS - INFO - Successfully loaded custom table model for 'yade_voyage'
2025-12-05 18:52:13 - OTMS - INFO - Retrieved 19 columns for data source 'yade_voyage'
2025-12-05 18:52:13 - OTMS - INFO - Attempting to load custom table 'toa_yade_summary'
2025-12-05 18:52:13 - OTMS - INFO - Reflecting table 'toa_yade_summary' from flex database...
2025-12-05 18:52:13 - OTMS - INFO - Successfully created model for table 'toa_yade_summary' from flex database
2025-12-05 18:52:13 - OTMS - INFO - Successfully loaded custom table model for 'toa_yade_summary'
2025-12-05 18:52:13 - OTMS - INFO - Retrieved 20 columns for data source 'toa_yade_summary'
2025-12-05 18:52:13 - OTMS - INFO - Attempting to load custom table 'audit_log'
2025-12-05 18:52:13 - OTMS - INFO - Reflecting table 'audit_log' from flex database...
2025-12-05 18:52:13 - OTMS - INFO - Successfully created model for table 'audit_log' from flex database
2025-12-05 18:52:13 - OTMS - INFO - Successfully loaded custom table model for 'audit_log'
2025-12-05 18:52:13 - OTMS - INFO - Retrieved 11 columns for data source 'audit_log'
2025-12-05 18:52:13 - OTMS - INFO - Attempting to load custom table 'audit_log'
2025-12-05 18:52:13 - OTMS - INFO - Reflecting table 'audit_log' from flex database...
2025-12-05 18:52:13 - OTMS - INFO - Successfully created model for table 'audit_log' from flex database
2025-12-05 18:52:13 - OTMS - INFO - Successfully loaded custom table model for 'audit_log'
2025-12-05 18:52:13 - OTMS - INFO - Retrieved 11 columns for data source 'audit_log'
2025-12-05 18:52:13 - OTMS - INFO - Attempting to load custom table 'audit_log'
2025-12-05 18:52:13 - OTMS - INFO - Reflecting table 'audit_log' from flex database...
2025-12-05 18:52:13 - OTMS - INFO - Successfully created model for table 'audit_log' from flex database
2025-12-05 18:52:13 - OTMS - INFO - Successfully loaded custom table model for 'audit_log'
2025-12-05 18:52:13 - OTMS - INFO - Retrieved 11 columns for data source 'audit_log'
2025-12-05 18:52:13 - OTMS - INFO - Attempting to load custom table 'audit_log'
2025-12-05 18:52:13 - OTMS - INFO - Reflecting table 'audit_log' from flex database...
2025-12-05 18:52:13 - OTMS - INFO - Successfully created model for table 'audit_log' from flex database
2025-12-05 18:52:13 - OTMS - INFO - Successfully loaded custom table model for 'audit_log'
2025-12-05 18:52:13 - OTMS - INFO - Retrieved 11 columns for data source 'audit_log'
2025-12-05 18:52:59 - OTMS - INFO - Loaded 68 tables from primary database
2025-12-05 18:52:59 - OTMS - INFO - Loaded 68 tables from flexible database
2025-12-05 18:52:59 - OTMS - INFO - Added 0 additional custom tables from location_config
2025-12-05 18:52:59 - OTMS - INFO - Attempting to load custom table 'yade_voyage'
2025-12-05 18:52:59 - OTMS - INFO - Reflecting table 'yade_voyage' from flex database...
2025-12-05 18:52:59 - OTMS - INFO - Successfully created model for table 'yade_voyage' from flex database
2025-12-05 18:52:59 - OTMS - INFO - Successfully loaded custom table model for 'yade_voyage'
2025-12-05 18:52:59 - OTMS - INFO - Retrieved 19 columns for data source 'yade_voyage'
2025-12-05 18:52:59 - OTMS - INFO - Attempting to load custom table 'toa_yade_summary'
2025-12-05 18:52:59 - OTMS - INFO - Reflecting table 'toa_yade_summary' from flex database...
2025-12-05 18:52:59 - OTMS - INFO - Successfully created model for table 'toa_yade_summary' from flex database
2025-12-05 18:52:59 - OTMS - INFO - Successfully loaded custom table model for 'toa_yade_summary'
2025-12-05 18:52:59 - OTMS - INFO - Retrieved 20 columns for data source 'toa_yade_summary'
2025-12-05 18:52:59 - OTMS - INFO - Attempting to load custom table 'audit_log'
2025-12-05 18:52:59 - OTMS - INFO - Reflecting table 'audit_log' from flex database...
2025-12-05 18:52:59 - OTMS - INFO - Successfully created model for table 'audit_log' from flex database
2025-12-05 18:52:59 - OTMS - INFO - Successfully loaded custom table model for 'audit_log'
2025-12-05 18:52:59 - OTMS - INFO - Retrieved 11 columns for data source 'audit_log'
2025-12-05 18:52:59 - OTMS - INFO - Attempting to load custom table 'audit_log'
2025-12-05 18:52:59 - OTMS - INFO - Reflecting table 'audit_log' from flex database...
2025-12-05 18:52:59 - OTMS - INFO - Successfully created model for table 'audit_log' from flex database
2025-12-05 18:52:59 - OTMS - INFO - Successfully loaded custom table model for 'audit_log'
2025-12-05 18:52:59 - OTMS - INFO - Retrieved 11 columns for data source 'audit_log'
2025-12-05 18:52:59 - OTMS - INFO - Attempting to load custom table 'audit_log'
2025-12-05 18:52:59 - OTMS - INFO - Reflecting table 'audit_log' from flex database...
2025-12-05 18:52:59 - OTMS - INFO - Successfully created model for table 'audit_log' from flex database
2025-12-05 18:52:59 - OTMS - INFO - Successfully loaded custom table model for 'audit_log'
2025-12-05 18:52:59 - OTMS - INFO - Retrieved 11 columns for data source 'audit_log'
2025-12-05 18:52:59 - OTMS - INFO - Attempting to load custom table 'audit_log'
2025-12-05 18:52:59 - OTMS - INFO - Reflecting table 'audit_log' from flex database...
2025-12-05 18:52:59 - OTMS - INFO - Successfully created model for table 'audit_log' from flex database
2025-12-05 18:52:59 - OTMS - INFO - Successfully loaded custom table model for 'audit_log'
2025-12-05 18:52:59 - OTMS - INFO - Retrieved 11 columns for data source 'audit_log'
2025-12-05 18:53:03 - OTMS - INFO - Loaded 68 tables from primary database
2025-12-05 18:53:03 - OTMS - INFO - Loaded 68 tables from flexible database
2025-12-05 18:53:03 - OTMS - INFO - Added 0 additional custom tables from location_config
2025-12-05 18:53:03 - OTMS - INFO - Attempting to load custom table 'yade_voyage'
2025-12-05 18:53:03 - OTMS - INFO - Reflecting table 'yade_voyage' from flex database...
2025-12-05 18:53:03 - OTMS - INFO - Successfully created model for table 'yade_voyage' from flex database
2025-12-05 18:53:03 - OTMS - INFO - Successfully loaded custom table model for 'yade_voyage'
2025-12-05 18:53:03 - OTMS - INFO - Retrieved 19 columns for data source 'yade_voyage'
2025-12-05 18:53:03 - OTMS - INFO - Attempting to load custom table 'toa_yade_summary'
2025-12-05 18:53:03 - OTMS - INFO - Reflecting table 'toa_yade_summary' from flex database...
2025-12-05 18:53:03 - OTMS - INFO - Successfully created model for table 'toa_yade_summary' from flex database
2025-12-05 18:53:03 - OTMS - INFO - Successfully loaded custom table model for 'toa_yade_summary'
2025-12-05 18:53:03 - OTMS - INFO - Retrieved 20 columns for data source 'toa_yade_summary'
2025-12-05 18:53:03 - OTMS - INFO - Attempting to load custom table 'audit_log'
2025-12-05 18:53:03 - OTMS - INFO - Reflecting table 'audit_log' from flex database...
2025-12-05 18:53:03 - OTMS - INFO - Successfully created model for table 'audit_log' from flex database
2025-12-05 18:53:03 - OTMS - INFO - Successfully loaded custom table model for 'audit_log'
2025-12-05 18:53:03 - OTMS - INFO - Retrieved 11 columns for data source 'audit_log'
2025-12-05 18:53:03 - OTMS - INFO - Attempting to load custom table 'audit_log'
2025-12-05 18:53:03 - OTMS - INFO - Reflecting table 'audit_log' from flex database...
2025-12-05 18:53:03 - OTMS - INFO - Successfully created model for table 'audit_log' from flex database
2025-12-05 18:53:03 - OTMS - INFO - Successfully loaded custom table model for 'audit_log'
2025-12-05 18:53:03 - OTMS - INFO - Retrieved 11 columns for data source 'audit_log'
2025-12-05 18:53:03 - OTMS - INFO - Attempting to load custom table 'audit_log'
2025-12-05 18:53:03 - OTMS - INFO - Reflecting table 'audit_log' from flex database...
2025-12-05 18:53:03 - OTMS - INFO - Successfully created model for table 'audit_log' from flex database
2025-12-05 18:53:03 - OTMS - INFO - Successfully loaded custom table model for 'audit_log'
2025-12-05 18:53:03 - OTMS - INFO - Retrieved 11 columns for data source 'audit_log'
2025-12-05 18:53:03 - OTMS - INFO - Attempting to load custom table 'audit_log'
2025-12-05 18:53:03 - OTMS - INFO - Reflecting table 'audit_log' from flex database...
2025-12-05 18:53:03 - OTMS - INFO - Successfully created model for table 'audit_log' from flex database
2025-12-05 18:53:03 - OTMS - INFO - Successfully loaded custom table model for 'audit_log'
2025-12-05 18:53:03 - OTMS - INFO - Retrieved 11 columns for data source 'audit_log'
2025-12-05 18:53:04 - OTMS - INFO - Loaded 68 tables from primary database
2025-12-05 18:53:04 - OTMS - INFO - Loaded 68 tables from flexible database
2025-12-05 18:53:04 - OTMS - INFO - Added 0 additional custom tables from location_config
2025-12-05 18:53:04 - OTMS - INFO - Attempting to load custom table 'yade_voyage'
2025-12-05 18:53:04 - OTMS - INFO - Reflecting table 'yade_voyage' from flex database...
2025-12-05 18:53:04 - OTMS - INFO - Successfully created model for table 'yade_voyage' from flex database
2025-12-05 18:53:04 - OTMS - INFO - Successfully loaded custom table model for 'yade_voyage'
2025-12-05 18:53:04 - OTMS - INFO - Retrieved 19 columns for data source 'yade_voyage'
2025-12-05 18:53:04 - OTMS - INFO - Attempting to load custom table 'toa_yade_summary'
2025-12-05 18:53:04 - OTMS - INFO - Reflecting table 'toa_yade_summary' from flex database...
2025-12-05 18:53:04 - OTMS - INFO - Successfully created model for table 'toa_yade_summary' from flex database
2025-12-05 18:53:04 - OTMS - INFO - Successfully loaded custom table model for 'toa_yade_summary'
2025-12-05 18:53:04 - OTMS - INFO - Retrieved 20 columns for data source 'toa_yade_summary'
2025-12-05 18:53:04 - OTMS - INFO - Attempting to load custom table 'audit_log'
2025-12-05 18:53:04 - OTMS - INFO - Reflecting table 'audit_log' from flex database...
2025-12-05 18:53:04 - OTMS - INFO - Successfully created model for table 'audit_log' from flex database
2025-12-05 18:53:04 - OTMS - INFO - Successfully loaded custom table model for 'audit_log'
2025-12-05 18:53:04 - OTMS - INFO - Retrieved 11 columns for data source 'audit_log'
2025-12-05 18:53:04 - OTMS - INFO - Attempting to load custom table 'audit_log'
2025-12-05 18:53:04 - OTMS - INFO - Reflecting table 'audit_log' from flex database...
2025-12-05 18:53:04 - OTMS - INFO - Successfully created model for table 'audit_log' from flex database
2025-12-05 18:53:04 - OTMS - INFO - Successfully loaded custom table model for 'audit_log'
2025-12-05 18:53:04 - OTMS - INFO - Retrieved 11 columns for data source 'audit_log'
2025-12-05 18:53:04 - OTMS - INFO - Attempting to load custom table 'audit_log'
2025-12-05 18:53:04 - OTMS - INFO - Reflecting table 'audit_log' from flex database...
2025-12-05 18:53:04 - OTMS - INFO - Successfully created model for table 'audit_log' from flex database
2025-12-05 18:53:04 - OTMS - INFO - Successfully loaded custom table model for 'audit_log'
2025-12-05 18:53:04 - OTMS - INFO - Retrieved 11 columns for data source 'audit_log'
2025-12-05 18:53:04 - OTMS - INFO - Attempting to load custom table 'audit_log'
2025-12-05 18:53:04 - OTMS - INFO - Reflecting table 'audit_log' from flex database...
2025-12-05 18:53:04 - OTMS - INFO - Successfully created model for table 'audit_log' from flex database
2025-12-05 18:53:04 - OTMS - INFO - Successfully loaded custom table model for 'audit_log'
2025-12-05 18:53:04 - OTMS - INFO - Retrieved 11 columns for data source 'audit_log'
2025-12-05 18:53:13 - OTMS - INFO - Loaded 68 tables from primary database
2025-12-05 18:53:13 - OTMS - INFO - Loaded 68 tables from flexible database
2025-12-05 18:53:13 - OTMS - INFO - Added 0 additional custom tables from location_config
2025-12-05 18:53:13 - OTMS - INFO - Attempting to load custom table 'yade_voyage'
2025-12-05 18:53:13 - OTMS - INFO - Reflecting table 'yade_voyage' from flex database...
2025-12-05 18:53:13 - OTMS - INFO - Successfully created model for table 'yade_voyage' from flex database
2025-12-05 18:53:13 - OTMS - INFO - Successfully loaded custom table model for 'yade_voyage'
2025-12-05 18:53:13 - OTMS - INFO - Retrieved 19 columns for data source 'yade_voyage'
2025-12-05 18:53:13 - OTMS - INFO - Attempting to load custom table 'toa_yade_summary'
2025-12-05 18:53:13 - OTMS - INFO - Reflecting table 'toa_yade_summary' from flex database...
2025-12-05 18:53:13 - OTMS - INFO - Successfully created model for table 'toa_yade_summary' from flex database
2025-12-05 18:53:13 - OTMS - INFO - Successfully loaded custom table model for 'toa_yade_summary'
2025-12-05 18:53:13 - OTMS - INFO - Retrieved 20 columns for data source 'toa_yade_summary'
2025-12-05 18:53:13 - OTMS - INFO - Attempting to load custom table 'audit_log'
2025-12-05 18:53:13 - OTMS - INFO - Reflecting table 'audit_log' from flex database...
2025-12-05 18:53:13 - OTMS - INFO - Successfully created model for table 'audit_log' from flex database
2025-12-05 18:53:13 - OTMS - INFO - Successfully loaded custom table model for 'audit_log'
2025-12-05 18:53:13 - OTMS - INFO - Retrieved 11 columns for data source 'audit_log'
2025-12-05 18:53:13 - OTMS - INFO - Attempting to load custom table 'audit_log'
2025-12-05 18:53:13 - OTMS - INFO - Reflecting table 'audit_log' from flex database...
2025-12-05 18:53:13 - OTMS - INFO - Successfully created model for table 'audit_log' from flex database
2025-12-05 18:53:13 - OTMS - INFO - Successfully loaded custom table model for 'audit_log'
2025-12-05 18:53:13 - OTMS - INFO - Retrieved 11 columns for data source 'audit_log'
2025-12-05 18:53:13 - OTMS - INFO - Attempting to load custom table 'audit_log'
2025-12-05 18:53:13 - OTMS - INFO - Reflecting table 'audit_log' from flex database...
2025-12-05 18:53:13 - OTMS - INFO - Successfully created model for table 'audit_log' from flex database
2025-12-05 18:53:13 - OTMS - INFO - Successfully loaded custom table model for 'audit_log'
2025-12-05 18:53:13 - OTMS - INFO - Retrieved 11 columns for data source 'audit_log'
2025-12-05 18:53:13 - OTMS - INFO - Attempting to load custom table 'audit_log'
2025-12-05 18:53:13 - OTMS - INFO - Reflecting table 'audit_log' from flex database...
2025-12-05 18:53:13 - OTMS - INFO - Successfully created model for table 'audit_log' from flex database
2025-12-05 18:53:13 - OTMS - INFO - Successfully loaded custom table model for 'audit_log'
2025-12-05 18:53:13 - OTMS - INFO - Retrieved 11 columns for data source 'audit_log'
2025-12-05 18:53:15 - OTMS - INFO - Loaded 68 tables from primary database
2025-12-05 18:53:15 - OTMS - INFO - Loaded 68 tables from flexible database
2025-12-05 18:53:15 - OTMS - INFO - Added 0 additional custom tables from location_config
2025-12-05 18:53:15 - OTMS - INFO - Attempting to load custom table 'yade_voyage'
2025-12-05 18:53:15 - OTMS - INFO - Reflecting table 'yade_voyage' from flex database...
2025-12-05 18:53:15 - OTMS - INFO - Successfully created model for table 'yade_voyage' from flex database
2025-12-05 18:53:15 - OTMS - INFO - Successfully loaded custom table model for 'yade_voyage'
2025-12-05 18:53:15 - OTMS - INFO - Retrieved 19 columns for data source 'yade_voyage'
2025-12-05 18:53:15 - OTMS - INFO - Attempting to load custom table 'toa_yade_summary'
2025-12-05 18:53:15 - OTMS - INFO - Reflecting table 'toa_yade_summary' from flex database...
2025-12-05 18:53:15 - OTMS - INFO - Successfully created model for table 'toa_yade_summary' from flex database
2025-12-05 18:53:15 - OTMS - INFO - Successfully loaded custom table model for 'toa_yade_summary'
2025-12-05 18:53:15 - OTMS - INFO - Retrieved 20 columns for data source 'toa_yade_summary'
2025-12-05 18:53:15 - OTMS - INFO - Attempting to load custom table 'audit_log'
2025-12-05 18:53:15 - OTMS - INFO - Reflecting table 'audit_log' from flex database...
2025-12-05 18:53:15 - OTMS - INFO - Successfully created model for table 'audit_log' from flex database
2025-12-05 18:53:15 - OTMS - INFO - Successfully loaded custom table model for 'audit_log'
2025-12-05 18:53:15 - OTMS - INFO - Retrieved 11 columns for data source 'audit_log'
2025-12-05 18:53:15 - OTMS - INFO - Attempting to load custom table 'audit_log'
2025-12-05 18:53:15 - OTMS - INFO - Reflecting table 'audit_log' from flex database...
2025-12-05 18:53:15 - OTMS - INFO - Successfully created model for table 'audit_log' from flex database
2025-12-05 18:53:15 - OTMS - INFO - Successfully loaded custom table model for 'audit_log'
2025-12-05 18:53:15 - OTMS - INFO - Retrieved 11 columns for data source 'audit_log'
2025-12-05 18:53:15 - OTMS - INFO - Attempting to load custom table 'audit_log'
2025-12-05 18:53:15 - OTMS - INFO - Reflecting table 'audit_log' from flex database...
2025-12-05 18:53:15 - OTMS - INFO - Successfully created model for table 'audit_log' from flex database
2025-12-05 18:53:15 - OTMS - INFO - Successfully loaded custom table model for 'audit_log'
2025-12-05 18:53:15 - OTMS - INFO - Retrieved 11 columns for data source 'audit_log'
2025-12-05 18:53:15 - OTMS - INFO - Attempting to load custom table 'audit_log'
2025-12-05 18:53:15 - OTMS - INFO - Reflecting table 'audit_log' from flex database...
2025-12-05 18:53:15 - OTMS - INFO - Successfully created model for table 'audit_log' from flex database
2025-12-05 18:53:15 - OTMS - INFO - Successfully loaded custom table model for 'audit_log'
2025-12-05 18:53:15 - OTMS - INFO - Retrieved 11 columns for data source 'audit_log'
2025-12-05 18:53:17 - OTMS - INFO - Loaded 68 tables from primary database
2025-12-05 18:53:17 - OTMS - INFO - Loaded 68 tables from flexible database
2025-12-05 18:53:17 - OTMS - INFO - Added 0 additional custom tables from location_config
2025-12-05 18:53:17 - OTMS - INFO - Attempting to load custom table 'yade_voyage'
2025-12-05 18:53:17 - OTMS - INFO - Reflecting table 'yade_voyage' from flex database...
2025-12-05 18:53:17 - OTMS - INFO - Successfully created model for table 'yade_voyage' from flex database
2025-12-05 18:53:17 - OTMS - INFO - Successfully loaded custom table model for 'yade_voyage'
2025-12-05 18:53:17 - OTMS - INFO - Retrieved 19 columns for data source 'yade_voyage'
2025-12-05 18:53:17 - OTMS - INFO - Attempting to load custom table 'toa_yade_summary'
2025-12-05 18:53:17 - OTMS - INFO - Reflecting table 'toa_yade_summary' from flex database...
2025-12-05 18:53:17 - OTMS - INFO - Successfully created model for table 'toa_yade_summary' from flex database
2025-12-05 18:53:17 - OTMS - INFO - Successfully loaded custom table model for 'toa_yade_summary'
2025-12-05 18:53:17 - OTMS - INFO - Retrieved 20 columns for data source 'toa_yade_summary'
2025-12-05 18:53:17 - OTMS - INFO - Attempting to load custom table 'audit_log'
2025-12-05 18:53:17 - OTMS - INFO - Reflecting table 'audit_log' from flex database...
2025-12-05 18:53:17 - OTMS - INFO - Successfully created model for table 'audit_log' from flex database
2025-12-05 18:53:17 - OTMS - INFO - Successfully loaded custom table model for 'audit_log'
2025-12-05 18:53:17 - OTMS - INFO - Retrieved 11 columns for data source 'audit_log'
2025-12-05 18:53:17 - OTMS - INFO - Attempting to load custom table 'audit_log'
2025-12-05 18:53:17 - OTMS - INFO - Reflecting table 'audit_log' from flex database...
2025-12-05 18:53:17 - OTMS - INFO - Successfully created model for table 'audit_log' from flex database
2025-12-05 18:53:17 - OTMS - INFO - Successfully loaded custom table model for 'audit_log'
2025-12-05 18:53:17 - OTMS - INFO - Retrieved 11 columns for data source 'audit_log'
2025-12-05 18:53:17 - OTMS - INFO - Attempting to load custom table 'audit_log'
2025-12-05 18:53:17 - OTMS - INFO - Reflecting table 'audit_log' from flex database...
2025-12-05 18:53:17 - OTMS - INFO - Successfully created model for table 'audit_log' from flex database
2025-12-05 18:53:17 - OTMS - INFO - Successfully loaded custom table model for 'audit_log'
2025-12-05 18:53:17 - OTMS - INFO - Retrieved 11 columns for data source 'audit_log'
2025-12-05 18:53:17 - OTMS - INFO - Attempting to load custom table 'audit_log'
2025-12-05 18:53:17 - OTMS - INFO - Reflecting table 'audit_log' from flex database...
2025-12-05 18:53:17 - OTMS - INFO - Successfully created model for table 'audit_log' from flex database
2025-12-05 18:53:17 - OTMS - INFO - Successfully loaded custom table model for 'audit_log'
2025-12-05 18:53:17 - OTMS - INFO - Retrieved 11 columns for data source 'audit_log'
2025-12-05 18:53:22 - OTMS - INFO - Loaded 68 tables from primary database
2025-12-05 18:53:22 - OTMS - INFO - Loaded 68 tables from flexible database
2025-12-05 18:53:22 - OTMS - INFO - Added 0 additional custom tables from location_config
2025-12-05 18:53:22 - OTMS - INFO - Attempting to load custom table 'yade_voyage'
2025-12-05 18:53:22 - OTMS - INFO - Reflecting table 'yade_voyage' from flex database...
2025-12-05 18:53:22 - OTMS - INFO - Successfully created model for table 'yade_voyage' from flex database
2025-12-05 18:53:22 - OTMS - INFO - Successfully loaded custom table model for 'yade_voyage'
2025-12-05 18:53:22 - OTMS - INFO - Retrieved 19 columns for data source 'yade_voyage'
2025-12-05 18:53:22 - OTMS - INFO - Attempting to load custom table 'toa_yade_summary'
2025-12-05 18:53:22 - OTMS - INFO - Reflecting table 'toa_yade_summary' from flex database...
2025-12-05 18:53:22 - OTMS - INFO - Successfully created model for table 'toa_yade_summary' from flex database
2025-12-05 18:53:22 - OTMS - INFO - Successfully loaded custom table model for 'toa_yade_summary'
2025-12-05 18:53:22 - OTMS - INFO - Retrieved 20 columns for data source 'toa_yade_summary'
2025-12-05 18:53:22 - OTMS - INFO - Attempting to load custom table 'yade_voyage'
2025-12-05 18:53:22 - OTMS - INFO - Reflecting table 'yade_voyage' from flex database...
2025-12-05 18:53:22 - OTMS - INFO - Successfully created model for table 'yade_voyage' from flex database
2025-12-05 18:53:22 - OTMS - INFO - Successfully loaded custom table model for 'yade_voyage'
2025-12-05 18:53:22 - OTMS - INFO - Retrieved 19 columns for data source 'yade_voyage'
2025-12-05 18:53:22 - OTMS - INFO - Attempting to load custom table 'audit_log'
2025-12-05 18:53:22 - OTMS - INFO - Reflecting table 'audit_log' from flex database...
2025-12-05 18:53:22 - OTMS - INFO - Successfully created model for table 'audit_log' from flex database
2025-12-05 18:53:22 - OTMS - INFO - Successfully loaded custom table model for 'audit_log'
2025-12-05 18:53:22 - OTMS - INFO - Retrieved 11 columns for data source 'audit_log'
2025-12-05 18:53:22 - OTMS - INFO - Attempting to load custom table 'audit_log'
2025-12-05 18:53:22 - OTMS - INFO - Reflecting table 'audit_log' from flex database...
2025-12-05 18:53:22 - OTMS - INFO - Successfully created model for table 'audit_log' from flex database
2025-12-05 18:53:22 - OTMS - INFO - Successfully loaded custom table model for 'audit_log'
2025-12-05 18:53:22 - OTMS - INFO - Retrieved 11 columns for data source 'audit_log'
2025-12-05 18:53:22 - OTMS - INFO - Attempting to load custom table 'audit_log'
2025-12-05 18:53:22 - OTMS - INFO - Reflecting table 'audit_log' from flex database...
2025-12-05 18:53:22 - OTMS - INFO - Successfully created model for table 'audit_log' from flex database
2025-12-05 18:53:22 - OTMS - INFO - Successfully loaded custom table model for 'audit_log'
2025-12-05 18:53:22 - OTMS - INFO - Retrieved 11 columns for data source 'audit_log'
2025-12-05 18:53:25 - OTMS - INFO - Loaded 68 tables from primary database
2025-12-05 18:53:25 - OTMS - INFO - Loaded 68 tables from flexible database
2025-12-05 18:53:25 - OTMS - INFO - Added 0 additional custom tables from location_config
2025-12-05 18:53:25 - OTMS - INFO - Attempting to load custom table 'yade_voyage'
2025-12-05 18:53:25 - OTMS - INFO - Reflecting table 'yade_voyage' from flex database...
2025-12-05 18:53:25 - OTMS - INFO - Successfully created model for table 'yade_voyage' from flex database
2025-12-05 18:53:25 - OTMS - INFO - Successfully loaded custom table model for 'yade_voyage'
2025-12-05 18:53:25 - OTMS - INFO - Retrieved 19 columns for data source 'yade_voyage'
2025-12-05 18:53:25 - OTMS - INFO - Attempting to load custom table 'toa_yade_summary'
2025-12-05 18:53:25 - OTMS - INFO - Reflecting table 'toa_yade_summary' from flex database...
2025-12-05 18:53:25 - OTMS - INFO - Successfully created model for table 'toa_yade_summary' from flex database
2025-12-05 18:53:25 - OTMS - INFO - Successfully loaded custom table model for 'toa_yade_summary'
2025-12-05 18:53:25 - OTMS - INFO - Retrieved 20 columns for data source 'toa_yade_summary'
2025-12-05 18:53:25 - OTMS - INFO - Attempting to load custom table 'yade_voyage'
2025-12-05 18:53:25 - OTMS - INFO - Reflecting table 'yade_voyage' from flex database...
2025-12-05 18:53:25 - OTMS - INFO - Successfully created model for table 'yade_voyage' from flex database
2025-12-05 18:53:25 - OTMS - INFO - Successfully loaded custom table model for 'yade_voyage'
2025-12-05 18:53:25 - OTMS - INFO - Retrieved 19 columns for data source 'yade_voyage'
2025-12-05 18:53:25 - OTMS - INFO - Attempting to load custom table 'audit_log'
2025-12-05 18:53:25 - OTMS - INFO - Reflecting table 'audit_log' from flex database...
2025-12-05 18:53:25 - OTMS - INFO - Successfully created model for table 'audit_log' from flex database
2025-12-05 18:53:25 - OTMS - INFO - Successfully loaded custom table model for 'audit_log'
2025-12-05 18:53:25 - OTMS - INFO - Retrieved 11 columns for data source 'audit_log'
2025-12-05 18:53:25 - OTMS - INFO - Attempting to load custom table 'audit_log'
2025-12-05 18:53:25 - OTMS - INFO - Reflecting table 'audit_log' from flex database...
2025-12-05 18:53:25 - OTMS - INFO - Successfully created model for table 'audit_log' from flex database
2025-12-05 18:53:25 - OTMS - INFO - Successfully loaded custom table model for 'audit_log'
2025-12-05 18:53:25 - OTMS - INFO - Retrieved 11 columns for data source 'audit_log'
2025-12-05 18:53:25 - OTMS - INFO - Attempting to load custom table 'audit_log'
2025-12-05 18:53:25 - OTMS - INFO - Reflecting table 'audit_log' from flex database...
2025-12-05 18:53:25 - OTMS - INFO - Successfully created model for table 'audit_log' from flex database
2025-12-05 18:53:25 - OTMS - INFO - Successfully loaded custom table model for 'audit_log'
2025-12-05 18:53:25 - OTMS - INFO - Retrieved 11 columns for data source 'audit_log'
2025-12-05 18:53:30 - OTMS - INFO - Loaded 68 tables from primary database
2025-12-05 18:53:30 - OTMS - INFO - Loaded 68 tables from flexible database
2025-12-05 18:53:30 - OTMS - INFO - Added 0 additional custom tables from location_config
2025-12-05 18:53:30 - OTMS - INFO - Attempting to load custom table 'yade_voyage'
2025-12-05 18:53:30 - OTMS - INFO - Reflecting table 'yade_voyage' from flex database...
2025-12-05 18:53:30 - OTMS - INFO - Successfully created model for table 'yade_voyage' from flex database
2025-12-05 18:53:30 - OTMS - INFO - Successfully loaded custom table model for 'yade_voyage'
2025-12-05 18:53:30 - OTMS - INFO - Retrieved 19 columns for data source 'yade_voyage'
2025-12-05 18:53:30 - OTMS - INFO - Attempting to load custom table 'toa_yade_summary'
2025-12-05 18:53:30 - OTMS - INFO - Reflecting table 'toa_yade_summary' from flex database...
2025-12-05 18:53:30 - OTMS - INFO - Successfully created model for table 'toa_yade_summary' from flex database
2025-12-05 18:53:30 - OTMS - INFO - Successfully loaded custom table model for 'toa_yade_summary'
2025-12-05 18:53:30 - OTMS - INFO - Retrieved 20 columns for data source 'toa_yade_summary'
2025-12-05 18:53:30 - OTMS - INFO - Attempting to load custom table 'yade_voyage'
2025-12-05 18:53:30 - OTMS - INFO - Reflecting table 'yade_voyage' from flex database...
2025-12-05 18:53:30 - OTMS - INFO - Successfully created model for table 'yade_voyage' from flex database
2025-12-05 18:53:30 - OTMS - INFO - Successfully loaded custom table model for 'yade_voyage'
2025-12-05 18:53:30 - OTMS - INFO - Retrieved 19 columns for data source 'yade_voyage'
2025-12-05 18:53:30 - OTMS - INFO - Attempting to load custom table 'audit_log'
2025-12-05 18:53:30 - OTMS - INFO - Reflecting table 'audit_log' from flex database...
2025-12-05 18:53:30 - OTMS - INFO - Successfully created model for table 'audit_log' from flex database
2025-12-05 18:53:30 - OTMS - INFO - Successfully loaded custom table model for 'audit_log'
2025-12-05 18:53:30 - OTMS - INFO - Retrieved 11 columns for data source 'audit_log'
2025-12-05 18:53:30 - OTMS - INFO - Attempting to load custom table 'audit_log'
2025-12-05 18:53:30 - OTMS - INFO - Reflecting table 'audit_log' from flex database...
2025-12-05 18:53:30 - OTMS - INFO - Successfully created model for table 'audit_log' from flex database
2025-12-05 18:53:30 - OTMS - INFO - Successfully loaded custom table model for 'audit_log'
2025-12-05 18:53:30 - OTMS - INFO - Retrieved 11 columns for data source 'audit_log'
2025-12-05 18:53:30 - OTMS - INFO - Attempting to load custom table 'audit_log'
2025-12-05 18:53:30 - OTMS - INFO - Reflecting table 'audit_log' from flex database...
2025-12-05 18:53:30 - OTMS - INFO - Successfully created model for table 'audit_log' from flex database
2025-12-05 18:53:30 - OTMS - INFO - Successfully loaded custom table model for 'audit_log'
2025-12-05 18:53:30 - OTMS - INFO - Retrieved 11 columns for data source 'audit_log'
2025-12-05 18:53:33 - OTMS - INFO - Loaded 68 tables from primary database
2025-12-05 18:53:33 - OTMS - INFO - Loaded 68 tables from flexible database
2025-12-05 18:53:33 - OTMS - INFO - Added 0 additional custom tables from location_config
2025-12-05 18:53:33 - OTMS - INFO - Attempting to load custom table 'yade_voyage'
2025-12-05 18:53:33 - OTMS - INFO - Reflecting table 'yade_voyage' from flex database...
2025-12-05 18:53:33 - OTMS - INFO - Successfully created model for table 'yade_voyage' from flex database
2025-12-05 18:53:33 - OTMS - INFO - Successfully loaded custom table model for 'yade_voyage'
2025-12-05 18:53:33 - OTMS - INFO - Retrieved 19 columns for data source 'yade_voyage'
2025-12-05 18:53:33 - OTMS - INFO - Attempting to load custom table 'toa_yade_summary'
2025-12-05 18:53:33 - OTMS - INFO - Reflecting table 'toa_yade_summary' from flex database...
2025-12-05 18:53:33 - OTMS - INFO - Successfully created model for table 'toa_yade_summary' from flex database
2025-12-05 18:53:33 - OTMS - INFO - Successfully loaded custom table model for 'toa_yade_summary'
2025-12-05 18:53:33 - OTMS - INFO - Retrieved 20 columns for data source 'toa_yade_summary'
2025-12-05 18:53:33 - OTMS - INFO - Attempting to load custom table 'yade_voyage'
2025-12-05 18:53:33 - OTMS - INFO - Reflecting table 'yade_voyage' from flex database...
2025-12-05 18:53:33 - OTMS - INFO - Successfully created model for table 'yade_voyage' from flex database
2025-12-05 18:53:33 - OTMS - INFO - Successfully loaded custom table model for 'yade_voyage'
2025-12-05 18:53:33 - OTMS - INFO - Retrieved 19 columns for data source 'yade_voyage'
2025-12-05 18:53:33 - OTMS - INFO - Attempting to load custom table 'audit_log'
2025-12-05 18:53:33 - OTMS - INFO - Reflecting table 'audit_log' from flex database...
2025-12-05 18:53:33 - OTMS - INFO - Successfully created model for table 'audit_log' from flex database
2025-12-05 18:53:33 - OTMS - INFO - Successfully loaded custom table model for 'audit_log'
2025-12-05 18:53:33 - OTMS - INFO - Retrieved 11 columns for data source 'audit_log'
2025-12-05 18:53:33 - OTMS - INFO - Attempting to load custom table 'audit_log'
2025-12-05 18:53:33 - OTMS - INFO - Reflecting table 'audit_log' from flex database...
2025-12-05 18:53:33 - OTMS - INFO - Successfully created model for table 'audit_log' from flex database
2025-12-05 18:53:33 - OTMS - INFO - Successfully loaded custom table model for 'audit_log'
2025-12-05 18:53:33 - OTMS - INFO - Retrieved 11 columns for data source 'audit_log'
2025-12-05 18:53:33 - OTMS - INFO - Attempting to load custom table 'audit_log'
2025-12-05 18:53:33 - OTMS - INFO - Reflecting table 'audit_log' from flex database...
2025-12-05 18:53:33 - OTMS - INFO - Successfully created model for table 'audit_log' from flex database
2025-12-05 18:53:33 - OTMS - INFO - Successfully loaded custom table model for 'audit_log'
2025-12-05 18:53:33 - OTMS - INFO - Retrieved 11 columns for data source 'audit_log'
2025-12-05 18:53:38 - OTMS - INFO - Loaded 68 tables from primary database
2025-12-05 18:53:38 - OTMS - INFO - Loaded 68 tables from flexible database
2025-12-05 18:53:38 - OTMS - INFO - Added 0 additional custom tables from location_config
2025-12-05 18:53:38 - OTMS - INFO - Attempting to load custom table 'yade_voyage'
2025-12-05 18:53:38 - OTMS - INFO - Reflecting table 'yade_voyage' from flex database...
2025-12-05 18:53:38 - OTMS - INFO - Successfully created model for table 'yade_voyage' from flex database
2025-12-05 18:53:38 - OTMS - INFO - Successfully loaded custom table model for 'yade_voyage'
2025-12-05 18:53:38 - OTMS - INFO - Retrieved 19 columns for data source 'yade_voyage'
2025-12-05 18:53:38 - OTMS - INFO - Attempting to load custom table 'toa_yade_summary'
2025-12-05 18:53:38 - OTMS - INFO - Reflecting table 'toa_yade_summary' from flex database...
2025-12-05 18:53:38 - OTMS - INFO - Successfully created model for table 'toa_yade_summary' from flex database
2025-12-05 18:53:38 - OTMS - INFO - Successfully loaded custom table model for 'toa_yade_summary'
2025-12-05 18:53:38 - OTMS - INFO - Retrieved 20 columns for data source 'toa_yade_summary'
2025-12-05 18:53:38 - OTMS - INFO - Attempting to load custom table 'yade_voyage'
2025-12-05 18:53:38 - OTMS - INFO - Reflecting table 'yade_voyage' from flex database...
2025-12-05 18:53:38 - OTMS - INFO - Successfully created model for table 'yade_voyage' from flex database
2025-12-05 18:53:38 - OTMS - INFO - Successfully loaded custom table model for 'yade_voyage'
2025-12-05 18:53:38 - OTMS - INFO - Retrieved 19 columns for data source 'yade_voyage'
2025-12-05 18:53:38 - OTMS - INFO - Attempting to load custom table 'yade_voyage'
2025-12-05 18:53:38 - OTMS - INFO - Reflecting table 'yade_voyage' from flex database...
2025-12-05 18:53:38 - OTMS - INFO - Successfully created model for table 'yade_voyage' from flex database
2025-12-05 18:53:38 - OTMS - INFO - Successfully loaded custom table model for 'yade_voyage'
2025-12-05 18:53:38 - OTMS - INFO - Retrieved 19 columns for data source 'yade_voyage'
2025-12-05 18:53:38 - OTMS - INFO - Attempting to load custom table 'audit_log'
2025-12-05 18:53:38 - OTMS - INFO - Reflecting table 'audit_log' from flex database...
2025-12-05 18:53:38 - OTMS - INFO - Successfully created model for table 'audit_log' from flex database
2025-12-05 18:53:38 - OTMS - INFO - Successfully loaded custom table model for 'audit_log'
2025-12-05 18:53:38 - OTMS - INFO - Retrieved 11 columns for data source 'audit_log'
2025-12-05 18:53:38 - OTMS - INFO - Attempting to load custom table 'audit_log'
2025-12-05 18:53:38 - OTMS - INFO - Reflecting table 'audit_log' from flex database...
2025-12-05 18:53:38 - OTMS - INFO - Successfully created model for table 'audit_log' from flex database
2025-12-05 18:53:38 - OTMS - INFO - Successfully loaded custom table model for 'audit_log'
2025-12-05 18:53:38 - OTMS - INFO - Retrieved 11 columns for data source 'audit_log'
2025-12-05 18:53:41 - OTMS - INFO - Loaded 68 tables from primary database
2025-12-05 18:53:41 - OTMS - INFO - Loaded 68 tables from flexible database
2025-12-05 18:53:41 - OTMS - INFO - Added 0 additional custom tables from location_config
2025-12-05 18:53:41 - OTMS - INFO - Attempting to load custom table 'yade_voyage'
2025-12-05 18:53:41 - OTMS - INFO - Reflecting table 'yade_voyage' from flex database...
2025-12-05 18:53:41 - OTMS - INFO - Successfully created model for table 'yade_voyage' from flex database
2025-12-05 18:53:41 - OTMS - INFO - Successfully loaded custom table model for 'yade_voyage'
2025-12-05 18:53:41 - OTMS - INFO - Retrieved 19 columns for data source 'yade_voyage'
2025-12-05 18:53:41 - OTMS - INFO - Attempting to load custom table 'toa_yade_summary'
2025-12-05 18:53:41 - OTMS - INFO - Reflecting table 'toa_yade_summary' from flex database...
2025-12-05 18:53:41 - OTMS - INFO - Successfully created model for table 'toa_yade_summary' from flex database
2025-12-05 18:53:41 - OTMS - INFO - Successfully loaded custom table model for 'toa_yade_summary'
2025-12-05 18:53:41 - OTMS - INFO - Retrieved 20 columns for data source 'toa_yade_summary'
2025-12-05 18:53:41 - OTMS - INFO - Attempting to load custom table 'yade_voyage'
2025-12-05 18:53:41 - OTMS - INFO - Reflecting table 'yade_voyage' from flex database...
2025-12-05 18:53:41 - OTMS - INFO - Successfully created model for table 'yade_voyage' from flex database
2025-12-05 18:53:41 - OTMS - INFO - Successfully loaded custom table model for 'yade_voyage'
2025-12-05 18:53:41 - OTMS - INFO - Retrieved 19 columns for data source 'yade_voyage'
2025-12-05 18:53:41 - OTMS - INFO - Attempting to load custom table 'yade_voyage'
2025-12-05 18:53:41 - OTMS - INFO - Reflecting table 'yade_voyage' from flex database...
2025-12-05 18:53:41 - OTMS - INFO - Successfully created model for table 'yade_voyage' from flex database
2025-12-05 18:53:41 - OTMS - INFO - Successfully loaded custom table model for 'yade_voyage'
2025-12-05 18:53:41 - OTMS - INFO - Retrieved 19 columns for data source 'yade_voyage'
2025-12-05 18:53:41 - OTMS - INFO - Attempting to load custom table 'audit_log'
2025-12-05 18:53:41 - OTMS - INFO - Reflecting table 'audit_log' from flex database...
2025-12-05 18:53:41 - OTMS - INFO - Successfully created model for table 'audit_log' from flex database
2025-12-05 18:53:41 - OTMS - INFO - Successfully loaded custom table model for 'audit_log'
2025-12-05 18:53:41 - OTMS - INFO - Retrieved 11 columns for data source 'audit_log'
2025-12-05 18:53:41 - OTMS - INFO - Attempting to load custom table 'audit_log'
2025-12-05 18:53:41 - OTMS - INFO - Reflecting table 'audit_log' from flex database...
2025-12-05 18:53:41 - OTMS - INFO - Successfully created model for table 'audit_log' from flex database
2025-12-05 18:53:41 - OTMS - INFO - Successfully loaded custom table model for 'audit_log'
2025-12-05 18:53:41 - OTMS - INFO - Retrieved 11 columns for data source 'audit_log'
2025-12-05 18:53:46 - OTMS - INFO - Loaded 68 tables from primary database
2025-12-05 18:53:46 - OTMS - INFO - Loaded 68 tables from flexible database
2025-12-05 18:53:46 - OTMS - INFO - Added 0 additional custom tables from location_config
2025-12-05 18:53:46 - OTMS - INFO - Attempting to load custom table 'yade_voyage'
2025-12-05 18:53:46 - OTMS - INFO - Reflecting table 'yade_voyage' from flex database...
2025-12-05 18:53:46 - OTMS - INFO - Successfully created model for table 'yade_voyage' from flex database
2025-12-05 18:53:46 - OTMS - INFO - Successfully loaded custom table model for 'yade_voyage'
2025-12-05 18:53:46 - OTMS - INFO - Retrieved 19 columns for data source 'yade_voyage'
2025-12-05 18:53:46 - OTMS - INFO - Attempting to load custom table 'toa_yade_summary'
2025-12-05 18:53:46 - OTMS - INFO - Reflecting table 'toa_yade_summary' from flex database...
2025-12-05 18:53:46 - OTMS - INFO - Successfully created model for table 'toa_yade_summary' from flex database
2025-12-05 18:53:46 - OTMS - INFO - Successfully loaded custom table model for 'toa_yade_summary'
2025-12-05 18:53:46 - OTMS - INFO - Retrieved 20 columns for data source 'toa_yade_summary'
2025-12-05 18:53:46 - OTMS - INFO - Attempting to load custom table 'yade_voyage'
2025-12-05 18:53:46 - OTMS - INFO - Reflecting table 'yade_voyage' from flex database...
2025-12-05 18:53:46 - OTMS - INFO - Successfully created model for table 'yade_voyage' from flex database
2025-12-05 18:53:46 - OTMS - INFO - Successfully loaded custom table model for 'yade_voyage'
2025-12-05 18:53:46 - OTMS - INFO - Retrieved 19 columns for data source 'yade_voyage'
2025-12-05 18:53:46 - OTMS - INFO - Attempting to load custom table 'yade_voyage'
2025-12-05 18:53:46 - OTMS - INFO - Reflecting table 'yade_voyage' from flex database...
2025-12-05 18:53:46 - OTMS - INFO - Successfully created model for table 'yade_voyage' from flex database
2025-12-05 18:53:46 - OTMS - INFO - Successfully loaded custom table model for 'yade_voyage'
2025-12-05 18:53:46 - OTMS - INFO - Retrieved 19 columns for data source 'yade_voyage'
2025-12-05 18:53:46 - OTMS - INFO - Attempting to load custom table 'audit_log'
2025-12-05 18:53:46 - OTMS - INFO - Reflecting table 'audit_log' from flex database...
2025-12-05 18:53:46 - OTMS - INFO - Successfully created model for table 'audit_log' from flex database
2025-12-05 18:53:46 - OTMS - INFO - Successfully loaded custom table model for 'audit_log'
2025-12-05 18:53:46 - OTMS - INFO - Retrieved 11 columns for data source 'audit_log'
2025-12-05 18:53:46 - OTMS - INFO - Attempting to load custom table 'audit_log'
2025-12-05 18:53:46 - OTMS - INFO - Reflecting table 'audit_log' from flex database...
2025-12-05 18:53:46 - OTMS - INFO - Successfully created model for table 'audit_log' from flex database
2025-12-05 18:53:46 - OTMS - INFO - Successfully loaded custom table model for 'audit_log'
2025-12-05 18:53:46 - OTMS - INFO - Retrieved 11 columns for data source 'audit_log'
2025-12-05 18:53:49 - OTMS - INFO - Loaded 68 tables from primary database
2025-12-05 18:53:49 - OTMS - INFO - Loaded 68 tables from flexible database
2025-12-05 18:53:49 - OTMS - INFO - Added 0 additional custom tables from location_config
2025-12-05 18:53:49 - OTMS - INFO - Attempting to load custom table 'yade_voyage'
2025-12-05 18:53:49 - OTMS - INFO - Reflecting table 'yade_voyage' from flex database...
2025-12-05 18:53:49 - OTMS - INFO - Successfully created model for table 'yade_voyage' from flex database
2025-12-05 18:53:49 - OTMS - INFO - Successfully loaded custom table model for 'yade_voyage'
2025-12-05 18:53:49 - OTMS - INFO - Retrieved 19 columns for data source 'yade_voyage'
2025-12-05 18:53:49 - OTMS - INFO - Attempting to load custom table 'toa_yade_summary'
2025-12-05 18:53:49 - OTMS - INFO - Reflecting table 'toa_yade_summary' from flex database...
2025-12-05 18:53:49 - OTMS - INFO - Successfully created model for table 'toa_yade_summary' from flex database
2025-12-05 18:53:49 - OTMS - INFO - Successfully loaded custom table model for 'toa_yade_summary'
2025-12-05 18:53:49 - OTMS - INFO - Retrieved 20 columns for data source 'toa_yade_summary'
2025-12-05 18:53:49 - OTMS - INFO - Attempting to load custom table 'yade_voyage'
2025-12-05 18:53:49 - OTMS - INFO - Reflecting table 'yade_voyage' from flex database...
2025-12-05 18:53:49 - OTMS - INFO - Successfully created model for table 'yade_voyage' from flex database
2025-12-05 18:53:49 - OTMS - INFO - Successfully loaded custom table model for 'yade_voyage'
2025-12-05 18:53:49 - OTMS - INFO - Retrieved 19 columns for data source 'yade_voyage'
2025-12-05 18:53:49 - OTMS - INFO - Attempting to load custom table 'yade_voyage'
2025-12-05 18:53:49 - OTMS - INFO - Reflecting table 'yade_voyage' from flex database...
2025-12-05 18:53:49 - OTMS - INFO - Successfully created model for table 'yade_voyage' from flex database
2025-12-05 18:53:49 - OTMS - INFO - Successfully loaded custom table model for 'yade_voyage'
2025-12-05 18:53:49 - OTMS - INFO - Retrieved 19 columns for data source 'yade_voyage'
2025-12-05 18:53:49 - OTMS - INFO - Attempting to load custom table 'audit_log'
2025-12-05 18:53:49 - OTMS - INFO - Reflecting table 'audit_log' from flex database...
2025-12-05 18:53:49 - OTMS - INFO - Successfully created model for table 'audit_log' from flex database
2025-12-05 18:53:49 - OTMS - INFO - Successfully loaded custom table model for 'audit_log'
2025-12-05 18:53:49 - OTMS - INFO - Retrieved 11 columns for data source 'audit_log'
2025-12-05 18:53:50 - OTMS - INFO - Attempting to load custom table 'audit_log'
2025-12-05 18:53:50 - OTMS - INFO - Reflecting table 'audit_log' from flex database...
2025-12-05 18:53:50 - OTMS - INFO - Successfully created model for table 'audit_log' from flex database
2025-12-05 18:53:50 - OTMS - INFO - Successfully loaded custom table model for 'audit_log'
2025-12-05 18:53:50 - OTMS - INFO - Retrieved 11 columns for data source 'audit_log'
2025-12-05 18:53:56 - OTMS - INFO - Loaded 68 tables from primary database
2025-12-05 18:53:56 - OTMS - INFO - Loaded 68 tables from flexible database
2025-12-05 18:53:56 - OTMS - INFO - Added 0 additional custom tables from location_config
2025-12-05 18:53:56 - OTMS - INFO - Attempting to load custom table 'yade_voyage'
2025-12-05 18:53:56 - OTMS - INFO - Reflecting table 'yade_voyage' from flex database...
2025-12-05 18:53:56 - OTMS - INFO - Successfully created model for table 'yade_voyage' from flex database
2025-12-05 18:53:56 - OTMS - INFO - Successfully loaded custom table model for 'yade_voyage'
2025-12-05 18:53:56 - OTMS - INFO - Retrieved 19 columns for data source 'yade_voyage'
2025-12-05 18:53:56 - OTMS - INFO - Attempting to load custom table 'toa_yade_summary'
2025-12-05 18:53:56 - OTMS - INFO - Reflecting table 'toa_yade_summary' from flex database...
2025-12-05 18:53:56 - OTMS - INFO - Successfully created model for table 'toa_yade_summary' from flex database
2025-12-05 18:53:56 - OTMS - INFO - Successfully loaded custom table model for 'toa_yade_summary'
2025-12-05 18:53:56 - OTMS - INFO - Retrieved 20 columns for data source 'toa_yade_summary'
2025-12-05 18:53:56 - OTMS - INFO - Attempting to load custom table 'yade_voyage'
2025-12-05 18:53:56 - OTMS - INFO - Reflecting table 'yade_voyage' from flex database...
2025-12-05 18:53:56 - OTMS - INFO - Successfully created model for table 'yade_voyage' from flex database
2025-12-05 18:53:56 - OTMS - INFO - Successfully loaded custom table model for 'yade_voyage'
2025-12-05 18:53:56 - OTMS - INFO - Retrieved 19 columns for data source 'yade_voyage'
2025-12-05 18:53:56 - OTMS - INFO - Attempting to load custom table 'yade_voyage'
2025-12-05 18:53:56 - OTMS - INFO - Reflecting table 'yade_voyage' from flex database...
2025-12-05 18:53:56 - OTMS - INFO - Successfully created model for table 'yade_voyage' from flex database
2025-12-05 18:53:56 - OTMS - INFO - Successfully loaded custom table model for 'yade_voyage'
2025-12-05 18:53:56 - OTMS - INFO - Retrieved 19 columns for data source 'yade_voyage'
2025-12-05 18:53:56 - OTMS - INFO - Attempting to load custom table 'yade_voyage'
2025-12-05 18:53:56 - OTMS - INFO - Reflecting table 'yade_voyage' from flex database...
2025-12-05 18:53:56 - OTMS - INFO - Successfully created model for table 'yade_voyage' from flex database
2025-12-05 18:53:56 - OTMS - INFO - Successfully loaded custom table model for 'yade_voyage'
2025-12-05 18:53:56 - OTMS - INFO - Retrieved 19 columns for data source 'yade_voyage'
2025-12-05 18:53:56 - OTMS - INFO - Attempting to load custom table 'audit_log'
2025-12-05 18:53:56 - OTMS - INFO - Reflecting table 'audit_log' from flex database...
2025-12-05 18:53:56 - OTMS - INFO - Successfully created model for table 'audit_log' from flex database
2025-12-05 18:53:56 - OTMS - INFO - Successfully loaded custom table model for 'audit_log'
2025-12-05 18:53:56 - OTMS - INFO - Retrieved 11 columns for data source 'audit_log'
2025-12-05 18:53:58 - OTMS - INFO - Loaded 68 tables from primary database
2025-12-05 18:53:58 - OTMS - INFO - Loaded 68 tables from flexible database
2025-12-05 18:53:58 - OTMS - INFO - Added 0 additional custom tables from location_config
2025-12-05 18:53:58 - OTMS - INFO - Attempting to load custom table 'yade_voyage'
2025-12-05 18:53:58 - OTMS - INFO - Reflecting table 'yade_voyage' from flex database...
2025-12-05 18:53:58 - OTMS - INFO - Successfully created model for table 'yade_voyage' from flex database
2025-12-05 18:53:58 - OTMS - INFO - Successfully loaded custom table model for 'yade_voyage'
2025-12-05 18:53:58 - OTMS - INFO - Retrieved 19 columns for data source 'yade_voyage'
2025-12-05 18:53:58 - OTMS - INFO - Attempting to load custom table 'toa_yade_summary'
2025-12-05 18:53:58 - OTMS - INFO - Reflecting table 'toa_yade_summary' from flex database...
2025-12-05 18:53:58 - OTMS - INFO - Successfully created model for table 'toa_yade_summary' from flex database
2025-12-05 18:53:58 - OTMS - INFO - Successfully loaded custom table model for 'toa_yade_summary'
2025-12-05 18:53:58 - OTMS - INFO - Retrieved 20 columns for data source 'toa_yade_summary'
2025-12-05 18:53:58 - OTMS - INFO - Attempting to load custom table 'yade_voyage'
2025-12-05 18:53:58 - OTMS - INFO - Reflecting table 'yade_voyage' from flex database...
2025-12-05 18:53:58 - OTMS - INFO - Successfully created model for table 'yade_voyage' from flex database
2025-12-05 18:53:58 - OTMS - INFO - Successfully loaded custom table model for 'yade_voyage'
2025-12-05 18:53:58 - OTMS - INFO - Retrieved 19 columns for data source 'yade_voyage'
2025-12-05 18:53:58 - OTMS - INFO - Attempting to load custom table 'yade_voyage'
2025-12-05 18:53:58 - OTMS - INFO - Reflecting table 'yade_voyage' from flex database...
2025-12-05 18:53:58 - OTMS - INFO - Successfully created model for table 'yade_voyage' from flex database
2025-12-05 18:53:58 - OTMS - INFO - Successfully loaded custom table model for 'yade_voyage'
2025-12-05 18:53:58 - OTMS - INFO - Retrieved 19 columns for data source 'yade_voyage'
2025-12-05 18:53:58 - OTMS - INFO - Attempting to load custom table 'yade_voyage'
2025-12-05 18:53:58 - OTMS - INFO - Reflecting table 'yade_voyage' from flex database...
2025-12-05 18:53:58 - OTMS - INFO - Successfully created model for table 'yade_voyage' from flex database
2025-12-05 18:53:58 - OTMS - INFO - Successfully loaded custom table model for 'yade_voyage'
2025-12-05 18:53:58 - OTMS - INFO - Retrieved 19 columns for data source 'yade_voyage'
2025-12-05 18:53:58 - OTMS - INFO - Attempting to load custom table 'audit_log'
2025-12-05 18:53:58 - OTMS - INFO - Reflecting table 'audit_log' from flex database...
2025-12-05 18:53:58 - OTMS - INFO - Successfully created model for table 'audit_log' from flex database
2025-12-05 18:53:58 - OTMS - INFO - Successfully loaded custom table model for 'audit_log'
2025-12-05 18:53:58 - OTMS - INFO - Retrieved 11 columns for data source 'audit_log'
2025-12-05 18:54:03 - OTMS - INFO - Loaded 68 tables from primary database
2025-12-05 18:54:03 - OTMS - INFO - Loaded 68 tables from flexible database
2025-12-05 18:54:03 - OTMS - INFO - Added 0 additional custom tables from location_config
2025-12-05 18:54:03 - OTMS - INFO - Attempting to load custom table 'yade_voyage'
2025-12-05 18:54:03 - OTMS - INFO - Reflecting table 'yade_voyage' from flex database...
2025-12-05 18:54:03 - OTMS - INFO - Successfully created model for table 'yade_voyage' from flex database
2025-12-05 18:54:03 - OTMS - INFO - Successfully loaded custom table model for 'yade_voyage'
2025-12-05 18:54:03 - OTMS - INFO - Retrieved 19 columns for data source 'yade_voyage'
2025-12-05 18:54:03 - OTMS - INFO - Attempting to load custom table 'toa_yade_summary'
2025-12-05 18:54:03 - OTMS - INFO - Reflecting table 'toa_yade_summary' from flex database...
2025-12-05 18:54:03 - OTMS - INFO - Successfully created model for table 'toa_yade_summary' from flex database
2025-12-05 18:54:03 - OTMS - INFO - Successfully loaded custom table model for 'toa_yade_summary'
2025-12-05 18:54:03 - OTMS - INFO - Retrieved 20 columns for data source 'toa_yade_summary'
2025-12-05 18:54:03 - OTMS - INFO - Attempting to load custom table 'yade_voyage'
2025-12-05 18:54:03 - OTMS - INFO - Reflecting table 'yade_voyage' from flex database...
2025-12-05 18:54:03 - OTMS - INFO - Successfully created model for table 'yade_voyage' from flex database
2025-12-05 18:54:03 - OTMS - INFO - Successfully loaded custom table model for 'yade_voyage'
2025-12-05 18:54:03 - OTMS - INFO - Retrieved 19 columns for data source 'yade_voyage'
2025-12-05 18:54:03 - OTMS - INFO - Attempting to load custom table 'yade_voyage'
2025-12-05 18:54:03 - OTMS - INFO - Reflecting table 'yade_voyage' from flex database...
2025-12-05 18:54:03 - OTMS - INFO - Successfully created model for table 'yade_voyage' from flex database
2025-12-05 18:54:03 - OTMS - INFO - Successfully loaded custom table model for 'yade_voyage'
2025-12-05 18:54:03 - OTMS - INFO - Retrieved 19 columns for data source 'yade_voyage'
2025-12-05 18:54:03 - OTMS - INFO - Attempting to load custom table 'yade_voyage'
2025-12-05 18:54:03 - OTMS - INFO - Reflecting table 'yade_voyage' from flex database...
2025-12-05 18:54:03 - OTMS - INFO - Successfully created model for table 'yade_voyage' from flex database
2025-12-05 18:54:03 - OTMS - INFO - Successfully loaded custom table model for 'yade_voyage'
2025-12-05 18:54:03 - OTMS - INFO - Retrieved 19 columns for data source 'yade_voyage'
2025-12-05 18:54:03 - OTMS - INFO - Attempting to load custom table 'audit_log'
2025-12-05 18:54:03 - OTMS - INFO - Reflecting table 'audit_log' from flex database...
2025-12-05 18:54:03 - OTMS - INFO - Successfully created model for table 'audit_log' from flex database
2025-12-05 18:54:03 - OTMS - INFO - Successfully loaded custom table model for 'audit_log'
2025-12-05 18:54:03 - OTMS - INFO - Retrieved 11 columns for data source 'audit_log'
2025-12-05 18:54:10 - OTMS - INFO - Loaded 68 tables from primary database
2025-12-05 18:54:10 - OTMS - INFO - Loaded 68 tables from flexible database
2025-12-05 18:54:10 - OTMS - INFO - Added 0 additional custom tables from location_config
2025-12-05 18:54:10 - OTMS - INFO - Attempting to load custom table 'yade_voyage'
2025-12-05 18:54:10 - OTMS - INFO - Reflecting table 'yade_voyage' from flex database...
2025-12-05 18:54:10 - OTMS - INFO - Successfully created model for table 'yade_voyage' from flex database
2025-12-05 18:54:10 - OTMS - INFO - Successfully loaded custom table model for 'yade_voyage'
2025-12-05 18:54:10 - OTMS - INFO - Retrieved 19 columns for data source 'yade_voyage'
2025-12-05 18:54:10 - OTMS - INFO - Attempting to load custom table 'toa_yade_summary'
2025-12-05 18:54:10 - OTMS - INFO - Reflecting table 'toa_yade_summary' from flex database...
2025-12-05 18:54:10 - OTMS - INFO - Successfully created model for table 'toa_yade_summary' from flex database
2025-12-05 18:54:10 - OTMS - INFO - Successfully loaded custom table model for 'toa_yade_summary'
2025-12-05 18:54:10 - OTMS - INFO - Retrieved 20 columns for data source 'toa_yade_summary'
2025-12-05 18:54:10 - OTMS - INFO - Attempting to load custom table 'yade_voyage'
2025-12-05 18:54:10 - OTMS - INFO - Reflecting table 'yade_voyage' from flex database...
2025-12-05 18:54:10 - OTMS - INFO - Successfully created model for table 'yade_voyage' from flex database
2025-12-05 18:54:10 - OTMS - INFO - Successfully loaded custom table model for 'yade_voyage'
2025-12-05 18:54:10 - OTMS - INFO - Retrieved 19 columns for data source 'yade_voyage'
2025-12-05 18:54:10 - OTMS - INFO - Attempting to load custom table 'yade_voyage'
2025-12-05 18:54:10 - OTMS - INFO - Reflecting table 'yade_voyage' from flex database...
2025-12-05 18:54:10 - OTMS - INFO - Successfully created model for table 'yade_voyage' from flex database
2025-12-05 18:54:10 - OTMS - INFO - Successfully loaded custom table model for 'yade_voyage'
2025-12-05 18:54:10 - OTMS - INFO - Retrieved 19 columns for data source 'yade_voyage'
2025-12-05 18:54:10 - OTMS - INFO - Attempting to load custom table 'yade_voyage'
2025-12-05 18:54:10 - OTMS - INFO - Reflecting table 'yade_voyage' from flex database...
2025-12-05 18:54:10 - OTMS - INFO - Successfully created model for table 'yade_voyage' from flex database
2025-12-05 18:54:10 - OTMS - INFO - Successfully loaded custom table model for 'yade_voyage'
2025-12-05 18:54:10 - OTMS - INFO - Retrieved 19 columns for data source 'yade_voyage'
2025-12-05 18:54:10 - OTMS - INFO - Attempting to load custom table 'audit_log'
2025-12-05 18:54:10 - OTMS - INFO - Reflecting table 'audit_log' from flex database...
2025-12-05 18:54:10 - OTMS - INFO - Successfully created model for table 'audit_log' from flex database
2025-12-05 18:54:10 - OTMS - INFO - Successfully loaded custom table model for 'audit_log'
2025-12-05 18:54:10 - OTMS - INFO - Retrieved 11 columns for data source 'audit_log'
2025-12-05 18:54:11 - OTMS - INFO - Loaded 68 tables from primary database
2025-12-05 18:54:11 - OTMS - INFO - Loaded 68 tables from flexible database
2025-12-05 18:54:11 - OTMS - INFO - Added 0 additional custom tables from location_config
2025-12-05 18:54:11 - OTMS - INFO - Attempting to load custom table 'yade_voyage'
2025-12-05 18:54:11 - OTMS - INFO - Reflecting table 'yade_voyage' from flex database...
2025-12-05 18:54:11 - OTMS - INFO - Successfully created model for table 'yade_voyage' from flex database
2025-12-05 18:54:11 - OTMS - INFO - Successfully loaded custom table model for 'yade_voyage'
2025-12-05 18:54:11 - OTMS - INFO - Retrieved 19 columns for data source 'yade_voyage'
2025-12-05 18:54:11 - OTMS - INFO - Attempting to load custom table 'toa_yade_summary'
2025-12-05 18:54:11 - OTMS - INFO - Reflecting table 'toa_yade_summary' from flex database...
2025-12-05 18:54:11 - OTMS - INFO - Successfully created model for table 'toa_yade_summary' from flex database
2025-12-05 18:54:11 - OTMS - INFO - Successfully loaded custom table model for 'toa_yade_summary'
2025-12-05 18:54:11 - OTMS - INFO - Retrieved 20 columns for data source 'toa_yade_summary'
2025-12-05 18:54:11 - OTMS - INFO - Attempting to load custom table 'yade_voyage'
2025-12-05 18:54:11 - OTMS - INFO - Reflecting table 'yade_voyage' from flex database...
2025-12-05 18:54:11 - OTMS - INFO - Successfully created model for table 'yade_voyage' from flex database
2025-12-05 18:54:11 - OTMS - INFO - Successfully loaded custom table model for 'yade_voyage'
2025-12-05 18:54:11 - OTMS - INFO - Retrieved 19 columns for data source 'yade_voyage'
2025-12-05 18:54:11 - OTMS - INFO - Attempting to load custom table 'yade_voyage'
2025-12-05 18:54:11 - OTMS - INFO - Reflecting table 'yade_voyage' from flex database...
2025-12-05 18:54:11 - OTMS - INFO - Successfully created model for table 'yade_voyage' from flex database
2025-12-05 18:54:11 - OTMS - INFO - Successfully loaded custom table model for 'yade_voyage'
2025-12-05 18:54:11 - OTMS - INFO - Retrieved 19 columns for data source 'yade_voyage'
2025-12-05 18:54:11 - OTMS - INFO - Attempting to load custom table 'yade_voyage'
2025-12-05 18:54:11 - OTMS - INFO - Reflecting table 'yade_voyage' from flex database...
2025-12-05 18:54:11 - OTMS - INFO - Successfully created model for table 'yade_voyage' from flex database
2025-12-05 18:54:11 - OTMS - INFO - Successfully loaded custom table model for 'yade_voyage'
2025-12-05 18:54:11 - OTMS - INFO - Retrieved 19 columns for data source 'yade_voyage'
2025-12-05 18:54:11 - OTMS - INFO - Attempting to load custom table 'audit_log'
2025-12-05 18:54:11 - OTMS - INFO - Reflecting table 'audit_log' from flex database...
2025-12-05 18:54:11 - OTMS - INFO - Successfully created model for table 'audit_log' from flex database
2025-12-05 18:54:11 - OTMS - INFO - Successfully loaded custom table model for 'audit_log'
2025-12-05 18:54:11 - OTMS - INFO - Retrieved 11 columns for data source 'audit_log'
2025-12-05 18:54:15 - OTMS - INFO - Loaded 68 tables from primary database
2025-12-05 18:54:15 - OTMS - INFO - Loaded 68 tables from flexible database
2025-12-05 18:54:15 - OTMS - INFO - Added 0 additional custom tables from location_config
2025-12-05 18:54:15 - OTMS - INFO - Attempting to load custom table 'yade_voyage'
2025-12-05 18:54:15 - OTMS - INFO - Reflecting table 'yade_voyage' from flex database...
2025-12-05 18:54:15 - OTMS - INFO - Successfully created model for table 'yade_voyage' from flex database
2025-12-05 18:54:15 - OTMS - INFO - Successfully loaded custom table model for 'yade_voyage'
2025-12-05 18:54:15 - OTMS - INFO - Retrieved 19 columns for data source 'yade_voyage'
2025-12-05 18:54:15 - OTMS - INFO - Attempting to load custom table 'toa_yade_summary'
2025-12-05 18:54:15 - OTMS - INFO - Reflecting table 'toa_yade_summary' from flex database...
2025-12-05 18:54:15 - OTMS - INFO - Successfully created model for table 'toa_yade_summary' from flex database
2025-12-05 18:54:15 - OTMS - INFO - Successfully loaded custom table model for 'toa_yade_summary'
2025-12-05 18:54:15 - OTMS - INFO - Retrieved 20 columns for data source 'toa_yade_summary'
2025-12-05 18:54:15 - OTMS - INFO - Attempting to load custom table 'yade_voyage'
2025-12-05 18:54:15 - OTMS - INFO - Reflecting table 'yade_voyage' from flex database...
2025-12-05 18:54:15 - OTMS - INFO - Successfully created model for table 'yade_voyage' from flex database
2025-12-05 18:54:15 - OTMS - INFO - Successfully loaded custom table model for 'yade_voyage'
2025-12-05 18:54:15 - OTMS - INFO - Retrieved 19 columns for data source 'yade_voyage'
2025-12-05 18:54:15 - OTMS - INFO - Attempting to load custom table 'yade_voyage'
2025-12-05 18:54:15 - OTMS - INFO - Reflecting table 'yade_voyage' from flex database...
2025-12-05 18:54:15 - OTMS - INFO - Successfully created model for table 'yade_voyage' from flex database
2025-12-05 18:54:15 - OTMS - INFO - Successfully loaded custom table model for 'yade_voyage'
2025-12-05 18:54:15 - OTMS - INFO - Retrieved 19 columns for data source 'yade_voyage'
2025-12-05 18:54:15 - OTMS - INFO - Attempting to load custom table 'yade_voyage'
2025-12-05 18:54:15 - OTMS - INFO - Reflecting table 'yade_voyage' from flex database...
2025-12-05 18:54:15 - OTMS - INFO - Successfully created model for table 'yade_voyage' from flex database
2025-12-05 18:54:15 - OTMS - INFO - Successfully loaded custom table model for 'yade_voyage'
2025-12-05 18:54:15 - OTMS - INFO - Retrieved 19 columns for data source 'yade_voyage'
2025-12-05 18:54:15 - OTMS - INFO - Attempting to load custom table 'toa_yade_summary'
2025-12-05 18:54:15 - OTMS - INFO - Reflecting table 'toa_yade_summary' from flex database...
2025-12-05 18:54:15 - OTMS - INFO - Successfully created model for table 'toa_yade_summary' from flex database
2025-12-05 18:54:15 - OTMS - INFO - Successfully loaded custom table model for 'toa_yade_summary'
2025-12-05 18:54:15 - OTMS - INFO - Retrieved 20 columns for data source 'toa_yade_summary'
2025-12-05 18:54:18 - OTMS - INFO - Loaded 68 tables from primary database
2025-12-05 18:54:18 - OTMS - INFO - Loaded 68 tables from flexible database
2025-12-05 18:54:18 - OTMS - INFO - Added 0 additional custom tables from location_config
2025-12-05 18:54:18 - OTMS - INFO - Attempting to load custom table 'yade_voyage'
2025-12-05 18:54:18 - OTMS - INFO - Reflecting table 'yade_voyage' from flex database...
2025-12-05 18:54:18 - OTMS - INFO - Successfully created model for table 'yade_voyage' from flex database
2025-12-05 18:54:18 - OTMS - INFO - Successfully loaded custom table model for 'yade_voyage'
2025-12-05 18:54:18 - OTMS - INFO - Retrieved 19 columns for data source 'yade_voyage'
2025-12-05 18:54:18 - OTMS - INFO - Attempting to load custom table 'toa_yade_summary'
2025-12-05 18:54:18 - OTMS - INFO - Reflecting table 'toa_yade_summary' from flex database...
2025-12-05 18:54:18 - OTMS - INFO - Successfully created model for table 'toa_yade_summary' from flex database
2025-12-05 18:54:18 - OTMS - INFO - Successfully loaded custom table model for 'toa_yade_summary'
2025-12-05 18:54:18 - OTMS - INFO - Retrieved 20 columns for data source 'toa_yade_summary'
2025-12-05 18:54:18 - OTMS - INFO - Attempting to load custom table 'yade_voyage'
2025-12-05 18:54:18 - OTMS - INFO - Reflecting table 'yade_voyage' from flex database...
2025-12-05 18:54:18 - OTMS - INFO - Successfully created model for table 'yade_voyage' from flex database
2025-12-05 18:54:18 - OTMS - INFO - Successfully loaded custom table model for 'yade_voyage'
2025-12-05 18:54:18 - OTMS - INFO - Retrieved 19 columns for data source 'yade_voyage'
2025-12-05 18:54:18 - OTMS - INFO - Attempting to load custom table 'yade_voyage'
2025-12-05 18:54:18 - OTMS - INFO - Reflecting table 'yade_voyage' from flex database...
2025-12-05 18:54:18 - OTMS - INFO - Successfully created model for table 'yade_voyage' from flex database
2025-12-05 18:54:18 - OTMS - INFO - Successfully loaded custom table model for 'yade_voyage'
2025-12-05 18:54:18 - OTMS - INFO - Retrieved 19 columns for data source 'yade_voyage'
2025-12-05 18:54:18 - OTMS - INFO - Attempting to load custom table 'yade_voyage'
2025-12-05 18:54:18 - OTMS - INFO - Reflecting table 'yade_voyage' from flex database...
2025-12-05 18:54:18 - OTMS - INFO - Successfully created model for table 'yade_voyage' from flex database
2025-12-05 18:54:18 - OTMS - INFO - Successfully loaded custom table model for 'yade_voyage'
2025-12-05 18:54:18 - OTMS - INFO - Retrieved 19 columns for data source 'yade_voyage'
2025-12-05 18:54:18 - OTMS - INFO - Attempting to load custom table 'toa_yade_summary'
2025-12-05 18:54:18 - OTMS - INFO - Reflecting table 'toa_yade_summary' from flex database...
2025-12-05 18:54:18 - OTMS - INFO - Successfully created model for table 'toa_yade_summary' from flex database
2025-12-05 18:54:18 - OTMS - INFO - Successfully loaded custom table model for 'toa_yade_summary'
2025-12-05 18:54:18 - OTMS - INFO - Retrieved 20 columns for data source 'toa_yade_summary'
2025-12-05 18:54:25 - OTMS - INFO - Loaded 68 tables from primary database
2025-12-05 18:54:25 - OTMS - INFO - Loaded 68 tables from flexible database
2025-12-05 18:54:25 - OTMS - INFO - Added 0 additional custom tables from location_config
2025-12-05 18:54:25 - OTMS - INFO - Attempting to load custom table 'yade_voyage'
2025-12-05 18:54:25 - OTMS - INFO - Reflecting table 'yade_voyage' from flex database...
2025-12-05 18:54:25 - OTMS - INFO - Successfully created model for table 'yade_voyage' from flex database
2025-12-05 18:54:25 - OTMS - INFO - Successfully loaded custom table model for 'yade_voyage'
2025-12-05 18:54:25 - OTMS - INFO - Retrieved 19 columns for data source 'yade_voyage'
2025-12-05 18:54:25 - OTMS - INFO - Attempting to load custom table 'toa_yade_summary'
2025-12-05 18:54:25 - OTMS - INFO - Reflecting table 'toa_yade_summary' from flex database...
2025-12-05 18:54:25 - OTMS - INFO - Successfully created model for table 'toa_yade_summary' from flex database
2025-12-05 18:54:25 - OTMS - INFO - Successfully loaded custom table model for 'toa_yade_summary'
2025-12-05 18:54:25 - OTMS - INFO - Retrieved 20 columns for data source 'toa_yade_summary'
2025-12-05 18:54:25 - OTMS - INFO - Attempting to load custom table 'yade_voyage'
2025-12-05 18:54:25 - OTMS - INFO - Reflecting table 'yade_voyage' from flex database...
2025-12-05 18:54:25 - OTMS - INFO - Successfully created model for table 'yade_voyage' from flex database
2025-12-05 18:54:25 - OTMS - INFO - Successfully loaded custom table model for 'yade_voyage'
2025-12-05 18:54:25 - OTMS - INFO - Retrieved 19 columns for data source 'yade_voyage'
2025-12-05 18:54:25 - OTMS - INFO - Attempting to load custom table 'yade_voyage'
2025-12-05 18:54:25 - OTMS - INFO - Reflecting table 'yade_voyage' from flex database...
2025-12-05 18:54:25 - OTMS - INFO - Successfully created model for table 'yade_voyage' from flex database
2025-12-05 18:54:25 - OTMS - INFO - Successfully loaded custom table model for 'yade_voyage'
2025-12-05 18:54:25 - OTMS - INFO - Retrieved 19 columns for data source 'yade_voyage'
2025-12-05 18:54:25 - OTMS - INFO - Attempting to load custom table 'yade_voyage'
2025-12-05 18:54:25 - OTMS - INFO - Reflecting table 'yade_voyage' from flex database...
2025-12-05 18:54:25 - OTMS - INFO - Successfully created model for table 'yade_voyage' from flex database
2025-12-05 18:54:25 - OTMS - INFO - Successfully loaded custom table model for 'yade_voyage'
2025-12-05 18:54:25 - OTMS - INFO - Retrieved 19 columns for data source 'yade_voyage'
2025-12-05 18:54:25 - OTMS - INFO - Attempting to load custom table 'toa_yade_summary'
2025-12-05 18:54:25 - OTMS - INFO - Reflecting table 'toa_yade_summary' from flex database...
2025-12-05 18:54:25 - OTMS - INFO - Successfully created model for table 'toa_yade_summary' from flex database
2025-12-05 18:54:25 - OTMS - INFO - Successfully loaded custom table model for 'toa_yade_summary'
2025-12-05 18:54:25 - OTMS - INFO - Retrieved 20 columns for data source 'toa_yade_summary'
2025-12-05 18:54:31 - OTMS - INFO - Loaded 68 tables from primary database
2025-12-05 18:54:31 - OTMS - INFO - Loaded 68 tables from flexible database
2025-12-05 18:54:31 - OTMS - INFO - Added 0 additional custom tables from location_config
2025-12-05 18:54:31 - OTMS - INFO - Attempting to load custom table 'yade_voyage'
2025-12-05 18:54:31 - OTMS - INFO - Reflecting table 'yade_voyage' from flex database...
2025-12-05 18:54:31 - OTMS - INFO - Successfully created model for table 'yade_voyage' from flex database
2025-12-05 18:54:31 - OTMS - INFO - Successfully loaded custom table model for 'yade_voyage'
2025-12-05 18:54:31 - OTMS - INFO - Retrieved 19 columns for data source 'yade_voyage'
2025-12-05 18:54:31 - OTMS - INFO - Attempting to load custom table 'toa_yade_summary'
2025-12-05 18:54:31 - OTMS - INFO - Reflecting table 'toa_yade_summary' from flex database...
2025-12-05 18:54:31 - OTMS - INFO - Successfully created model for table 'toa_yade_summary' from flex database
2025-12-05 18:54:31 - OTMS - INFO - Successfully loaded custom table model for 'toa_yade_summary'
2025-12-05 18:54:31 - OTMS - INFO - Retrieved 20 columns for data source 'toa_yade_summary'
2025-12-05 18:54:31 - OTMS - INFO - Attempting to load custom table 'yade_voyage'
2025-12-05 18:54:31 - OTMS - INFO - Reflecting table 'yade_voyage' from flex database...
2025-12-05 18:54:31 - OTMS - INFO - Successfully created model for table 'yade_voyage' from flex database
2025-12-05 18:54:31 - OTMS - INFO - Successfully loaded custom table model for 'yade_voyage'
2025-12-05 18:54:31 - OTMS - INFO - Retrieved 19 columns for data source 'yade_voyage'
2025-12-05 18:54:31 - OTMS - INFO - Attempting to load custom table 'yade_voyage'
2025-12-05 18:54:31 - OTMS - INFO - Reflecting table 'yade_voyage' from flex database...
2025-12-05 18:54:31 - OTMS - INFO - Successfully created model for table 'yade_voyage' from flex database
2025-12-05 18:54:31 - OTMS - INFO - Successfully loaded custom table model for 'yade_voyage'
2025-12-05 18:54:31 - OTMS - INFO - Retrieved 19 columns for data source 'yade_voyage'
2025-12-05 18:54:31 - OTMS - INFO - Attempting to load custom table 'yade_voyage'
2025-12-05 18:54:31 - OTMS - INFO - Reflecting table 'yade_voyage' from flex database...
2025-12-05 18:54:31 - OTMS - INFO - Successfully created model for table 'yade_voyage' from flex database
2025-12-05 18:54:31 - OTMS - INFO - Successfully loaded custom table model for 'yade_voyage'
2025-12-05 18:54:31 - OTMS - INFO - Retrieved 19 columns for data source 'yade_voyage'
2025-12-05 18:54:31 - OTMS - INFO - Attempting to load custom table 'toa_yade_summary'
2025-12-05 18:54:31 - OTMS - INFO - Reflecting table 'toa_yade_summary' from flex database...
2025-12-05 18:54:31 - OTMS - INFO - Successfully created model for table 'toa_yade_summary' from flex database
2025-12-05 18:54:31 - OTMS - INFO - Successfully loaded custom table model for 'toa_yade_summary'
2025-12-05 18:54:31 - OTMS - INFO - Retrieved 20 columns for data source 'toa_yade_summary'
2025-12-05 18:54:32 - OTMS - INFO - Loaded 68 tables from primary database
2025-12-05 18:54:32 - OTMS - INFO - Loaded 68 tables from flexible database
2025-12-05 18:54:32 - OTMS - INFO - Added 0 additional custom tables from location_config
2025-12-05 18:54:32 - OTMS - INFO - Attempting to load custom table 'yade_voyage'
2025-12-05 18:54:32 - OTMS - INFO - Reflecting table 'yade_voyage' from flex database...
2025-12-05 18:54:32 - OTMS - INFO - Successfully created model for table 'yade_voyage' from flex database
2025-12-05 18:54:32 - OTMS - INFO - Successfully loaded custom table model for 'yade_voyage'
2025-12-05 18:54:32 - OTMS - INFO - Retrieved 19 columns for data source 'yade_voyage'
2025-12-05 18:54:32 - OTMS - INFO - Attempting to load custom table 'toa_yade_summary'
2025-12-05 18:54:32 - OTMS - INFO - Reflecting table 'toa_yade_summary' from flex database...
2025-12-05 18:54:32 - OTMS - INFO - Successfully created model for table 'toa_yade_summary' from flex database
2025-12-05 18:54:32 - OTMS - INFO - Successfully loaded custom table model for 'toa_yade_summary'
2025-12-05 18:54:32 - OTMS - INFO - Retrieved 20 columns for data source 'toa_yade_summary'
2025-12-05 18:54:32 - OTMS - INFO - Attempting to load custom table 'yade_voyage'
2025-12-05 18:54:32 - OTMS - INFO - Reflecting table 'yade_voyage' from flex database...
2025-12-05 18:54:32 - OTMS - INFO - Successfully created model for table 'yade_voyage' from flex database
2025-12-05 18:54:32 - OTMS - INFO - Successfully loaded custom table model for 'yade_voyage'
2025-12-05 18:54:32 - OTMS - INFO - Retrieved 19 columns for data source 'yade_voyage'
2025-12-05 18:54:32 - OTMS - INFO - Attempting to load custom table 'yade_voyage'
2025-12-05 18:54:32 - OTMS - INFO - Reflecting table 'yade_voyage' from flex database...
2025-12-05 18:54:32 - OTMS - INFO - Successfully created model for table 'yade_voyage' from flex database
2025-12-05 18:54:32 - OTMS - INFO - Successfully loaded custom table model for 'yade_voyage'
2025-12-05 18:54:32 - OTMS - INFO - Retrieved 19 columns for data source 'yade_voyage'
2025-12-05 18:54:32 - OTMS - INFO - Attempting to load custom table 'yade_voyage'
2025-12-05 18:54:32 - OTMS - INFO - Reflecting table 'yade_voyage' from flex database...
2025-12-05 18:54:32 - OTMS - INFO - Successfully created model for table 'yade_voyage' from flex database
2025-12-05 18:54:32 - OTMS - INFO - Successfully loaded custom table model for 'yade_voyage'
2025-12-05 18:54:32 - OTMS - INFO - Retrieved 19 columns for data source 'yade_voyage'
2025-12-05 18:54:32 - OTMS - INFO - Attempting to load custom table 'toa_yade_summary'
2025-12-05 18:54:32 - OTMS - INFO - Reflecting table 'toa_yade_summary' from flex database...
2025-12-05 18:54:32 - OTMS - INFO - Successfully created model for table 'toa_yade_summary' from flex database
2025-12-05 18:54:32 - OTMS - INFO - Successfully loaded custom table model for 'toa_yade_summary'
2025-12-05 18:54:32 - OTMS - INFO - Retrieved 20 columns for data source 'toa_yade_summary'
2025-12-05 18:54:34 - OTMS - INFO - Loaded 68 tables from primary database
2025-12-05 18:54:34 - OTMS - INFO - Loaded 68 tables from flexible database
2025-12-05 18:54:34 - OTMS - INFO - Added 0 additional custom tables from location_config
2025-12-05 18:54:34 - OTMS - INFO - Attempting to load custom table 'yade_voyage'
2025-12-05 18:54:34 - OTMS - INFO - Reflecting table 'yade_voyage' from flex database...
2025-12-05 18:54:34 - OTMS - INFO - Successfully created model for table 'yade_voyage' from flex database
2025-12-05 18:54:34 - OTMS - INFO - Successfully loaded custom table model for 'yade_voyage'
2025-12-05 18:54:34 - OTMS - INFO - Retrieved 19 columns for data source 'yade_voyage'
2025-12-05 18:54:34 - OTMS - INFO - Attempting to load custom table 'toa_yade_summary'
2025-12-05 18:54:34 - OTMS - INFO - Reflecting table 'toa_yade_summary' from flex database...
2025-12-05 18:54:34 - OTMS - INFO - Successfully created model for table 'toa_yade_summary' from flex database
2025-12-05 18:54:34 - OTMS - INFO - Successfully loaded custom table model for 'toa_yade_summary'
2025-12-05 18:54:34 - OTMS - INFO - Retrieved 20 columns for data source 'toa_yade_summary'
2025-12-05 18:54:34 - OTMS - INFO - Attempting to load custom table 'yade_voyage'
2025-12-05 18:54:34 - OTMS - INFO - Reflecting table 'yade_voyage' from flex database...
2025-12-05 18:54:34 - OTMS - INFO - Successfully created model for table 'yade_voyage' from flex database
2025-12-05 18:54:34 - OTMS - INFO - Successfully loaded custom table model for 'yade_voyage'
2025-12-05 18:54:34 - OTMS - INFO - Retrieved 19 columns for data source 'yade_voyage'
2025-12-05 18:54:34 - OTMS - INFO - Attempting to load custom table 'yade_voyage'
2025-12-05 18:54:34 - OTMS - INFO - Reflecting table 'yade_voyage' from flex database...
2025-12-05 18:54:34 - OTMS - INFO - Successfully created model for table 'yade_voyage' from flex database
2025-12-05 18:54:34 - OTMS - INFO - Successfully loaded custom table model for 'yade_voyage'
2025-12-05 18:54:34 - OTMS - INFO - Retrieved 19 columns for data source 'yade_voyage'
2025-12-05 18:54:34 - OTMS - INFO - Attempting to load custom table 'yade_voyage'
2025-12-05 18:54:34 - OTMS - INFO - Reflecting table 'yade_voyage' from flex database...
2025-12-05 18:54:34 - OTMS - INFO - Successfully created model for table 'yade_voyage' from flex database
2025-12-05 18:54:34 - OTMS - INFO - Successfully loaded custom table model for 'yade_voyage'
2025-12-05 18:54:34 - OTMS - INFO - Retrieved 19 columns for data source 'yade_voyage'
2025-12-05 18:54:34 - OTMS - INFO - Attempting to load custom table 'toa_yade_summary'
2025-12-05 18:54:34 - OTMS - INFO - Reflecting table 'toa_yade_summary' from flex database...
2025-12-05 18:54:34 - OTMS - INFO - Successfully created model for table 'toa_yade_summary' from flex database
2025-12-05 18:54:34 - OTMS - INFO - Successfully loaded custom table model for 'toa_yade_summary'
2025-12-05 18:54:34 - OTMS - INFO - Retrieved 20 columns for data source 'toa_yade_summary'
2025-12-05 18:54:38 - OTMS - INFO - Attempting to load custom table model for 'yade_voyage'
2025-12-05 18:54:38 - OTMS - INFO - Reflecting table 'yade_voyage' from flex database...
2025-12-05 18:54:38 - OTMS - INFO - Successfully created model for table 'yade_voyage' from flex database
2025-12-05 18:54:38 - OTMS - INFO - Successfully loaded model for custom table 'yade_voyage'
2025-12-05 18:54:38 - OTMS - INFO - Reflecting table 'toa_yade_summary' from flex database...
2025-12-05 18:54:38 - OTMS - INFO - Successfully created model for table 'toa_yade_summary' from flex database
2025-12-05 18:54:46 - OTMS - INFO - Attempting to load custom table model for 'yade_voyage'
2025-12-05 18:54:46 - OTMS - INFO - Reflecting table 'yade_voyage' from flex database...
2025-12-05 18:54:46 - OTMS - INFO - Successfully created model for table 'yade_voyage' from flex database
2025-12-05 18:54:46 - OTMS - INFO - Successfully loaded model for custom table 'yade_voyage'
2025-12-05 18:54:46 - OTMS - INFO - Reflecting table 'toa_yade_summary' from flex database...
2025-12-05 18:54:46 - OTMS - INFO - Successfully created model for table 'toa_yade_summary' from flex database
2025-12-05 18:54:46 - OTMS - INFO - Attempting to load custom table model for 'yade_voyage'
2025-12-05 18:54:46 - OTMS - INFO - Reflecting table 'yade_voyage' from flex database...
2025-12-05 18:54:46 - OTMS - INFO - Successfully created model for table 'yade_voyage' from flex database
2025-12-05 18:54:46 - OTMS - INFO - Successfully loaded model for custom table 'yade_voyage'
2025-12-05 18:54:46 - OTMS - INFO - Reflecting table 'toa_yade_summary' from flex database...
2025-12-05 18:54:46 - OTMS - INFO - Successfully created model for table 'toa_yade_summary' from flex database
2025-12-05 18:56:00 - OTMS - INFO - Loaded 68 tables from primary database
2025-12-05 18:56:00 - OTMS - INFO - Loaded 68 tables from flexible database
2025-12-05 18:56:00 - OTMS - INFO - Added 0 additional custom tables from location_config
2025-12-05 18:56:00 - OTMS - INFO - Attempting to load custom table 'audit_log'
2025-12-05 18:56:00 - OTMS - INFO - Reflecting table 'audit_log' from flex database...
2025-12-05 18:56:00 - OTMS - INFO - Successfully created model for table 'audit_log' from flex database
2025-12-05 18:56:00 - OTMS - INFO - Successfully loaded custom table model for 'audit_log'
2025-12-05 18:56:00 - OTMS - INFO - Retrieved 11 columns for data source 'audit_log'
2025-12-05 18:56:00 - OTMS - INFO - Attempting to load custom table 'audit_log'
2025-12-05 18:56:00 - OTMS - INFO - Reflecting table 'audit_log' from flex database...
2025-12-05 18:56:00 - OTMS - INFO - Successfully created model for table 'audit_log' from flex database
2025-12-05 18:56:00 - OTMS - INFO - Successfully loaded custom table model for 'audit_log'
2025-12-05 18:56:00 - OTMS - INFO - Retrieved 11 columns for data source 'audit_log'
2025-12-05 18:56:00 - OTMS - INFO - Attempting to load custom table 'audit_log'
2025-12-05 18:56:00 - OTMS - INFO - Reflecting table 'audit_log' from flex database...
2025-12-05 18:56:00 - OTMS - INFO - Successfully created model for table 'audit_log' from flex database
2025-12-05 18:56:00 - OTMS - INFO - Successfully loaded custom table model for 'audit_log'
2025-12-05 18:56:00 - OTMS - INFO - Retrieved 11 columns for data source 'audit_log'
2025-12-05 18:56:00 - OTMS - INFO - Attempting to load custom table 'audit_log'
2025-12-05 18:56:00 - OTMS - INFO - Reflecting table 'audit_log' from flex database...
2025-12-05 18:56:00 - OTMS - INFO - Successfully created model for table 'audit_log' from flex database
2025-12-05 18:56:00 - OTMS - INFO - Successfully loaded custom table model for 'audit_log'
2025-12-05 18:56:00 - OTMS - INFO - Retrieved 11 columns for data source 'audit_log'
2025-12-05 18:56:00 - OTMS - INFO - Attempting to load custom table 'audit_log'
2025-12-05 18:56:00 - OTMS - INFO - Reflecting table 'audit_log' from flex database...
2025-12-05 18:56:00 - OTMS - INFO - Successfully created model for table 'audit_log' from flex database
2025-12-05 18:56:00 - OTMS - INFO - Successfully loaded custom table model for 'audit_log'
2025-12-05 18:56:00 - OTMS - INFO - Retrieved 11 columns for data source 'audit_log'
2025-12-05 18:56:00 - OTMS - INFO - Attempting to load custom table 'audit_log'
2025-12-05 18:56:00 - OTMS - INFO - Reflecting table 'audit_log' from flex database...
2025-12-05 18:56:00 - OTMS - INFO - Successfully created model for table 'audit_log' from flex database
2025-12-05 18:56:00 - OTMS - INFO - Successfully loaded custom table model for 'audit_log'
2025-12-05 18:56:00 - OTMS - INFO - Retrieved 11 columns for data source 'audit_log'
2025-12-05 18:59:18 - OTMS - INFO - Loaded 68 tables from primary database
2025-12-05 18:59:18 - OTMS - INFO - Loaded 68 tables from flexible database
2025-12-05 18:59:18 - OTMS - INFO - Added 0 additional custom tables from location_config
2025-12-05 18:59:18 - OTMS - INFO - Attempting to load custom table 'audit_log'
2025-12-05 18:59:18 - OTMS - INFO - Reflecting table 'audit_log' from flex database...
2025-12-05 18:59:18 - OTMS - INFO - Successfully created model for table 'audit_log' from flex database
2025-12-05 18:59:18 - OTMS - INFO - Successfully loaded custom table model for 'audit_log'
2025-12-05 18:59:18 - OTMS - INFO - Retrieved 11 columns for data source 'audit_log'
2025-12-05 18:59:18 - OTMS - INFO - Attempting to load custom table 'audit_log'
2025-12-05 18:59:18 - OTMS - INFO - Reflecting table 'audit_log' from flex database...
2025-12-05 18:59:18 - OTMS - INFO - Successfully created model for table 'audit_log' from flex database
2025-12-05 18:59:18 - OTMS - INFO - Successfully loaded custom table model for 'audit_log'
2025-12-05 18:59:18 - OTMS - INFO - Retrieved 11 columns for data source 'audit_log'
2025-12-05 18:59:18 - OTMS - INFO - Attempting to load custom table 'audit_log'
2025-12-05 18:59:18 - OTMS - INFO - Reflecting table 'audit_log' from flex database...
2025-12-05 18:59:18 - OTMS - INFO - Successfully created model for table 'audit_log' from flex database
2025-12-05 18:59:18 - OTMS - INFO - Successfully loaded custom table model for 'audit_log'
2025-12-05 18:59:18 - OTMS - INFO - Retrieved 11 columns for data source 'audit_log'
2025-12-05 18:59:18 - OTMS - INFO - Attempting to load custom table 'audit_log'
2025-12-05 18:59:18 - OTMS - INFO - Reflecting table 'audit_log' from flex database...
2025-12-05 18:59:18 - OTMS - INFO - Successfully created model for table 'audit_log' from flex database
2025-12-05 18:59:18 - OTMS - INFO - Successfully loaded custom table model for 'audit_log'
2025-12-05 18:59:18 - OTMS - INFO - Retrieved 11 columns for data source 'audit_log'
2025-12-05 18:59:18 - OTMS - INFO - Attempting to load custom table 'audit_log'
2025-12-05 18:59:18 - OTMS - INFO - Reflecting table 'audit_log' from flex database...
2025-12-05 18:59:18 - OTMS - INFO - Successfully created model for table 'audit_log' from flex database
2025-12-05 18:59:18 - OTMS - INFO - Successfully loaded custom table model for 'audit_log'
2025-12-05 18:59:18 - OTMS - INFO - Retrieved 11 columns for data source 'audit_log'
2025-12-05 18:59:18 - OTMS - INFO - Attempting to load custom table 'audit_log'
2025-12-05 18:59:18 - OTMS - INFO - Reflecting table 'audit_log' from flex database...
2025-12-05 18:59:19 - OTMS - INFO - Successfully created model for table 'audit_log' from flex database
2025-12-05 18:59:19 - OTMS - INFO - Successfully loaded custom table model for 'audit_log'
2025-12-05 18:59:19 - OTMS - INFO - Retrieved 11 columns for data source 'audit_log'
2025-12-05 18:59:57 - OTMS - INFO - Attempting to load custom table model for 'yade_voyage'
2025-12-05 18:59:57 - OTMS - INFO - Reflecting table 'yade_voyage' from flex database...
2025-12-05 18:59:57 - OTMS - INFO - Successfully created model for table 'yade_voyage' from flex database
2025-12-05 18:59:57 - OTMS - INFO - Successfully loaded model for custom table 'yade_voyage'
2025-12-05 18:59:57 - OTMS - INFO - Reflecting table 'toa_yade_summary' from flex database...
2025-12-05 18:59:57 - OTMS - INFO - Successfully created model for table 'toa_yade_summary' from flex database
2025-12-05 19:00:05 - OTMS - INFO - Attempting to load custom table model for 'yade_voyage'
2025-12-05 19:00:05 - OTMS - INFO - Reflecting table 'yade_voyage' from flex database...
2025-12-05 19:00:05 - OTMS - INFO - Successfully created model for table 'yade_voyage' from flex database
2025-12-05 19:00:05 - OTMS - INFO - Successfully loaded model for custom table 'yade_voyage'
2025-12-05 19:00:05 - OTMS - INFO - Reflecting table 'toa_yade_summary' from flex database...
2025-12-05 19:00:05 - OTMS - INFO - Successfully created model for table 'toa_yade_summary' from flex database
2025-12-05 19:00:31 - OTMS - INFO - Attempting to load custom table model for 'yade_voyage'
2025-12-05 19:00:31 - OTMS - INFO - Reflecting table 'yade_voyage' from flex database...
2025-12-05 19:00:31 - OTMS - INFO - Successfully created model for table 'yade_voyage' from flex database
2025-12-05 19:00:31 - OTMS - INFO - Successfully loaded model for custom table 'yade_voyage'
2025-12-05 19:00:31 - OTMS - INFO - Reflecting table 'toa_yade_summary' from flex database...
2025-12-05 19:00:31 - OTMS - INFO - Successfully created model for table 'toa_yade_summary' from flex database
2025-12-05 19:00:31 - OTMS - INFO - Attempting to load custom table model for 'yade_voyage'
2025-12-05 19:00:31 - OTMS - INFO - Reflecting table 'yade_voyage' from flex database...
2025-12-05 19:00:31 - OTMS - INFO - Successfully created model for table 'yade_voyage' from flex database
2025-12-05 19:00:31 - OTMS - INFO - Successfully loaded model for custom table 'yade_voyage'
2025-12-05 19:00:31 - OTMS - INFO - Reflecting table 'toa_yade_summary' from flex database...
2025-12-05 19:00:31 - OTMS - INFO - Successfully created model for table 'toa_yade_summary' from flex database
