2025-12-03 06:57:53 - OTMS - WARNING - Table 'flex_condensate_5' does not exist in primary or flex databases.
2025-12-03 06:57:53 - OTMS - INFO - Reflecting table 'flex_production_5' from flex database...
2025-12-03 06:57:53 - OTMS - INFO - Successfully created model for table 'flex_production_5' from flex database
2025-12-03 06:58:08 - OTMS - INFO - Loaded 61 tables from primary database
2025-12-03 06:58:08 - OTMS - INFO - Loaded 54 tables from flexible database
2025-12-03 06:58:08 - OTMS - INFO - Added 0 additional custom tables from location_config
2025-12-03 06:58:08 - OTMS - INFO - Attempting to load custom table 'audit_log'
2025-12-03 06:58:08 - OTMS - INFO - Reflecting table 'audit_log' from flex database...
2025-12-03 06:58:08 - OTMS - INFO - Successfully created model for table 'audit_log' from flex database
2025-12-03 06:58:08 - OTMS - INFO - Successfully loaded custom table model for 'audit_log'
2025-12-03 06:58:08 - OTMS - INFO - Retrieved 11 columns for data source 'audit_log'
2025-12-03 06:58:08 - OTMS - INFO - Attempting to load custom table 'audit_log'
2025-12-03 06:58:08 - OTMS - INFO - Reflecting table 'audit_log' from flex database...
2025-12-03 06:58:08 - OTMS - INFO - Successfully created model for table 'audit_log' from flex database
2025-12-03 06:58:08 - OTMS - INFO - Successfully loaded custom table model for 'audit_log'
2025-12-03 06:58:08 - OTMS - INFO - Retrieved 11 columns for data source 'audit_log'
2025-12-03 06:58:08 - OTMS - INFO - Attempting to load custom table 'audit_log'
2025-12-03 06:58:08 - OTMS - INFO - Reflecting table 'audit_log' from flex database...
2025-12-03 06:58:08 - OTMS - INFO - Successfully created model for table 'audit_log' from flex database
2025-12-03 06:58:08 - OTMS - INFO - Successfully loaded custom table model for 'audit_log'
2025-12-03 06:58:08 - OTMS - INFO - Retrieved 11 columns for data source 'audit_log'
2025-12-03 06:58:08 - OTMS - INFO - Attempting to load custom table 'audit_log'
2025-12-03 06:58:08 - OTMS - INFO - Reflecting table 'audit_log' from flex database...
2025-12-03 06:58:08 - OTMS - INFO - Successfully created model for table 'audit_log' from flex database
2025-12-03 06:58:08 - OTMS - INFO - Successfully loaded custom table model for 'audit_log'
2025-12-03 06:58:08 - OTMS - INFO - Retrieved 11 columns for data source 'audit_log'
2025-12-03 06:58:08 - OTMS - INFO - Attempting to load custom table 'audit_log'
2025-12-03 06:58:08 - OTMS - INFO - Reflecting table 'audit_log' from flex database...
2025-12-03 06:58:08 - OTMS - INFO - Successfully created model for table 'audit_log' from flex database
2025-12-03 06:58:08 - OTMS - INFO - Successfully loaded custom table model for 'audit_log'
2025-12-03 06:58:08 - OTMS - INFO - Retrieved 11 columns for data source 'audit_log'
2025-12-03 06:58:08 - OTMS - INFO - Attempting to load custom table 'audit_log'
2025-12-03 06:58:08 - OTMS - INFO - Reflecting table 'audit_log' from flex database...
2025-12-03 06:58:08 - OTMS - INFO - Successfully created model for table 'audit_log' from flex database
2025-12-03 06:58:08 - OTMS - INFO - Successfully loaded custom table model for 'audit_log'
2025-12-03 06:58:08 - OTMS - INFO - Retrieved 11 columns for data source 'audit_log'
2025-12-03 06:58:31 - OTMS - INFO - Loaded 61 tables from primary database
2025-12-03 06:58:31 - OTMS - INFO - Loaded 54 tables from flexible database
2025-12-03 06:58:31 - OTMS - INFO - Added 0 additional custom tables from location_config
2025-12-03 06:58:31 - OTMS - INFO - Attempting to load custom table 'audit_log'
2025-12-03 06:58:31 - OTMS - INFO - Reflecting table 'audit_log' from flex database...
2025-12-03 06:58:31 - OTMS - INFO - Successfully created model for table 'audit_log' from flex database
2025-12-03 06:58:31 - OTMS - INFO - Successfully loaded custom table model for 'audit_log'
2025-12-03 06:58:31 - OTMS - INFO - Retrieved 11 columns for data source 'audit_log'
2025-12-03 06:58:31 - OTMS - INFO - Attempting to load custom table 'audit_log'
2025-12-03 06:58:31 - OTMS - INFO - Reflecting table 'audit_log' from flex database...
2025-12-03 06:58:31 - OTMS - INFO - Successfully created model for table 'audit_log' from flex database
2025-12-03 06:58:31 - OTMS - INFO - Successfully loaded custom table model for 'audit_log'
2025-12-03 06:58:31 - OTMS - INFO - Retrieved 11 columns for data source 'audit_log'
2025-12-03 06:58:31 - OTMS - INFO - Attempting to load custom table 'audit_log'
2025-12-03 06:58:31 - OTMS - INFO - Reflecting table 'audit_log' from flex database...
2025-12-03 06:58:31 - OTMS - INFO - Successfully created model for table 'audit_log' from flex database
2025-12-03 06:58:31 - OTMS - INFO - Successfully loaded custom table model for 'audit_log'
2025-12-03 06:58:31 - OTMS - INFO - Retrieved 11 columns for data source 'audit_log'
2025-12-03 06:58:31 - OTMS - INFO - Attempting to load custom table 'audit_log'
2025-12-03 06:58:31 - OTMS - INFO - Reflecting table 'audit_log' from flex database...
2025-12-03 06:58:31 - OTMS - INFO - Successfully created model for table 'audit_log' from flex database
2025-12-03 06:58:31 - OTMS - INFO - Successfully loaded custom table model for 'audit_log'
2025-12-03 06:58:31 - OTMS - INFO - Retrieved 11 columns for data source 'audit_log'
2025-12-03 06:58:31 - OTMS - INFO - Attempting to load custom table 'audit_log'
2025-12-03 06:58:31 - OTMS - INFO - Reflecting table 'audit_log' from flex database...
2025-12-03 06:58:31 - OTMS - INFO - Successfully created model for table 'audit_log' from flex database
2025-12-03 06:58:31 - OTMS - INFO - Successfully loaded custom table model for 'audit_log'
2025-12-03 06:58:31 - OTMS - INFO - Retrieved 11 columns for data source 'audit_log'
2025-12-03 06:58:31 - OTMS - INFO - Attempting to load custom table 'audit_log'
2025-12-03 06:58:31 - OTMS - INFO - Reflecting table 'audit_log' from flex database...
2025-12-03 06:58:31 - OTMS - INFO - Successfully created model for table 'audit_log' from flex database
2025-12-03 06:58:31 - OTMS - INFO - Successfully loaded custom table model for 'audit_log'
2025-12-03 06:58:31 - OTMS - INFO - Retrieved 11 columns for data source 'audit_log'
2025-12-03 06:58:33 - OTMS - INFO - Loaded 61 tables from primary database
2025-12-03 06:58:33 - OTMS - INFO - Loaded 54 tables from flexible database
2025-12-03 06:58:33 - OTMS - INFO - Added 0 additional custom tables from location_config
2025-12-03 06:58:33 - OTMS - INFO - Attempting to load custom table 'audit_log'
2025-12-03 06:58:33 - OTMS - INFO - Reflecting table 'audit_log' from flex database...
2025-12-03 06:58:33 - OTMS - INFO - Successfully created model for table 'audit_log' from flex database
2025-12-03 06:58:33 - OTMS - INFO - Successfully loaded custom table model for 'audit_log'
2025-12-03 06:58:33 - OTMS - INFO - Retrieved 11 columns for data source 'audit_log'
2025-12-03 06:58:33 - OTMS - INFO - Attempting to load custom table 'audit_log'
2025-12-03 06:58:33 - OTMS - INFO - Reflecting table 'audit_log' from flex database...
2025-12-03 06:58:33 - OTMS - INFO - Successfully created model for table 'audit_log' from flex database
2025-12-03 06:58:33 - OTMS - INFO - Successfully loaded custom table model for 'audit_log'
2025-12-03 06:58:33 - OTMS - INFO - Retrieved 11 columns for data source 'audit_log'
2025-12-03 06:58:33 - OTMS - INFO - Attempting to load custom table 'audit_log'
2025-12-03 06:58:33 - OTMS - INFO - Reflecting table 'audit_log' from flex database...
2025-12-03 06:58:33 - OTMS - INFO - Successfully created model for table 'audit_log' from flex database
2025-12-03 06:58:33 - OTMS - INFO - Successfully loaded custom table model for 'audit_log'
2025-12-03 06:58:33 - OTMS - INFO - Retrieved 11 columns for data source 'audit_log'
2025-12-03 06:58:33 - OTMS - INFO - Attempting to load custom table 'audit_log'
2025-12-03 06:58:33 - OTMS - INFO - Reflecting table 'audit_log' from flex database...
2025-12-03 06:58:33 - OTMS - INFO - Successfully created model for table 'audit_log' from flex database
2025-12-03 06:58:33 - OTMS - INFO - Successfully loaded custom table model for 'audit_log'
2025-12-03 06:58:33 - OTMS - INFO - Retrieved 11 columns for data source 'audit_log'
2025-12-03 06:58:33 - OTMS - INFO - Attempting to load custom table 'audit_log'
2025-12-03 06:58:33 - OTMS - INFO - Reflecting table 'audit_log' from flex database...
2025-12-03 06:58:33 - OTMS - INFO - Successfully created model for table 'audit_log' from flex database
2025-12-03 06:58:33 - OTMS - INFO - Successfully loaded custom table model for 'audit_log'
2025-12-03 06:58:33 - OTMS - INFO - Retrieved 11 columns for data source 'audit_log'
2025-12-03 06:58:33 - OTMS - INFO - Attempting to load custom table 'audit_log'
2025-12-03 06:58:33 - OTMS - INFO - Reflecting table 'audit_log' from flex database...
2025-12-03 06:58:33 - OTMS - INFO - Successfully created model for table 'audit_log' from flex database
2025-12-03 06:58:33 - OTMS - INFO - Successfully loaded custom table model for 'audit_log'
2025-12-03 06:58:33 - OTMS - INFO - Retrieved 11 columns for data source 'audit_log'
2025-12-03 06:58:33 - OTMS - INFO - Loaded 61 tables from primary database
2025-12-03 06:58:33 - OTMS - INFO - Loaded 54 tables from flexible database
2025-12-03 06:58:33 - OTMS - INFO - Added 0 additional custom tables from location_config
2025-12-03 06:58:33 - OTMS - INFO - Attempting to load custom table 'audit_log'
2025-12-03 06:58:33 - OTMS - INFO - Reflecting table 'audit_log' from flex database...
2025-12-03 06:58:33 - OTMS - INFO - Successfully created model for table 'audit_log' from flex database
2025-12-03 06:58:33 - OTMS - INFO - Successfully loaded custom table model for 'audit_log'
2025-12-03 06:58:33 - OTMS - INFO - Retrieved 11 columns for data source 'audit_log'
2025-12-03 06:58:33 - OTMS - INFO - Attempting to load custom table 'audit_log'
2025-12-03 06:58:33 - OTMS - INFO - Reflecting table 'audit_log' from flex database...
2025-12-03 06:58:33 - OTMS - INFO - Successfully created model for table 'audit_log' from flex database
2025-12-03 06:58:33 - OTMS - INFO - Successfully loaded custom table model for 'audit_log'
2025-12-03 06:58:33 - OTMS - INFO - Retrieved 11 columns for data source 'audit_log'
2025-12-03 06:58:33 - OTMS - INFO - Attempting to load custom table 'audit_log'
2025-12-03 06:58:33 - OTMS - INFO - Reflecting table 'audit_log' from flex database...
2025-12-03 06:58:33 - OTMS - INFO - Successfully created model for table 'audit_log' from flex database
2025-12-03 06:58:33 - OTMS - INFO - Successfully loaded custom table model for 'audit_log'
2025-12-03 06:58:33 - OTMS - INFO - Retrieved 11 columns for data source 'audit_log'
2025-12-03 06:58:33 - OTMS - INFO - Attempting to load custom table 'audit_log'
2025-12-03 06:58:33 - OTMS - INFO - Reflecting table 'audit_log' from flex database...
2025-12-03 06:58:33 - OTMS - INFO - Successfully created model for table 'audit_log' from flex database
2025-12-03 06:58:33 - OTMS - INFO - Successfully loaded custom table model for 'audit_log'
2025-12-03 06:58:33 - OTMS - INFO - Retrieved 11 columns for data source 'audit_log'
2025-12-03 06:58:34 - OTMS - INFO - Attempting to load custom table 'audit_log'
2025-12-03 06:58:34 - OTMS - INFO - Reflecting table 'audit_log' from flex database...
2025-12-03 06:58:34 - OTMS - INFO - Successfully created model for table 'audit_log' from flex database
2025-12-03 06:58:34 - OTMS - INFO - Successfully loaded custom table model for 'audit_log'
2025-12-03 06:58:34 - OTMS - INFO - Retrieved 11 columns for data source 'audit_log'
2025-12-03 06:58:34 - OTMS - INFO - Attempting to load custom table 'audit_log'
2025-12-03 06:58:34 - OTMS - INFO - Reflecting table 'audit_log' from flex database...
2025-12-03 06:58:34 - OTMS - INFO - Successfully created model for table 'audit_log' from flex database
2025-12-03 06:58:34 - OTMS - INFO - Successfully loaded custom table model for 'audit_log'
2025-12-03 06:58:34 - OTMS - INFO - Retrieved 11 columns for data source 'audit_log'
2025-12-03 07:08:49 - OTMS - INFO - Loaded 61 tables from primary database
2025-12-03 07:08:49 - OTMS - INFO - Loaded 54 tables from flexible database
2025-12-03 07:08:49 - OTMS - INFO - Added 0 additional custom tables from location_config
2025-12-03 07:08:49 - OTMS - INFO - Attempting to load custom table 'audit_log'
2025-12-03 07:08:49 - OTMS - INFO - Reflecting table 'audit_log' from flex database...
2025-12-03 07:08:49 - OTMS - INFO - Successfully created model for table 'audit_log' from flex database
2025-12-03 07:08:49 - OTMS - INFO - Successfully loaded custom table model for 'audit_log'
2025-12-03 07:08:49 - OTMS - INFO - Retrieved 11 columns for data source 'audit_log'
2025-12-03 07:08:49 - OTMS - INFO - Attempting to load custom table 'audit_log'
2025-12-03 07:08:49 - OTMS - INFO - Reflecting table 'audit_log' from flex database...
2025-12-03 07:08:49 - OTMS - INFO - Successfully created model for table 'audit_log' from flex database
2025-12-03 07:08:49 - OTMS - INFO - Successfully loaded custom table model for 'audit_log'
2025-12-03 07:08:49 - OTMS - INFO - Retrieved 11 columns for data source 'audit_log'
2025-12-03 07:08:49 - OTMS - INFO - Attempting to load custom table 'audit_log'
2025-12-03 07:08:49 - OTMS - INFO - Reflecting table 'audit_log' from flex database...
2025-12-03 07:08:49 - OTMS - INFO - Successfully created model for table 'audit_log' from flex database
2025-12-03 07:08:49 - OTMS - INFO - Successfully loaded custom table model for 'audit_log'
2025-12-03 07:08:49 - OTMS - INFO - Retrieved 11 columns for data source 'audit_log'
2025-12-03 07:08:49 - OTMS - INFO - Attempting to load custom table 'audit_log'
2025-12-03 07:08:49 - OTMS - INFO - Reflecting table 'audit_log' from flex database...
2025-12-03 07:08:49 - OTMS - INFO - Successfully created model for table 'audit_log' from flex database
2025-12-03 07:08:49 - OTMS - INFO - Successfully loaded custom table model for 'audit_log'
2025-12-03 07:08:49 - OTMS - INFO - Retrieved 11 columns for data source 'audit_log'
2025-12-03 07:08:49 - OTMS - INFO - Attempting to load custom table 'audit_log'
2025-12-03 07:08:49 - OTMS - INFO - Reflecting table 'audit_log' from flex database...
2025-12-03 07:08:49 - OTMS - INFO - Successfully created model for table 'audit_log' from flex database
2025-12-03 07:08:49 - OTMS - INFO - Successfully loaded custom table model for 'audit_log'
2025-12-03 07:08:49 - OTMS - INFO - Retrieved 11 columns for data source 'audit_log'
2025-12-03 07:08:49 - OTMS - INFO - Attempting to load custom table 'audit_log'
2025-12-03 07:08:49 - OTMS - INFO - Reflecting table 'audit_log' from flex database...
2025-12-03 07:08:49 - OTMS - INFO - Successfully created model for table 'audit_log' from flex database
2025-12-03 07:08:49 - OTMS - INFO - Successfully loaded custom table model for 'audit_log'
2025-12-03 07:08:49 - OTMS - INFO - Retrieved 11 columns for data source 'audit_log'
2025-12-03 07:09:27 - OTMS - INFO - Loaded 61 tables from primary database
2025-12-03 07:09:27 - OTMS - INFO - Loaded 54 tables from flexible database
2025-12-03 07:09:27 - OTMS - INFO - Added 0 additional custom tables from location_config
2025-12-03 07:09:27 - OTMS - INFO - Attempting to load custom table 'audit_log'
2025-12-03 07:09:27 - OTMS - INFO - Reflecting table 'audit_log' from flex database...
2025-12-03 07:09:27 - OTMS - INFO - Successfully created model for table 'audit_log' from flex database
2025-12-03 07:09:27 - OTMS - INFO - Successfully loaded custom table model for 'audit_log'
2025-12-03 07:09:27 - OTMS - INFO - Retrieved 11 columns for data source 'audit_log'
2025-12-03 07:09:27 - OTMS - INFO - Attempting to load custom table 'audit_log'
2025-12-03 07:09:27 - OTMS - INFO - Reflecting table 'audit_log' from flex database...
2025-12-03 07:09:27 - OTMS - INFO - Successfully created model for table 'audit_log' from flex database
2025-12-03 07:09:27 - OTMS - INFO - Successfully loaded custom table model for 'audit_log'
2025-12-03 07:09:27 - OTMS - INFO - Retrieved 11 columns for data source 'audit_log'
2025-12-03 07:09:27 - OTMS - INFO - Attempting to load custom table 'audit_log'
2025-12-03 07:09:27 - OTMS - INFO - Reflecting table 'audit_log' from flex database...
2025-12-03 07:09:27 - OTMS - INFO - Successfully created model for table 'audit_log' from flex database
2025-12-03 07:09:27 - OTMS - INFO - Successfully loaded custom table model for 'audit_log'
2025-12-03 07:09:27 - OTMS - INFO - Retrieved 11 columns for data source 'audit_log'
2025-12-03 07:09:27 - OTMS - INFO - Attempting to load custom table 'audit_log'
2025-12-03 07:09:27 - OTMS - INFO - Reflecting table 'audit_log' from flex database...
2025-12-03 07:09:27 - OTMS - INFO - Successfully created model for table 'audit_log' from flex database
2025-12-03 07:09:27 - OTMS - INFO - Successfully loaded custom table model for 'audit_log'
2025-12-03 07:09:27 - OTMS - INFO - Retrieved 11 columns for data source 'audit_log'
2025-12-03 07:09:27 - OTMS - INFO - Attempting to load custom table 'audit_log'
2025-12-03 07:09:27 - OTMS - INFO - Reflecting table 'audit_log' from flex database...
2025-12-03 07:09:27 - OTMS - INFO - Successfully created model for table 'audit_log' from flex database
2025-12-03 07:09:27 - OTMS - INFO - Successfully loaded custom table model for 'audit_log'
2025-12-03 07:09:27 - OTMS - INFO - Retrieved 11 columns for data source 'audit_log'
2025-12-03 07:09:27 - OTMS - INFO - Attempting to load custom table 'audit_log'
2025-12-03 07:09:27 - OTMS - INFO - Reflecting table 'audit_log' from flex database...
2025-12-03 07:09:27 - OTMS - INFO - Successfully created model for table 'audit_log' from flex database
2025-12-03 07:09:27 - OTMS - INFO - Successfully loaded custom table model for 'audit_log'
2025-12-03 07:09:27 - OTMS - INFO - Retrieved 11 columns for data source 'audit_log'
2025-12-03 07:09:49 - OTMS - INFO - Loaded 61 tables from primary database
2025-12-03 07:09:49 - OTMS - INFO - Loaded 54 tables from flexible database
2025-12-03 07:09:49 - OTMS - INFO - Added 0 additional custom tables from location_config
2025-12-03 07:09:49 - OTMS - INFO - Attempting to load custom table 'audit_log'
2025-12-03 07:09:49 - OTMS - INFO - Reflecting table 'audit_log' from flex database...
2025-12-03 07:09:49 - OTMS - INFO - Successfully created model for table 'audit_log' from flex database
2025-12-03 07:09:49 - OTMS - INFO - Successfully loaded custom table model for 'audit_log'
2025-12-03 07:09:49 - OTMS - INFO - Retrieved 11 columns for data source 'audit_log'
2025-12-03 07:09:49 - OTMS - INFO - Attempting to load custom table 'audit_log'
2025-12-03 07:09:49 - OTMS - INFO - Reflecting table 'audit_log' from flex database...
2025-12-03 07:09:49 - OTMS - INFO - Successfully created model for table 'audit_log' from flex database
2025-12-03 07:09:49 - OTMS - INFO - Successfully loaded custom table model for 'audit_log'
2025-12-03 07:09:49 - OTMS - INFO - Retrieved 11 columns for data source 'audit_log'
2025-12-03 07:09:49 - OTMS - INFO - Attempting to load custom table 'audit_log'
2025-12-03 07:09:49 - OTMS - INFO - Reflecting table 'audit_log' from flex database...
2025-12-03 07:09:49 - OTMS - INFO - Successfully created model for table 'audit_log' from flex database
2025-12-03 07:09:49 - OTMS - INFO - Successfully loaded custom table model for 'audit_log'
2025-12-03 07:09:49 - OTMS - INFO - Retrieved 11 columns for data source 'audit_log'
2025-12-03 07:09:49 - OTMS - INFO - Attempting to load custom table 'audit_log'
2025-12-03 07:09:49 - OTMS - INFO - Reflecting table 'audit_log' from flex database...
2025-12-03 07:09:49 - OTMS - INFO - Successfully created model for table 'audit_log' from flex database
2025-12-03 07:09:49 - OTMS - INFO - Successfully loaded custom table model for 'audit_log'
2025-12-03 07:09:49 - OTMS - INFO - Retrieved 11 columns for data source 'audit_log'
2025-12-03 07:09:49 - OTMS - INFO - Attempting to load custom table 'audit_log'
2025-12-03 07:09:49 - OTMS - INFO - Reflecting table 'audit_log' from flex database...
2025-12-03 07:09:49 - OTMS - INFO - Successfully created model for table 'audit_log' from flex database
2025-12-03 07:09:49 - OTMS - INFO - Successfully loaded custom table model for 'audit_log'
2025-12-03 07:09:49 - OTMS - INFO - Retrieved 11 columns for data source 'audit_log'
2025-12-03 07:09:49 - OTMS - INFO - Attempting to load custom table 'audit_log'
2025-12-03 07:09:49 - OTMS - INFO - Reflecting table 'audit_log' from flex database...
2025-12-03 07:09:49 - OTMS - INFO - Successfully created model for table 'audit_log' from flex database
2025-12-03 07:09:49 - OTMS - INFO - Successfully loaded custom table model for 'audit_log'
2025-12-03 07:09:49 - OTMS - INFO - Retrieved 11 columns for data source 'audit_log'
2025-12-03 07:09:49 - OTMS - INFO - Loaded 61 tables from primary database
2025-12-03 07:09:49 - OTMS - INFO - Loaded 54 tables from flexible database
2025-12-03 07:09:49 - OTMS - INFO - Added 0 additional custom tables from location_config
2025-12-03 07:09:49 - OTMS - INFO - Attempting to load custom table 'audit_log'
2025-12-03 07:09:49 - OTMS - INFO - Reflecting table 'audit_log' from flex database...
2025-12-03 07:09:49 - OTMS - INFO - Successfully created model for table 'audit_log' from flex database
2025-12-03 07:09:49 - OTMS - INFO - Successfully loaded custom table model for 'audit_log'
2025-12-03 07:09:49 - OTMS - INFO - Retrieved 11 columns for data source 'audit_log'
2025-12-03 07:09:49 - OTMS - INFO - Attempting to load custom table 'audit_log'
2025-12-03 07:09:49 - OTMS - INFO - Reflecting table 'audit_log' from flex database...
2025-12-03 07:09:49 - OTMS - INFO - Successfully created model for table 'audit_log' from flex database
2025-12-03 07:09:49 - OTMS - INFO - Successfully loaded custom table model for 'audit_log'
2025-12-03 07:09:49 - OTMS - INFO - Retrieved 11 columns for data source 'audit_log'
2025-12-03 07:09:49 - OTMS - INFO - Attempting to load custom table 'audit_log'
2025-12-03 07:09:49 - OTMS - INFO - Reflecting table 'audit_log' from flex database...
2025-12-03 07:09:49 - OTMS - INFO - Successfully created model for table 'audit_log' from flex database
2025-12-03 07:09:49 - OTMS - INFO - Successfully loaded custom table model for 'audit_log'
2025-12-03 07:09:49 - OTMS - INFO - Retrieved 11 columns for data source 'audit_log'
2025-12-03 07:09:49 - OTMS - INFO - Attempting to load custom table 'audit_log'
2025-12-03 07:09:49 - OTMS - INFO - Reflecting table 'audit_log' from flex database...
2025-12-03 07:09:49 - OTMS - INFO - Successfully created model for table 'audit_log' from flex database
2025-12-03 07:09:49 - OTMS - INFO - Successfully loaded custom table model for 'audit_log'
2025-12-03 07:09:49 - OTMS - INFO - Retrieved 11 columns for data source 'audit_log'
2025-12-03 07:09:49 - OTMS - INFO - Attempting to load custom table 'audit_log'
2025-12-03 07:09:49 - OTMS - INFO - Reflecting table 'audit_log' from flex database...
2025-12-03 07:09:49 - OTMS - INFO - Successfully created model for table 'audit_log' from flex database
2025-12-03 07:09:49 - OTMS - INFO - Successfully loaded custom table model for 'audit_log'
2025-12-03 07:09:49 - OTMS - INFO - Retrieved 11 columns for data source 'audit_log'
2025-12-03 07:09:49 - OTMS - INFO - Attempting to load custom table 'audit_log'
2025-12-03 07:09:50 - OTMS - INFO - Reflecting table 'audit_log' from flex database...
2025-12-03 07:09:50 - OTMS - INFO - Successfully created model for table 'audit_log' from flex database
2025-12-03 07:09:50 - OTMS - INFO - Successfully loaded custom table model for 'audit_log'
2025-12-03 07:09:50 - OTMS - INFO - Retrieved 11 columns for data source 'audit_log'
2025-12-03 07:09:52 - OTMS - INFO - Loaded 61 tables from primary database
2025-12-03 07:09:52 - OTMS - INFO - Loaded 54 tables from flexible database
2025-12-03 07:09:52 - OTMS - INFO - Added 0 additional custom tables from location_config
2025-12-03 07:09:52 - OTMS - INFO - Attempting to load custom table 'audit_log'
2025-12-03 07:09:52 - OTMS - INFO - Reflecting table 'audit_log' from flex database...
2025-12-03 07:09:52 - OTMS - INFO - Successfully created model for table 'audit_log' from flex database
2025-12-03 07:09:52 - OTMS - INFO - Successfully loaded custom table model for 'audit_log'
2025-12-03 07:09:52 - OTMS - INFO - Retrieved 11 columns for data source 'audit_log'
2025-12-03 07:09:52 - OTMS - INFO - Attempting to load custom table 'audit_log'
2025-12-03 07:09:52 - OTMS - INFO - Reflecting table 'audit_log' from flex database...
2025-12-03 07:09:52 - OTMS - INFO - Successfully created model for table 'audit_log' from flex database
2025-12-03 07:09:52 - OTMS - INFO - Successfully loaded custom table model for 'audit_log'
2025-12-03 07:09:52 - OTMS - INFO - Retrieved 11 columns for data source 'audit_log'
2025-12-03 07:09:52 - OTMS - INFO - Attempting to load custom table 'audit_log'
2025-12-03 07:09:52 - OTMS - INFO - Reflecting table 'audit_log' from flex database...
2025-12-03 07:09:52 - OTMS - INFO - Successfully created model for table 'audit_log' from flex database
2025-12-03 07:09:52 - OTMS - INFO - Successfully loaded custom table model for 'audit_log'
2025-12-03 07:09:52 - OTMS - INFO - Retrieved 11 columns for data source 'audit_log'
2025-12-03 07:09:52 - OTMS - INFO - Attempting to load custom table 'audit_log'
2025-12-03 07:09:52 - OTMS - INFO - Reflecting table 'audit_log' from flex database...
2025-12-03 07:09:52 - OTMS - INFO - Successfully created model for table 'audit_log' from flex database
2025-12-03 07:09:52 - OTMS - INFO - Successfully loaded custom table model for 'audit_log'
2025-12-03 07:09:52 - OTMS - INFO - Retrieved 11 columns for data source 'audit_log'
2025-12-03 07:09:52 - OTMS - INFO - Attempting to load custom table 'audit_log'
2025-12-03 07:09:52 - OTMS - INFO - Reflecting table 'audit_log' from flex database...
2025-12-03 07:09:52 - OTMS - INFO - Successfully created model for table 'audit_log' from flex database
2025-12-03 07:09:52 - OTMS - INFO - Successfully loaded custom table model for 'audit_log'
2025-12-03 07:09:52 - OTMS - INFO - Retrieved 11 columns for data source 'audit_log'
2025-12-03 07:09:52 - OTMS - INFO - Attempting to load custom table 'audit_log'
2025-12-03 07:09:52 - OTMS - INFO - Reflecting table 'audit_log' from flex database...
2025-12-03 07:09:52 - OTMS - INFO - Successfully created model for table 'audit_log' from flex database
2025-12-03 07:09:52 - OTMS - INFO - Successfully loaded custom table model for 'audit_log'
2025-12-03 07:09:52 - OTMS - INFO - Retrieved 11 columns for data source 'audit_log'
2025-12-03 07:09:53 - OTMS - INFO - Loaded 61 tables from primary database
2025-12-03 07:09:53 - OTMS - INFO - Loaded 54 tables from flexible database
2025-12-03 07:09:53 - OTMS - INFO - Added 0 additional custom tables from location_config
2025-12-03 07:09:53 - OTMS - INFO - Attempting to load custom table 'audit_log'
2025-12-03 07:09:53 - OTMS - INFO - Reflecting table 'audit_log' from flex database...
2025-12-03 07:09:53 - OTMS - INFO - Successfully created model for table 'audit_log' from flex database
2025-12-03 07:09:53 - OTMS - INFO - Successfully loaded custom table model for 'audit_log'
2025-12-03 07:09:53 - OTMS - INFO - Retrieved 11 columns for data source 'audit_log'
2025-12-03 07:09:53 - OTMS - INFO - Attempting to load custom table 'audit_log'
2025-12-03 07:09:53 - OTMS - INFO - Reflecting table 'audit_log' from flex database...
2025-12-03 07:09:53 - OTMS - INFO - Successfully created model for table 'audit_log' from flex database
2025-12-03 07:09:53 - OTMS - INFO - Successfully loaded custom table model for 'audit_log'
2025-12-03 07:09:53 - OTMS - INFO - Retrieved 11 columns for data source 'audit_log'
2025-12-03 07:09:53 - OTMS - INFO - Attempting to load custom table 'audit_log'
2025-12-03 07:09:53 - OTMS - INFO - Reflecting table 'audit_log' from flex database...
2025-12-03 07:09:53 - OTMS - INFO - Successfully created model for table 'audit_log' from flex database
2025-12-03 07:09:53 - OTMS - INFO - Successfully loaded custom table model for 'audit_log'
2025-12-03 07:09:53 - OTMS - INFO - Retrieved 11 columns for data source 'audit_log'
2025-12-03 07:09:53 - OTMS - INFO - Attempting to load custom table 'audit_log'
2025-12-03 07:09:53 - OTMS - INFO - Reflecting table 'audit_log' from flex database...
2025-12-03 07:09:53 - OTMS - INFO - Successfully created model for table 'audit_log' from flex database
2025-12-03 07:09:53 - OTMS - INFO - Successfully loaded custom table model for 'audit_log'
2025-12-03 07:09:53 - OTMS - INFO - Retrieved 11 columns for data source 'audit_log'
2025-12-03 07:09:53 - OTMS - INFO - Attempting to load custom table 'audit_log'
2025-12-03 07:09:53 - OTMS - INFO - Reflecting table 'audit_log' from flex database...
2025-12-03 07:09:53 - OTMS - INFO - Successfully created model for table 'audit_log' from flex database
2025-12-03 07:09:53 - OTMS - INFO - Successfully loaded custom table model for 'audit_log'
2025-12-03 07:09:53 - OTMS - INFO - Retrieved 11 columns for data source 'audit_log'
2025-12-03 07:09:53 - OTMS - INFO - Attempting to load custom table 'audit_log'
2025-12-03 07:09:53 - OTMS - INFO - Reflecting table 'audit_log' from flex database...
2025-12-03 07:09:53 - OTMS - INFO - Successfully created model for table 'audit_log' from flex database
2025-12-03 07:09:53 - OTMS - INFO - Successfully loaded custom table model for 'audit_log'
2025-12-03 07:09:53 - OTMS - INFO - Retrieved 11 columns for data source 'audit_log'
2025-12-03 07:10:05 - OTMS - INFO - Loaded 61 tables from primary database
2025-12-03 07:10:05 - OTMS - INFO - Loaded 54 tables from flexible database
2025-12-03 07:10:05 - OTMS - INFO - Added 0 additional custom tables from location_config
2025-12-03 07:10:05 - OTMS - INFO - Attempting to load custom table 'audit_log'
2025-12-03 07:10:05 - OTMS - INFO - Reflecting table 'audit_log' from flex database...
2025-12-03 07:10:05 - OTMS - INFO - Successfully created model for table 'audit_log' from flex database
2025-12-03 07:10:05 - OTMS - INFO - Successfully loaded custom table model for 'audit_log'
2025-12-03 07:10:05 - OTMS - INFO - Retrieved 11 columns for data source 'audit_log'
2025-12-03 07:10:05 - OTMS - INFO - Attempting to load custom table 'audit_log'
2025-12-03 07:10:05 - OTMS - INFO - Reflecting table 'audit_log' from flex database...
2025-12-03 07:10:05 - OTMS - INFO - Successfully created model for table 'audit_log' from flex database
2025-12-03 07:10:05 - OTMS - INFO - Successfully loaded custom table model for 'audit_log'
2025-12-03 07:10:05 - OTMS - INFO - Retrieved 11 columns for data source 'audit_log'
2025-12-03 07:10:05 - OTMS - INFO - Attempting to load custom table 'audit_log'
2025-12-03 07:10:05 - OTMS - INFO - Reflecting table 'audit_log' from flex database...
2025-12-03 07:10:05 - OTMS - INFO - Successfully created model for table 'audit_log' from flex database
2025-12-03 07:10:05 - OTMS - INFO - Successfully loaded custom table model for 'audit_log'
2025-12-03 07:10:05 - OTMS - INFO - Retrieved 11 columns for data source 'audit_log'
2025-12-03 07:10:05 - OTMS - INFO - Attempting to load custom table 'audit_log'
2025-12-03 07:10:05 - OTMS - INFO - Reflecting table 'audit_log' from flex database...
2025-12-03 07:10:05 - OTMS - INFO - Successfully created model for table 'audit_log' from flex database
2025-12-03 07:10:05 - OTMS - INFO - Successfully loaded custom table model for 'audit_log'
2025-12-03 07:10:05 - OTMS - INFO - Retrieved 11 columns for data source 'audit_log'
2025-12-03 07:10:05 - OTMS - INFO - Attempting to load custom table 'audit_log'
2025-12-03 07:10:05 - OTMS - INFO - Reflecting table 'audit_log' from flex database...
2025-12-03 07:10:05 - OTMS - INFO - Successfully created model for table 'audit_log' from flex database
2025-12-03 07:10:05 - OTMS - INFO - Successfully loaded custom table model for 'audit_log'
2025-12-03 07:10:05 - OTMS - INFO - Retrieved 11 columns for data source 'audit_log'
2025-12-03 07:10:05 - OTMS - INFO - Attempting to load custom table 'audit_log'
2025-12-03 07:10:05 - OTMS - INFO - Reflecting table 'audit_log' from flex database...
2025-12-03 07:10:05 - OTMS - INFO - Successfully created model for table 'audit_log' from flex database
2025-12-03 07:10:05 - OTMS - INFO - Successfully loaded custom table model for 'audit_log'
2025-12-03 07:10:05 - OTMS - INFO - Retrieved 11 columns for data source 'audit_log'
2025-12-03 07:10:11 - OTMS - INFO - Loaded 61 tables from primary database
2025-12-03 07:10:11 - OTMS - INFO - Loaded 54 tables from flexible database
2025-12-03 07:10:11 - OTMS - INFO - Added 0 additional custom tables from location_config
2025-12-03 07:10:11 - OTMS - INFO - Loading columns for standard data source 'tanker_transactions'
2025-12-03 07:10:11 - OTMS - INFO - Retrieved 42 columns for data source 'tanker_transactions'
2025-12-03 07:10:11 - OTMS - INFO - Attempting to load custom table 'audit_log'
2025-12-03 07:10:11 - OTMS - INFO - Reflecting table 'audit_log' from flex database...
2025-12-03 07:10:12 - OTMS - INFO - Successfully created model for table 'audit_log' from flex database
2025-12-03 07:10:12 - OTMS - INFO - Successfully loaded custom table model for 'audit_log'
2025-12-03 07:10:12 - OTMS - INFO - Retrieved 11 columns for data source 'audit_log'
2025-12-03 07:10:12 - OTMS - INFO - Attempting to load custom table 'audit_log'
2025-12-03 07:10:12 - OTMS - INFO - Reflecting table 'audit_log' from flex database...
2025-12-03 07:10:12 - OTMS - INFO - Successfully created model for table 'audit_log' from flex database
2025-12-03 07:10:12 - OTMS - INFO - Successfully loaded custom table model for 'audit_log'
2025-12-03 07:10:12 - OTMS - INFO - Retrieved 11 columns for data source 'audit_log'
2025-12-03 07:10:12 - OTMS - INFO - Attempting to load custom table 'audit_log'
2025-12-03 07:10:12 - OTMS - INFO - Reflecting table 'audit_log' from flex database...
2025-12-03 07:10:12 - OTMS - INFO - Successfully created model for table 'audit_log' from flex database
2025-12-03 07:10:12 - OTMS - INFO - Successfully loaded custom table model for 'audit_log'
2025-12-03 07:10:12 - OTMS - INFO - Retrieved 11 columns for data source 'audit_log'
2025-12-03 07:10:12 - OTMS - INFO - Attempting to load custom table 'audit_log'
2025-12-03 07:10:12 - OTMS - INFO - Reflecting table 'audit_log' from flex database...
2025-12-03 07:10:12 - OTMS - INFO - Successfully created model for table 'audit_log' from flex database
2025-12-03 07:10:12 - OTMS - INFO - Successfully loaded custom table model for 'audit_log'
2025-12-03 07:10:12 - OTMS - INFO - Retrieved 11 columns for data source 'audit_log'
2025-12-03 07:10:12 - OTMS - INFO - Attempting to load custom table 'audit_log'
2025-12-03 07:10:12 - OTMS - INFO - Reflecting table 'audit_log' from flex database...
2025-12-03 07:10:12 - OTMS - INFO - Successfully created model for table 'audit_log' from flex database
2025-12-03 07:10:12 - OTMS - INFO - Successfully loaded custom table model for 'audit_log'
2025-12-03 07:10:12 - OTMS - INFO - Retrieved 11 columns for data source 'audit_log'
2025-12-03 07:10:18 - OTMS - INFO - Loaded 61 tables from primary database
2025-12-03 07:10:18 - OTMS - INFO - Loaded 54 tables from flexible database
2025-12-03 07:10:18 - OTMS - INFO - Added 0 additional custom tables from location_config
2025-12-03 07:10:18 - OTMS - INFO - Loading columns for standard data source 'tanker_transactions'
2025-12-03 07:10:18 - OTMS - INFO - Retrieved 42 columns for data source 'tanker_transactions'
2025-12-03 07:10:18 - OTMS - INFO - Attempting to load custom table 'audit_log'
2025-12-03 07:10:18 - OTMS - INFO - Reflecting table 'audit_log' from flex database...
2025-12-03 07:10:18 - OTMS - INFO - Successfully created model for table 'audit_log' from flex database
2025-12-03 07:10:18 - OTMS - INFO - Successfully loaded custom table model for 'audit_log'
2025-12-03 07:10:18 - OTMS - INFO - Retrieved 11 columns for data source 'audit_log'
2025-12-03 07:10:18 - OTMS - INFO - Attempting to load custom table 'audit_log'
2025-12-03 07:10:18 - OTMS - INFO - Reflecting table 'audit_log' from flex database...
2025-12-03 07:10:18 - OTMS - INFO - Successfully created model for table 'audit_log' from flex database
2025-12-03 07:10:18 - OTMS - INFO - Successfully loaded custom table model for 'audit_log'
2025-12-03 07:10:18 - OTMS - INFO - Retrieved 11 columns for data source 'audit_log'
2025-12-03 07:10:18 - OTMS - INFO - Attempting to load custom table 'audit_log'
2025-12-03 07:10:18 - OTMS - INFO - Reflecting table 'audit_log' from flex database...
2025-12-03 07:10:18 - OTMS - INFO - Successfully created model for table 'audit_log' from flex database
2025-12-03 07:10:18 - OTMS - INFO - Successfully loaded custom table model for 'audit_log'
2025-12-03 07:10:18 - OTMS - INFO - Retrieved 11 columns for data source 'audit_log'
2025-12-03 07:10:18 - OTMS - INFO - Attempting to load custom table 'audit_log'
2025-12-03 07:10:18 - OTMS - INFO - Reflecting table 'audit_log' from flex database...
2025-12-03 07:10:18 - OTMS - INFO - Successfully created model for table 'audit_log' from flex database
2025-12-03 07:10:18 - OTMS - INFO - Successfully loaded custom table model for 'audit_log'
2025-12-03 07:10:18 - OTMS - INFO - Retrieved 11 columns for data source 'audit_log'
2025-12-03 07:13:02 - OTMS - INFO - Loaded 61 tables from primary database
2025-12-03 07:13:02 - OTMS - INFO - Loaded 54 tables from flexible database
2025-12-03 07:13:02 - OTMS - INFO - Added 0 additional custom tables from location_config
2025-12-03 07:13:02 - OTMS - INFO - Loading columns for standard data source 'tanker_transactions'
2025-12-03 07:13:02 - OTMS - INFO - Retrieved 42 columns for data source 'tanker_transactions'
2025-12-03 07:13:02 - OTMS - INFO - Attempting to load custom table 'audit_log'
2025-12-03 07:13:02 - OTMS - INFO - Reflecting table 'audit_log' from flex database...
2025-12-03 07:13:02 - OTMS - INFO - Successfully created model for table 'audit_log' from flex database
2025-12-03 07:13:02 - OTMS - INFO - Successfully loaded custom table model for 'audit_log'
2025-12-03 07:13:02 - OTMS - INFO - Retrieved 11 columns for data source 'audit_log'
2025-12-03 07:13:02 - OTMS - INFO - Attempting to load custom table 'audit_log'
2025-12-03 07:13:02 - OTMS - INFO - Reflecting table 'audit_log' from flex database...
2025-12-03 07:13:02 - OTMS - INFO - Successfully created model for table 'audit_log' from flex database
2025-12-03 07:13:02 - OTMS - INFO - Successfully loaded custom table model for 'audit_log'
2025-12-03 07:13:02 - OTMS - INFO - Retrieved 11 columns for data source 'audit_log'
2025-12-03 07:13:02 - OTMS - INFO - Attempting to load custom table 'audit_log'
2025-12-03 07:13:02 - OTMS - INFO - Reflecting table 'audit_log' from flex database...
2025-12-03 07:13:02 - OTMS - INFO - Successfully created model for table 'audit_log' from flex database
2025-12-03 07:13:02 - OTMS - INFO - Successfully loaded custom table model for 'audit_log'
2025-12-03 07:13:02 - OTMS - INFO - Retrieved 11 columns for data source 'audit_log'
2025-12-03 07:13:02 - OTMS - INFO - Attempting to load custom table 'audit_log'
2025-12-03 07:13:02 - OTMS - INFO - Reflecting table 'audit_log' from flex database...
2025-12-03 07:13:02 - OTMS - INFO - Successfully created model for table 'audit_log' from flex database
2025-12-03 07:13:02 - OTMS - INFO - Successfully loaded custom table model for 'audit_log'
2025-12-03 07:13:02 - OTMS - INFO - Retrieved 11 columns for data source 'audit_log'
2025-12-03 07:13:02 - OTMS - INFO - Attempting to load custom table 'audit_log'
2025-12-03 07:13:02 - OTMS - INFO - Reflecting table 'audit_log' from flex database...
2025-12-03 07:13:02 - OTMS - INFO - Successfully created model for table 'audit_log' from flex database
2025-12-03 07:13:02 - OTMS - INFO - Successfully loaded custom table model for 'audit_log'
2025-12-03 07:13:02 - OTMS - INFO - Retrieved 11 columns for data source 'audit_log'
2025-12-03 07:13:02 - OTMS - INFO - Attempting to load custom table 'audit_log'
2025-12-03 07:13:02 - OTMS - INFO - Reflecting table 'audit_log' from flex database...
2025-12-03 07:13:02 - OTMS - INFO - Successfully created model for table 'audit_log' from flex database
2025-12-03 07:13:02 - OTMS - INFO - Successfully loaded custom table model for 'audit_log'
2025-12-03 07:13:02 - OTMS - INFO - Retrieved 11 columns for data source 'audit_log'
2025-12-03 07:13:05 - OTMS - INFO - Loaded 61 tables from primary database
2025-12-03 07:13:05 - OTMS - INFO - Loaded 54 tables from flexible database
2025-12-03 07:13:05 - OTMS - INFO - Added 0 additional custom tables from location_config
2025-12-03 07:13:05 - OTMS - INFO - Loading columns for standard data source 'tanker_transactions'
2025-12-03 07:13:05 - OTMS - INFO - Retrieved 42 columns for data source 'tanker_transactions'
2025-12-03 07:13:05 - OTMS - INFO - Attempting to load custom table 'audit_log'
2025-12-03 07:13:05 - OTMS - INFO - Reflecting table 'audit_log' from flex database...
2025-12-03 07:13:05 - OTMS - INFO - Successfully created model for table 'audit_log' from flex database
2025-12-03 07:13:05 - OTMS - INFO - Successfully loaded custom table model for 'audit_log'
2025-12-03 07:13:05 - OTMS - INFO - Retrieved 11 columns for data source 'audit_log'
2025-12-03 07:13:05 - OTMS - INFO - Attempting to load custom table 'audit_log'
2025-12-03 07:13:05 - OTMS - INFO - Reflecting table 'audit_log' from flex database...
2025-12-03 07:13:05 - OTMS - INFO - Successfully created model for table 'audit_log' from flex database
2025-12-03 07:13:05 - OTMS - INFO - Successfully loaded custom table model for 'audit_log'
2025-12-03 07:13:05 - OTMS - INFO - Retrieved 11 columns for data source 'audit_log'
2025-12-03 07:13:05 - OTMS - INFO - Attempting to load custom table 'audit_log'
2025-12-03 07:13:05 - OTMS - INFO - Reflecting table 'audit_log' from flex database...
2025-12-03 07:13:05 - OTMS - INFO - Successfully created model for table 'audit_log' from flex database
2025-12-03 07:13:05 - OTMS - INFO - Successfully loaded custom table model for 'audit_log'
2025-12-03 07:13:05 - OTMS - INFO - Retrieved 11 columns for data source 'audit_log'
2025-12-03 07:13:05 - OTMS - INFO - Attempting to load custom table 'audit_log'
2025-12-03 07:13:05 - OTMS - INFO - Reflecting table 'audit_log' from flex database...
2025-12-03 07:13:05 - OTMS - INFO - Successfully created model for table 'audit_log' from flex database
2025-12-03 07:13:05 - OTMS - INFO - Successfully loaded custom table model for 'audit_log'
2025-12-03 07:13:05 - OTMS - INFO - Retrieved 11 columns for data source 'audit_log'
2025-12-03 07:13:05 - OTMS - INFO - Attempting to load custom table 'audit_log'
2025-12-03 07:13:05 - OTMS - INFO - Reflecting table 'audit_log' from flex database...
2025-12-03 07:13:05 - OTMS - INFO - Successfully created model for table 'audit_log' from flex database
2025-12-03 07:13:05 - OTMS - INFO - Successfully loaded custom table model for 'audit_log'
2025-12-03 07:13:05 - OTMS - INFO - Retrieved 11 columns for data source 'audit_log'
2025-12-03 07:13:05 - OTMS - INFO - Attempting to load custom table 'audit_log'
2025-12-03 07:13:05 - OTMS - INFO - Reflecting table 'audit_log' from flex database...
2025-12-03 07:13:05 - OTMS - INFO - Successfully created model for table 'audit_log' from flex database
2025-12-03 07:13:05 - OTMS - INFO - Successfully loaded custom table model for 'audit_log'
2025-12-03 07:13:05 - OTMS - INFO - Retrieved 11 columns for data source 'audit_log'
2025-12-03 07:13:07 - OTMS - INFO - Loaded 61 tables from primary database
2025-12-03 07:13:07 - OTMS - INFO - Loaded 54 tables from flexible database
2025-12-03 07:13:07 - OTMS - INFO - Added 0 additional custom tables from location_config
2025-12-03 07:13:07 - OTMS - INFO - Loading columns for standard data source 'tanker_transactions'
2025-12-03 07:13:07 - OTMS - INFO - Retrieved 42 columns for data source 'tanker_transactions'
2025-12-03 07:13:07 - OTMS - INFO - Attempting to load custom table 'audit_log'
2025-12-03 07:13:07 - OTMS - INFO - Reflecting table 'audit_log' from flex database...
2025-12-03 07:13:07 - OTMS - INFO - Successfully created model for table 'audit_log' from flex database
2025-12-03 07:13:07 - OTMS - INFO - Successfully loaded custom table model for 'audit_log'
2025-12-03 07:13:07 - OTMS - INFO - Retrieved 11 columns for data source 'audit_log'
2025-12-03 07:13:07 - OTMS - INFO - Attempting to load custom table 'audit_log'
2025-12-03 07:13:07 - OTMS - INFO - Reflecting table 'audit_log' from flex database...
2025-12-03 07:13:07 - OTMS - INFO - Successfully created model for table 'audit_log' from flex database
2025-12-03 07:13:07 - OTMS - INFO - Successfully loaded custom table model for 'audit_log'
2025-12-03 07:13:07 - OTMS - INFO - Retrieved 11 columns for data source 'audit_log'
2025-12-03 07:13:07 - OTMS - INFO - Attempting to load custom table 'audit_log'
2025-12-03 07:13:07 - OTMS - INFO - Reflecting table 'audit_log' from flex database...
2025-12-03 07:13:07 - OTMS - INFO - Successfully created model for table 'audit_log' from flex database
2025-12-03 07:13:07 - OTMS - INFO - Successfully loaded custom table model for 'audit_log'
2025-12-03 07:13:07 - OTMS - INFO - Retrieved 11 columns for data source 'audit_log'
2025-12-03 07:13:07 - OTMS - INFO - Attempting to load custom table 'audit_log'
2025-12-03 07:13:07 - OTMS - INFO - Reflecting table 'audit_log' from flex database...
2025-12-03 07:13:07 - OTMS - INFO - Successfully created model for table 'audit_log' from flex database
2025-12-03 07:13:07 - OTMS - INFO - Successfully loaded custom table model for 'audit_log'
2025-12-03 07:13:07 - OTMS - INFO - Retrieved 11 columns for data source 'audit_log'
2025-12-03 07:13:07 - OTMS - INFO - Attempting to load custom table 'audit_log'
2025-12-03 07:13:07 - OTMS - INFO - Reflecting table 'audit_log' from flex database...
2025-12-03 07:13:07 - OTMS - INFO - Successfully created model for table 'audit_log' from flex database
2025-12-03 07:13:07 - OTMS - INFO - Successfully loaded custom table model for 'audit_log'
2025-12-03 07:13:07 - OTMS - INFO - Retrieved 11 columns for data source 'audit_log'
2025-12-03 07:13:07 - OTMS - INFO - Attempting to load custom table 'audit_log'
2025-12-03 07:13:07 - OTMS - INFO - Reflecting table 'audit_log' from flex database...
2025-12-03 07:13:07 - OTMS - INFO - Successfully created model for table 'audit_log' from flex database
2025-12-03 07:13:07 - OTMS - INFO - Successfully loaded custom table model for 'audit_log'
2025-12-03 07:13:07 - OTMS - INFO - Retrieved 11 columns for data source 'audit_log'
2025-12-03 07:13:09 - OTMS - INFO - Loaded 61 tables from primary database
2025-12-03 07:13:09 - OTMS - INFO - Loaded 54 tables from flexible database
2025-12-03 07:13:09 - OTMS - INFO - Added 0 additional custom tables from location_config
2025-12-03 07:13:09 - OTMS - INFO - Loading columns for standard data source 'tanker_transactions'
2025-12-03 07:13:09 - OTMS - INFO - Retrieved 42 columns for data source 'tanker_transactions'
2025-12-03 07:13:09 - OTMS - INFO - Attempting to load custom table 'audit_log'
2025-12-03 07:13:09 - OTMS - INFO - Reflecting table 'audit_log' from flex database...
2025-12-03 07:13:09 - OTMS - INFO - Successfully created model for table 'audit_log' from flex database
2025-12-03 07:13:09 - OTMS - INFO - Successfully loaded custom table model for 'audit_log'
2025-12-03 07:13:09 - OTMS - INFO - Retrieved 11 columns for data source 'audit_log'
2025-12-03 07:13:09 - OTMS - INFO - Attempting to load custom table 'audit_log'
2025-12-03 07:13:09 - OTMS - INFO - Reflecting table 'audit_log' from flex database...
2025-12-03 07:13:09 - OTMS - INFO - Successfully created model for table 'audit_log' from flex database
2025-12-03 07:13:09 - OTMS - INFO - Successfully loaded custom table model for 'audit_log'
2025-12-03 07:13:09 - OTMS - INFO - Retrieved 11 columns for data source 'audit_log'
2025-12-03 07:13:09 - OTMS - INFO - Attempting to load custom table 'audit_log'
2025-12-03 07:13:09 - OTMS - INFO - Reflecting table 'audit_log' from flex database...
2025-12-03 07:13:09 - OTMS - INFO - Successfully created model for table 'audit_log' from flex database
2025-12-03 07:13:09 - OTMS - INFO - Successfully loaded custom table model for 'audit_log'
2025-12-03 07:13:09 - OTMS - INFO - Retrieved 11 columns for data source 'audit_log'
2025-12-03 07:13:09 - OTMS - INFO - Attempting to load custom table 'audit_log'
2025-12-03 07:13:09 - OTMS - INFO - Reflecting table 'audit_log' from flex database...
2025-12-03 07:13:09 - OTMS - INFO - Successfully created model for table 'audit_log' from flex database
2025-12-03 07:13:09 - OTMS - INFO - Successfully loaded custom table model for 'audit_log'
2025-12-03 07:13:09 - OTMS - INFO - Retrieved 11 columns for data source 'audit_log'
2025-12-03 07:13:09 - OTMS - INFO - Attempting to load custom table 'audit_log'
2025-12-03 07:13:09 - OTMS - INFO - Reflecting table 'audit_log' from flex database...
2025-12-03 07:13:09 - OTMS - INFO - Successfully created model for table 'audit_log' from flex database
2025-12-03 07:13:09 - OTMS - INFO - Successfully loaded custom table model for 'audit_log'
2025-12-03 07:13:09 - OTMS - INFO - Retrieved 11 columns for data source 'audit_log'
2025-12-03 07:13:09 - OTMS - INFO - Attempting to load custom table 'audit_log'
2025-12-03 07:13:09 - OTMS - INFO - Reflecting table 'audit_log' from flex database...
2025-12-03 07:13:09 - OTMS - INFO - Successfully created model for table 'audit_log' from flex database
2025-12-03 07:13:09 - OTMS - INFO - Successfully loaded custom table model for 'audit_log'
2025-12-03 07:13:09 - OTMS - INFO - Retrieved 11 columns for data source 'audit_log'
2025-12-03 07:13:15 - OTMS - INFO - Loaded 61 tables from primary database
2025-12-03 07:13:15 - OTMS - INFO - Loaded 54 tables from flexible database
2025-12-03 07:13:15 - OTMS - INFO - Added 0 additional custom tables from location_config
2025-12-03 07:13:15 - OTMS - INFO - Loading columns for standard data source 'tanker_transactions'
2025-12-03 07:13:15 - OTMS - INFO - Retrieved 42 columns for data source 'tanker_transactions'
2025-12-03 07:13:15 - OTMS - INFO - Loading columns for standard data source 'tanks'
2025-12-03 07:13:15 - OTMS - INFO - Retrieved 8 columns for data source 'tanks'
2025-12-03 07:13:15 - OTMS - INFO - Attempting to load custom table 'audit_log'
2025-12-03 07:13:15 - OTMS - INFO - Reflecting table 'audit_log' from flex database...
2025-12-03 07:13:15 - OTMS - INFO - Successfully created model for table 'audit_log' from flex database
2025-12-03 07:13:15 - OTMS - INFO - Successfully loaded custom table model for 'audit_log'
2025-12-03 07:13:15 - OTMS - INFO - Retrieved 11 columns for data source 'audit_log'
2025-12-03 07:13:15 - OTMS - INFO - Attempting to load custom table 'audit_log'
2025-12-03 07:13:15 - OTMS - INFO - Reflecting table 'audit_log' from flex database...
2025-12-03 07:13:15 - OTMS - INFO - Successfully created model for table 'audit_log' from flex database
2025-12-03 07:13:15 - OTMS - INFO - Successfully loaded custom table model for 'audit_log'
2025-12-03 07:13:15 - OTMS - INFO - Retrieved 11 columns for data source 'audit_log'
2025-12-03 07:13:15 - OTMS - INFO - Attempting to load custom table 'audit_log'
2025-12-03 07:13:15 - OTMS - INFO - Reflecting table 'audit_log' from flex database...
2025-12-03 07:13:15 - OTMS - INFO - Successfully created model for table 'audit_log' from flex database
2025-12-03 07:13:15 - OTMS - INFO - Successfully loaded custom table model for 'audit_log'
2025-12-03 07:13:15 - OTMS - INFO - Retrieved 11 columns for data source 'audit_log'
2025-12-03 07:13:15 - OTMS - INFO - Attempting to load custom table 'audit_log'
2025-12-03 07:13:15 - OTMS - INFO - Reflecting table 'audit_log' from flex database...
2025-12-03 07:13:15 - OTMS - INFO - Successfully created model for table 'audit_log' from flex database
2025-12-03 07:13:15 - OTMS - INFO - Successfully loaded custom table model for 'audit_log'
2025-12-03 07:13:15 - OTMS - INFO - Retrieved 11 columns for data source 'audit_log'
2025-12-03 07:13:15 - OTMS - INFO - Attempting to load custom table 'audit_log'
2025-12-03 07:13:15 - OTMS - INFO - Reflecting table 'audit_log' from flex database...
2025-12-03 07:13:15 - OTMS - INFO - Successfully created model for table 'audit_log' from flex database
2025-12-03 07:13:15 - OTMS - INFO - Successfully loaded custom table model for 'audit_log'
2025-12-03 07:13:15 - OTMS - INFO - Retrieved 11 columns for data source 'audit_log'
2025-12-03 07:13:22 - OTMS - INFO - Loaded 61 tables from primary database
2025-12-03 07:13:22 - OTMS - INFO - Loaded 54 tables from flexible database
2025-12-03 07:13:22 - OTMS - INFO - Added 0 additional custom tables from location_config
2025-12-03 07:13:22 - OTMS - INFO - Loading columns for standard data source 'tanker_transactions'
2025-12-03 07:13:22 - OTMS - INFO - Retrieved 42 columns for data source 'tanker_transactions'
2025-12-03 07:13:22 - OTMS - INFO - Loading columns for standard data source 'tanks'
2025-12-03 07:13:22 - OTMS - INFO - Retrieved 8 columns for data source 'tanks'
2025-12-03 07:13:22 - OTMS - INFO - Attempting to load custom table 'audit_log'
2025-12-03 07:13:22 - OTMS - INFO - Reflecting table 'audit_log' from flex database...
2025-12-03 07:13:22 - OTMS - INFO - Successfully created model for table 'audit_log' from flex database
2025-12-03 07:13:22 - OTMS - INFO - Successfully loaded custom table model for 'audit_log'
2025-12-03 07:13:22 - OTMS - INFO - Retrieved 11 columns for data source 'audit_log'
2025-12-03 07:13:22 - OTMS - INFO - Attempting to load custom table 'audit_log'
2025-12-03 07:13:22 - OTMS - INFO - Reflecting table 'audit_log' from flex database...
2025-12-03 07:13:22 - OTMS - INFO - Successfully created model for table 'audit_log' from flex database
2025-12-03 07:13:22 - OTMS - INFO - Successfully loaded custom table model for 'audit_log'
2025-12-03 07:13:22 - OTMS - INFO - Retrieved 11 columns for data source 'audit_log'
2025-12-03 07:13:22 - OTMS - INFO - Attempting to load custom table 'audit_log'
2025-12-03 07:13:22 - OTMS - INFO - Reflecting table 'audit_log' from flex database...
2025-12-03 07:13:22 - OTMS - INFO - Successfully created model for table 'audit_log' from flex database
2025-12-03 07:13:22 - OTMS - INFO - Successfully loaded custom table model for 'audit_log'
2025-12-03 07:13:22 - OTMS - INFO - Retrieved 11 columns for data source 'audit_log'
2025-12-03 07:13:22 - OTMS - INFO - Attempting to load custom table 'audit_log'
2025-12-03 07:13:22 - OTMS - INFO - Reflecting table 'audit_log' from flex database...
2025-12-03 07:13:22 - OTMS - INFO - Successfully created model for table 'audit_log' from flex database
2025-12-03 07:13:22 - OTMS - INFO - Successfully loaded custom table model for 'audit_log'
2025-12-03 07:13:22 - OTMS - INFO - Retrieved 11 columns for data source 'audit_log'
2025-12-03 07:13:22 - OTMS - INFO - Attempting to load custom table 'audit_log'
2025-12-03 07:13:22 - OTMS - INFO - Reflecting table 'audit_log' from flex database...
2025-12-03 07:13:22 - OTMS - INFO - Successfully created model for table 'audit_log' from flex database
2025-12-03 07:13:22 - OTMS - INFO - Successfully loaded custom table model for 'audit_log'
2025-12-03 07:13:22 - OTMS - INFO - Retrieved 11 columns for data source 'audit_log'
2025-12-03 07:13:27 - OTMS - INFO - Loaded 61 tables from primary database
2025-12-03 07:13:27 - OTMS - INFO - Loaded 54 tables from flexible database
2025-12-03 07:13:27 - OTMS - INFO - Added 0 additional custom tables from location_config
2025-12-03 07:13:27 - OTMS - INFO - Loading columns for standard data source 'tanker_transactions'
2025-12-03 07:13:27 - OTMS - INFO - Retrieved 42 columns for data source 'tanker_transactions'
2025-12-03 07:13:27 - OTMS - INFO - Loading columns for standard data source 'tanker_transactions'
2025-12-03 07:13:27 - OTMS - INFO - Retrieved 42 columns for data source 'tanker_transactions'
2025-12-03 07:13:27 - OTMS - INFO - Attempting to load custom table 'audit_log'
2025-12-03 07:13:27 - OTMS - INFO - Reflecting table 'audit_log' from flex database...
2025-12-03 07:13:27 - OTMS - INFO - Successfully created model for table 'audit_log' from flex database
2025-12-03 07:13:27 - OTMS - INFO - Successfully loaded custom table model for 'audit_log'
2025-12-03 07:13:27 - OTMS - INFO - Retrieved 11 columns for data source 'audit_log'
2025-12-03 07:13:27 - OTMS - INFO - Attempting to load custom table 'audit_log'
2025-12-03 07:13:27 - OTMS - INFO - Reflecting table 'audit_log' from flex database...
2025-12-03 07:13:27 - OTMS - INFO - Successfully created model for table 'audit_log' from flex database
2025-12-03 07:13:27 - OTMS - INFO - Successfully loaded custom table model for 'audit_log'
2025-12-03 07:13:27 - OTMS - INFO - Retrieved 11 columns for data source 'audit_log'
2025-12-03 07:13:27 - OTMS - INFO - Attempting to load custom table 'audit_log'
2025-12-03 07:13:27 - OTMS - INFO - Reflecting table 'audit_log' from flex database...
2025-12-03 07:13:27 - OTMS - INFO - Successfully created model for table 'audit_log' from flex database
2025-12-03 07:13:27 - OTMS - INFO - Successfully loaded custom table model for 'audit_log'
2025-12-03 07:13:27 - OTMS - INFO - Retrieved 11 columns for data source 'audit_log'
2025-12-03 07:13:27 - OTMS - INFO - Attempting to load custom table 'audit_log'
2025-12-03 07:13:27 - OTMS - INFO - Reflecting table 'audit_log' from flex database...
2025-12-03 07:13:27 - OTMS - INFO - Successfully created model for table 'audit_log' from flex database
2025-12-03 07:13:27 - OTMS - INFO - Successfully loaded custom table model for 'audit_log'
2025-12-03 07:13:27 - OTMS - INFO - Retrieved 11 columns for data source 'audit_log'
2025-12-03 07:13:27 - OTMS - INFO - Attempting to load custom table 'audit_log'
2025-12-03 07:13:27 - OTMS - INFO - Reflecting table 'audit_log' from flex database...
2025-12-03 07:13:27 - OTMS - INFO - Successfully created model for table 'audit_log' from flex database
2025-12-03 07:13:27 - OTMS - INFO - Successfully loaded custom table model for 'audit_log'
2025-12-03 07:13:27 - OTMS - INFO - Retrieved 11 columns for data source 'audit_log'
2025-12-03 07:13:34 - OTMS - INFO - Loaded 61 tables from primary database
2025-12-03 07:13:34 - OTMS - INFO - Loaded 54 tables from flexible database
2025-12-03 07:13:34 - OTMS - INFO - Added 0 additional custom tables from location_config
2025-12-03 07:13:34 - OTMS - INFO - Loading columns for standard data source 'tanker_transactions'
2025-12-03 07:13:34 - OTMS - INFO - Retrieved 42 columns for data source 'tanker_transactions'
2025-12-03 07:13:34 - OTMS - INFO - Loading columns for standard data source 'tanker_transactions'
2025-12-03 07:13:34 - OTMS - INFO - Retrieved 42 columns for data source 'tanker_transactions'
2025-12-03 07:13:34 - OTMS - INFO - Attempting to load custom table 'audit_log'
2025-12-03 07:13:34 - OTMS - INFO - Reflecting table 'audit_log' from flex database...
2025-12-03 07:13:34 - OTMS - INFO - Successfully created model for table 'audit_log' from flex database
2025-12-03 07:13:34 - OTMS - INFO - Successfully loaded custom table model for 'audit_log'
2025-12-03 07:13:34 - OTMS - INFO - Retrieved 11 columns for data source 'audit_log'
2025-12-03 07:13:34 - OTMS - INFO - Attempting to load custom table 'audit_log'
2025-12-03 07:13:34 - OTMS - INFO - Reflecting table 'audit_log' from flex database...
2025-12-03 07:13:34 - OTMS - INFO - Successfully created model for table 'audit_log' from flex database
2025-12-03 07:13:34 - OTMS - INFO - Successfully loaded custom table model for 'audit_log'
2025-12-03 07:13:34 - OTMS - INFO - Retrieved 11 columns for data source 'audit_log'
2025-12-03 07:13:34 - OTMS - INFO - Attempting to load custom table 'audit_log'
2025-12-03 07:13:34 - OTMS - INFO - Reflecting table 'audit_log' from flex database...
2025-12-03 07:13:34 - OTMS - INFO - Successfully created model for table 'audit_log' from flex database
2025-12-03 07:13:34 - OTMS - INFO - Successfully loaded custom table model for 'audit_log'
2025-12-03 07:13:34 - OTMS - INFO - Retrieved 11 columns for data source 'audit_log'
2025-12-03 07:13:34 - OTMS - INFO - Attempting to load custom table 'audit_log'
2025-12-03 07:13:34 - OTMS - INFO - Reflecting table 'audit_log' from flex database...
2025-12-03 07:13:34 - OTMS - INFO - Successfully created model for table 'audit_log' from flex database
2025-12-03 07:13:34 - OTMS - INFO - Successfully loaded custom table model for 'audit_log'
2025-12-03 07:13:34 - OTMS - INFO - Retrieved 11 columns for data source 'audit_log'
2025-12-03 07:13:34 - OTMS - INFO - Attempting to load custom table 'audit_log'
2025-12-03 07:13:34 - OTMS - INFO - Reflecting table 'audit_log' from flex database...
2025-12-03 07:13:34 - OTMS - INFO - Successfully created model for table 'audit_log' from flex database
2025-12-03 07:13:34 - OTMS - INFO - Successfully loaded custom table model for 'audit_log'
2025-12-03 07:13:34 - OTMS - INFO - Retrieved 11 columns for data source 'audit_log'
2025-12-03 07:13:41 - OTMS - INFO - Loaded 61 tables from primary database
2025-12-03 07:13:41 - OTMS - INFO - Loaded 54 tables from flexible database
2025-12-03 07:13:41 - OTMS - INFO - Added 0 additional custom tables from location_config
2025-12-03 07:13:41 - OTMS - INFO - Loading columns for standard data source 'tanker_transactions'
2025-12-03 07:13:41 - OTMS - INFO - Retrieved 42 columns for data source 'tanker_transactions'
2025-12-03 07:13:41 - OTMS - INFO - Loading columns for standard data source 'tanker_transactions'
2025-12-03 07:13:41 - OTMS - INFO - Retrieved 42 columns for data source 'tanker_transactions'
2025-12-03 07:13:41 - OTMS - INFO - Attempting to load custom table 'audit_log'
2025-12-03 07:13:41 - OTMS - INFO - Reflecting table 'audit_log' from flex database...
2025-12-03 07:13:41 - OTMS - INFO - Successfully created model for table 'audit_log' from flex database
2025-12-03 07:13:41 - OTMS - INFO - Successfully loaded custom table model for 'audit_log'
2025-12-03 07:13:41 - OTMS - INFO - Retrieved 11 columns for data source 'audit_log'
2025-12-03 07:13:41 - OTMS - INFO - Attempting to load custom table 'audit_log'
2025-12-03 07:13:41 - OTMS - INFO - Reflecting table 'audit_log' from flex database...
2025-12-03 07:13:41 - OTMS - INFO - Successfully created model for table 'audit_log' from flex database
2025-12-03 07:13:41 - OTMS - INFO - Successfully loaded custom table model for 'audit_log'
2025-12-03 07:13:41 - OTMS - INFO - Retrieved 11 columns for data source 'audit_log'
2025-12-03 07:13:41 - OTMS - INFO - Attempting to load custom table 'audit_log'
2025-12-03 07:13:41 - OTMS - INFO - Reflecting table 'audit_log' from flex database...
2025-12-03 07:13:41 - OTMS - INFO - Successfully created model for table 'audit_log' from flex database
2025-12-03 07:13:41 - OTMS - INFO - Successfully loaded custom table model for 'audit_log'
2025-12-03 07:13:41 - OTMS - INFO - Retrieved 11 columns for data source 'audit_log'
2025-12-03 07:13:41 - OTMS - INFO - Attempting to load custom table 'audit_log'
2025-12-03 07:13:41 - OTMS - INFO - Reflecting table 'audit_log' from flex database...
2025-12-03 07:13:41 - OTMS - INFO - Successfully created model for table 'audit_log' from flex database
2025-12-03 07:13:41 - OTMS - INFO - Successfully loaded custom table model for 'audit_log'
2025-12-03 07:13:41 - OTMS - INFO - Retrieved 11 columns for data source 'audit_log'
2025-12-03 07:13:41 - OTMS - INFO - Attempting to load custom table 'audit_log'
2025-12-03 07:13:41 - OTMS - INFO - Reflecting table 'audit_log' from flex database...
2025-12-03 07:13:41 - OTMS - INFO - Successfully created model for table 'audit_log' from flex database
2025-12-03 07:13:41 - OTMS - INFO - Successfully loaded custom table model for 'audit_log'
2025-12-03 07:13:41 - OTMS - INFO - Retrieved 11 columns for data source 'audit_log'
2025-12-03 07:13:44 - OTMS - INFO - Loaded 61 tables from primary database
2025-12-03 07:13:44 - OTMS - INFO - Loaded 54 tables from flexible database
2025-12-03 07:13:44 - OTMS - INFO - Added 0 additional custom tables from location_config
2025-12-03 07:13:44 - OTMS - INFO - Loading columns for standard data source 'tanker_transactions'
2025-12-03 07:13:44 - OTMS - INFO - Retrieved 42 columns for data source 'tanker_transactions'
2025-12-03 07:13:44 - OTMS - INFO - Loading columns for standard data source 'tanker_transactions'
2025-12-03 07:13:44 - OTMS - INFO - Retrieved 42 columns for data source 'tanker_transactions'
2025-12-03 07:13:44 - OTMS - INFO - Attempting to load custom table 'audit_log'
2025-12-03 07:13:44 - OTMS - INFO - Reflecting table 'audit_log' from flex database...
2025-12-03 07:13:44 - OTMS - INFO - Successfully created model for table 'audit_log' from flex database
2025-12-03 07:13:44 - OTMS - INFO - Successfully loaded custom table model for 'audit_log'
2025-12-03 07:13:44 - OTMS - INFO - Retrieved 11 columns for data source 'audit_log'
2025-12-03 07:13:44 - OTMS - INFO - Attempting to load custom table 'audit_log'
2025-12-03 07:13:44 - OTMS - INFO - Reflecting table 'audit_log' from flex database...
2025-12-03 07:13:44 - OTMS - INFO - Successfully created model for table 'audit_log' from flex database
2025-12-03 07:13:44 - OTMS - INFO - Successfully loaded custom table model for 'audit_log'
2025-12-03 07:13:44 - OTMS - INFO - Retrieved 11 columns for data source 'audit_log'
2025-12-03 07:13:44 - OTMS - INFO - Attempting to load custom table 'audit_log'
2025-12-03 07:13:44 - OTMS - INFO - Reflecting table 'audit_log' from flex database...
2025-12-03 07:13:44 - OTMS - INFO - Successfully created model for table 'audit_log' from flex database
2025-12-03 07:13:44 - OTMS - INFO - Successfully loaded custom table model for 'audit_log'
2025-12-03 07:13:44 - OTMS - INFO - Retrieved 11 columns for data source 'audit_log'
2025-12-03 07:13:44 - OTMS - INFO - Attempting to load custom table 'audit_log'
2025-12-03 07:13:44 - OTMS - INFO - Reflecting table 'audit_log' from flex database...
2025-12-03 07:13:44 - OTMS - INFO - Successfully created model for table 'audit_log' from flex database
2025-12-03 07:13:44 - OTMS - INFO - Successfully loaded custom table model for 'audit_log'
2025-12-03 07:13:44 - OTMS - INFO - Retrieved 11 columns for data source 'audit_log'
2025-12-03 07:13:44 - OTMS - INFO - Attempting to load custom table 'audit_log'
2025-12-03 07:13:44 - OTMS - INFO - Reflecting table 'audit_log' from flex database...
2025-12-03 07:13:44 - OTMS - INFO - Successfully created model for table 'audit_log' from flex database
2025-12-03 07:13:44 - OTMS - INFO - Successfully loaded custom table model for 'audit_log'
2025-12-03 07:13:44 - OTMS - INFO - Retrieved 11 columns for data source 'audit_log'
2025-12-03 07:13:52 - OTMS - INFO - Loaded 61 tables from primary database
2025-12-03 07:13:52 - OTMS - INFO - Loaded 54 tables from flexible database
2025-12-03 07:13:52 - OTMS - INFO - Added 0 additional custom tables from location_config
2025-12-03 07:13:52 - OTMS - INFO - Loading columns for standard data source 'tanker_transactions'
2025-12-03 07:13:52 - OTMS - INFO - Retrieved 42 columns for data source 'tanker_transactions'
2025-12-03 07:13:52 - OTMS - INFO - Loading columns for standard data source 'tanker_transactions'
2025-12-03 07:13:52 - OTMS - INFO - Retrieved 42 columns for data source 'tanker_transactions'
2025-12-03 07:13:52 - OTMS - INFO - Loading columns for standard data source 'tanker_transactions'
2025-12-03 07:13:52 - OTMS - INFO - Retrieved 42 columns for data source 'tanker_transactions'
2025-12-03 07:13:52 - OTMS - INFO - Attempting to load custom table 'audit_log'
2025-12-03 07:13:52 - OTMS - INFO - Reflecting table 'audit_log' from flex database...
2025-12-03 07:13:52 - OTMS - INFO - Successfully created model for table 'audit_log' from flex database
2025-12-03 07:13:52 - OTMS - INFO - Successfully loaded custom table model for 'audit_log'
2025-12-03 07:13:52 - OTMS - INFO - Retrieved 11 columns for data source 'audit_log'
2025-12-03 07:13:52 - OTMS - INFO - Attempting to load custom table 'audit_log'
2025-12-03 07:13:52 - OTMS - INFO - Reflecting table 'audit_log' from flex database...
2025-12-03 07:13:52 - OTMS - INFO - Successfully created model for table 'audit_log' from flex database
2025-12-03 07:13:52 - OTMS - INFO - Successfully loaded custom table model for 'audit_log'
2025-12-03 07:13:52 - OTMS - INFO - Retrieved 11 columns for data source 'audit_log'
2025-12-03 07:13:52 - OTMS - INFO - Attempting to load custom table 'audit_log'
2025-12-03 07:13:52 - OTMS - INFO - Reflecting table 'audit_log' from flex database...
2025-12-03 07:13:52 - OTMS - INFO - Successfully created model for table 'audit_log' from flex database
2025-12-03 07:13:52 - OTMS - INFO - Successfully loaded custom table model for 'audit_log'
2025-12-03 07:13:52 - OTMS - INFO - Retrieved 11 columns for data source 'audit_log'
2025-12-03 07:13:52 - OTMS - INFO - Attempting to load custom table 'audit_log'
2025-12-03 07:13:52 - OTMS - INFO - Reflecting table 'audit_log' from flex database...
2025-12-03 07:13:52 - OTMS - INFO - Successfully created model for table 'audit_log' from flex database
2025-12-03 07:13:52 - OTMS - INFO - Successfully loaded custom table model for 'audit_log'
2025-12-03 07:13:52 - OTMS - INFO - Retrieved 11 columns for data source 'audit_log'
2025-12-03 07:13:56 - OTMS - INFO - Loaded 61 tables from primary database
2025-12-03 07:13:56 - OTMS - INFO - Loaded 54 tables from flexible database
2025-12-03 07:13:56 - OTMS - INFO - Added 0 additional custom tables from location_config
2025-12-03 07:13:56 - OTMS - INFO - Loading columns for standard data source 'tanker_transactions'
2025-12-03 07:13:56 - OTMS - INFO - Retrieved 42 columns for data source 'tanker_transactions'
2025-12-03 07:13:56 - OTMS - INFO - Loading columns for standard data source 'tanker_transactions'
2025-12-03 07:13:56 - OTMS - INFO - Retrieved 42 columns for data source 'tanker_transactions'
2025-12-03 07:13:56 - OTMS - INFO - Loading columns for standard data source 'tanker_transactions'
2025-12-03 07:13:56 - OTMS - INFO - Retrieved 42 columns for data source 'tanker_transactions'
2025-12-03 07:13:56 - OTMS - INFO - Attempting to load custom table 'audit_log'
2025-12-03 07:13:56 - OTMS - INFO - Reflecting table 'audit_log' from flex database...
2025-12-03 07:13:56 - OTMS - INFO - Successfully created model for table 'audit_log' from flex database
2025-12-03 07:13:56 - OTMS - INFO - Successfully loaded custom table model for 'audit_log'
2025-12-03 07:13:56 - OTMS - INFO - Retrieved 11 columns for data source 'audit_log'
2025-12-03 07:13:56 - OTMS - INFO - Attempting to load custom table 'audit_log'
2025-12-03 07:13:56 - OTMS - INFO - Reflecting table 'audit_log' from flex database...
2025-12-03 07:13:56 - OTMS - INFO - Successfully created model for table 'audit_log' from flex database
2025-12-03 07:13:56 - OTMS - INFO - Successfully loaded custom table model for 'audit_log'
2025-12-03 07:13:56 - OTMS - INFO - Retrieved 11 columns for data source 'audit_log'
2025-12-03 07:13:56 - OTMS - INFO - Attempting to load custom table 'audit_log'
2025-12-03 07:13:56 - OTMS - INFO - Reflecting table 'audit_log' from flex database...
2025-12-03 07:13:56 - OTMS - INFO - Successfully created model for table 'audit_log' from flex database
2025-12-03 07:13:56 - OTMS - INFO - Successfully loaded custom table model for 'audit_log'
2025-12-03 07:13:56 - OTMS - INFO - Retrieved 11 columns for data source 'audit_log'
2025-12-03 07:13:56 - OTMS - INFO - Attempting to load custom table 'audit_log'
2025-12-03 07:13:56 - OTMS - INFO - Reflecting table 'audit_log' from flex database...
2025-12-03 07:13:56 - OTMS - INFO - Successfully created model for table 'audit_log' from flex database
2025-12-03 07:13:56 - OTMS - INFO - Successfully loaded custom table model for 'audit_log'
2025-12-03 07:13:56 - OTMS - INFO - Retrieved 11 columns for data source 'audit_log'
2025-12-03 07:14:04 - OTMS - INFO - Loaded 61 tables from primary database
2025-12-03 07:14:04 - OTMS - INFO - Loaded 54 tables from flexible database
2025-12-03 07:14:04 - OTMS - INFO - Added 0 additional custom tables from location_config
2025-12-03 07:14:04 - OTMS - INFO - Loading columns for standard data source 'tanker_transactions'
2025-12-03 07:14:04 - OTMS - INFO - Retrieved 42 columns for data source 'tanker_transactions'
2025-12-03 07:14:04 - OTMS - INFO - Loading columns for standard data source 'tanker_transactions'
2025-12-03 07:14:04 - OTMS - INFO - Retrieved 42 columns for data source 'tanker_transactions'
2025-12-03 07:14:04 - OTMS - INFO - Loading columns for standard data source 'tanker_transactions'
2025-12-03 07:14:04 - OTMS - INFO - Retrieved 42 columns for data source 'tanker_transactions'
2025-12-03 07:14:04 - OTMS - INFO - Attempting to load custom table 'audit_log'
2025-12-03 07:14:04 - OTMS - INFO - Reflecting table 'audit_log' from flex database...
2025-12-03 07:14:04 - OTMS - INFO - Successfully created model for table 'audit_log' from flex database
2025-12-03 07:14:04 - OTMS - INFO - Successfully loaded custom table model for 'audit_log'
2025-12-03 07:14:04 - OTMS - INFO - Retrieved 11 columns for data source 'audit_log'
2025-12-03 07:14:04 - OTMS - INFO - Attempting to load custom table 'audit_log'
2025-12-03 07:14:04 - OTMS - INFO - Reflecting table 'audit_log' from flex database...
2025-12-03 07:14:04 - OTMS - INFO - Successfully created model for table 'audit_log' from flex database
2025-12-03 07:14:04 - OTMS - INFO - Successfully loaded custom table model for 'audit_log'
2025-12-03 07:14:04 - OTMS - INFO - Retrieved 11 columns for data source 'audit_log'
2025-12-03 07:14:04 - OTMS - INFO - Attempting to load custom table 'audit_log'
2025-12-03 07:14:04 - OTMS - INFO - Reflecting table 'audit_log' from flex database...
2025-12-03 07:14:04 - OTMS - INFO - Successfully created model for table 'audit_log' from flex database
2025-12-03 07:14:04 - OTMS - INFO - Successfully loaded custom table model for 'audit_log'
2025-12-03 07:14:04 - OTMS - INFO - Retrieved 11 columns for data source 'audit_log'
2025-12-03 07:14:04 - OTMS - INFO - Attempting to load custom table 'audit_log'
2025-12-03 07:14:04 - OTMS - INFO - Reflecting table 'audit_log' from flex database...
2025-12-03 07:14:04 - OTMS - INFO - Successfully created model for table 'audit_log' from flex database
2025-12-03 07:14:04 - OTMS - INFO - Successfully loaded custom table model for 'audit_log'
2025-12-03 07:14:04 - OTMS - INFO - Retrieved 11 columns for data source 'audit_log'
2025-12-03 07:14:06 - OTMS - INFO - Loaded 61 tables from primary database
2025-12-03 07:14:06 - OTMS - INFO - Loaded 54 tables from flexible database
2025-12-03 07:14:06 - OTMS - INFO - Added 0 additional custom tables from location_config
2025-12-03 07:14:06 - OTMS - INFO - Loading columns for standard data source 'tanker_transactions'
2025-12-03 07:14:06 - OTMS - INFO - Retrieved 42 columns for data source 'tanker_transactions'
2025-12-03 07:14:06 - OTMS - INFO - Loading columns for standard data source 'tanker_transactions'
2025-12-03 07:14:06 - OTMS - INFO - Retrieved 42 columns for data source 'tanker_transactions'
2025-12-03 07:14:06 - OTMS - INFO - Loading columns for standard data source 'tanker_transactions'
2025-12-03 07:14:06 - OTMS - INFO - Retrieved 42 columns for data source 'tanker_transactions'
2025-12-03 07:14:06 - OTMS - INFO - Attempting to load custom table 'audit_log'
2025-12-03 07:14:06 - OTMS - INFO - Reflecting table 'audit_log' from flex database...
2025-12-03 07:14:06 - OTMS - INFO - Successfully created model for table 'audit_log' from flex database
2025-12-03 07:14:06 - OTMS - INFO - Successfully loaded custom table model for 'audit_log'
2025-12-03 07:14:06 - OTMS - INFO - Retrieved 11 columns for data source 'audit_log'
2025-12-03 07:14:06 - OTMS - INFO - Attempting to load custom table 'audit_log'
2025-12-03 07:14:06 - OTMS - INFO - Reflecting table 'audit_log' from flex database...
2025-12-03 07:14:06 - OTMS - INFO - Successfully created model for table 'audit_log' from flex database
2025-12-03 07:14:06 - OTMS - INFO - Successfully loaded custom table model for 'audit_log'
2025-12-03 07:14:06 - OTMS - INFO - Retrieved 11 columns for data source 'audit_log'
2025-12-03 07:14:06 - OTMS - INFO - Attempting to load custom table 'audit_log'
2025-12-03 07:14:06 - OTMS - INFO - Reflecting table 'audit_log' from flex database...
2025-12-03 07:14:06 - OTMS - INFO - Successfully created model for table 'audit_log' from flex database
2025-12-03 07:14:06 - OTMS - INFO - Successfully loaded custom table model for 'audit_log'
2025-12-03 07:14:06 - OTMS - INFO - Retrieved 11 columns for data source 'audit_log'
2025-12-03 07:14:06 - OTMS - INFO - Attempting to load custom table 'audit_log'
2025-12-03 07:14:06 - OTMS - INFO - Reflecting table 'audit_log' from flex database...
2025-12-03 07:14:06 - OTMS - INFO - Successfully created model for table 'audit_log' from flex database
2025-12-03 07:14:06 - OTMS - INFO - Successfully loaded custom table model for 'audit_log'
2025-12-03 07:14:06 - OTMS - INFO - Retrieved 11 columns for data source 'audit_log'
2025-12-03 07:14:09 - OTMS - INFO - Loaded 61 tables from primary database
2025-12-03 07:14:09 - OTMS - INFO - Loaded 54 tables from flexible database
2025-12-03 07:14:09 - OTMS - INFO - Added 0 additional custom tables from location_config
2025-12-03 07:14:09 - OTMS - INFO - Loading columns for standard data source 'tanker_transactions'
2025-12-03 07:14:09 - OTMS - INFO - Retrieved 42 columns for data source 'tanker_transactions'
2025-12-03 07:14:09 - OTMS - INFO - Loading columns for standard data source 'tanker_transactions'
2025-12-03 07:14:09 - OTMS - INFO - Retrieved 42 columns for data source 'tanker_transactions'
2025-12-03 07:14:09 - OTMS - INFO - Loading columns for standard data source 'tanker_transactions'
2025-12-03 07:14:09 - OTMS - INFO - Retrieved 42 columns for data source 'tanker_transactions'
2025-12-03 07:14:09 - OTMS - INFO - Attempting to load custom table 'audit_log'
2025-12-03 07:14:09 - OTMS - INFO - Reflecting table 'audit_log' from flex database...
2025-12-03 07:14:09 - OTMS - INFO - Successfully created model for table 'audit_log' from flex database
2025-12-03 07:14:09 - OTMS - INFO - Successfully loaded custom table model for 'audit_log'
2025-12-03 07:14:09 - OTMS - INFO - Retrieved 11 columns for data source 'audit_log'
2025-12-03 07:14:09 - OTMS - INFO - Attempting to load custom table 'audit_log'
2025-12-03 07:14:09 - OTMS - INFO - Reflecting table 'audit_log' from flex database...
2025-12-03 07:14:09 - OTMS - INFO - Successfully created model for table 'audit_log' from flex database
2025-12-03 07:14:09 - OTMS - INFO - Successfully loaded custom table model for 'audit_log'
2025-12-03 07:14:09 - OTMS - INFO - Retrieved 11 columns for data source 'audit_log'
2025-12-03 07:14:09 - OTMS - INFO - Attempting to load custom table 'audit_log'
2025-12-03 07:14:09 - OTMS - INFO - Reflecting table 'audit_log' from flex database...
2025-12-03 07:14:09 - OTMS - INFO - Successfully created model for table 'audit_log' from flex database
2025-12-03 07:14:09 - OTMS - INFO - Successfully loaded custom table model for 'audit_log'
2025-12-03 07:14:09 - OTMS - INFO - Retrieved 11 columns for data source 'audit_log'
2025-12-03 07:14:09 - OTMS - INFO - Attempting to load custom table 'audit_log'
2025-12-03 07:14:09 - OTMS - INFO - Reflecting table 'audit_log' from flex database...
2025-12-03 07:14:09 - OTMS - INFO - Successfully created model for table 'audit_log' from flex database
2025-12-03 07:14:09 - OTMS - INFO - Successfully loaded custom table model for 'audit_log'
2025-12-03 07:14:09 - OTMS - INFO - Retrieved 11 columns for data source 'audit_log'
2025-12-03 07:14:13 - OTMS - INFO - Loaded 61 tables from primary database
2025-12-03 07:14:13 - OTMS - INFO - Loaded 54 tables from flexible database
2025-12-03 07:14:13 - OTMS - INFO - Added 0 additional custom tables from location_config
2025-12-03 07:14:13 - OTMS - INFO - Loading columns for standard data source 'tanker_transactions'
2025-12-03 07:14:13 - OTMS - INFO - Retrieved 42 columns for data source 'tanker_transactions'
2025-12-03 07:14:13 - OTMS - INFO - Loading columns for standard data source 'tanker_transactions'
2025-12-03 07:14:13 - OTMS - INFO - Retrieved 42 columns for data source 'tanker_transactions'
2025-12-03 07:14:13 - OTMS - INFO - Loading columns for standard data source 'tanker_transactions'
2025-12-03 07:14:13 - OTMS - INFO - Retrieved 42 columns for data source 'tanker_transactions'
2025-12-03 07:14:13 - OTMS - INFO - Attempting to load custom table 'audit_log'
2025-12-03 07:14:13 - OTMS - INFO - Reflecting table 'audit_log' from flex database...
2025-12-03 07:14:13 - OTMS - INFO - Successfully created model for table 'audit_log' from flex database
2025-12-03 07:14:13 - OTMS - INFO - Successfully loaded custom table model for 'audit_log'
2025-12-03 07:14:13 - OTMS - INFO - Retrieved 11 columns for data source 'audit_log'
2025-12-03 07:14:13 - OTMS - INFO - Attempting to load custom table 'audit_log'
2025-12-03 07:14:13 - OTMS - INFO - Reflecting table 'audit_log' from flex database...
2025-12-03 07:14:13 - OTMS - INFO - Successfully created model for table 'audit_log' from flex database
2025-12-03 07:14:13 - OTMS - INFO - Successfully loaded custom table model for 'audit_log'
2025-12-03 07:14:13 - OTMS - INFO - Retrieved 11 columns for data source 'audit_log'
2025-12-03 07:14:13 - OTMS - INFO - Attempting to load custom table 'audit_log'
2025-12-03 07:14:13 - OTMS - INFO - Reflecting table 'audit_log' from flex database...
2025-12-03 07:14:13 - OTMS - INFO - Successfully created model for table 'audit_log' from flex database
2025-12-03 07:14:13 - OTMS - INFO - Successfully loaded custom table model for 'audit_log'
2025-12-03 07:14:13 - OTMS - INFO - Retrieved 11 columns for data source 'audit_log'
2025-12-03 07:14:13 - OTMS - INFO - Attempting to load custom table 'audit_log'
2025-12-03 07:14:13 - OTMS - INFO - Reflecting table 'audit_log' from flex database...
2025-12-03 07:14:13 - OTMS - INFO - Successfully created model for table 'audit_log' from flex database
2025-12-03 07:14:13 - OTMS - INFO - Successfully loaded custom table model for 'audit_log'
2025-12-03 07:14:13 - OTMS - INFO - Retrieved 11 columns for data source 'audit_log'
2025-12-03 07:14:18 - OTMS - INFO - Loaded 61 tables from primary database
2025-12-03 07:14:18 - OTMS - INFO - Loaded 54 tables from flexible database
2025-12-03 07:14:18 - OTMS - INFO - Added 0 additional custom tables from location_config
2025-12-03 07:14:18 - OTMS - INFO - Loading columns for standard data source 'tanker_transactions'
2025-12-03 07:14:18 - OTMS - INFO - Retrieved 42 columns for data source 'tanker_transactions'
2025-12-03 07:14:18 - OTMS - INFO - Loading columns for standard data source 'tanker_transactions'
2025-12-03 07:14:18 - OTMS - INFO - Retrieved 42 columns for data source 'tanker_transactions'
2025-12-03 07:14:18 - OTMS - INFO - Loading columns for standard data source 'tanker_transactions'
2025-12-03 07:14:18 - OTMS - INFO - Retrieved 42 columns for data source 'tanker_transactions'
2025-12-03 07:14:18 - OTMS - INFO - Loading columns for standard data source 'tanker_transactions'
2025-12-03 07:14:18 - OTMS - INFO - Retrieved 42 columns for data source 'tanker_transactions'
2025-12-03 07:14:18 - OTMS - INFO - Attempting to load custom table 'audit_log'
2025-12-03 07:14:18 - OTMS - INFO - Reflecting table 'audit_log' from flex database...
2025-12-03 07:14:18 - OTMS - INFO - Successfully created model for table 'audit_log' from flex database
2025-12-03 07:14:18 - OTMS - INFO - Successfully loaded custom table model for 'audit_log'
2025-12-03 07:14:18 - OTMS - INFO - Retrieved 11 columns for data source 'audit_log'
2025-12-03 07:14:18 - OTMS - INFO - Attempting to load custom table 'audit_log'
2025-12-03 07:14:18 - OTMS - INFO - Reflecting table 'audit_log' from flex database...
2025-12-03 07:14:18 - OTMS - INFO - Successfully created model for table 'audit_log' from flex database
2025-12-03 07:14:18 - OTMS - INFO - Successfully loaded custom table model for 'audit_log'
2025-12-03 07:14:18 - OTMS - INFO - Retrieved 11 columns for data source 'audit_log'
2025-12-03 07:14:18 - OTMS - INFO - Attempting to load custom table 'audit_log'
2025-12-03 07:14:18 - OTMS - INFO - Reflecting table 'audit_log' from flex database...
2025-12-03 07:14:18 - OTMS - INFO - Successfully created model for table 'audit_log' from flex database
2025-12-03 07:14:18 - OTMS - INFO - Successfully loaded custom table model for 'audit_log'
2025-12-03 07:14:18 - OTMS - INFO - Retrieved 11 columns for data source 'audit_log'
2025-12-03 07:14:26 - OTMS - INFO - Loaded 61 tables from primary database
2025-12-03 07:14:26 - OTMS - INFO - Loaded 54 tables from flexible database
2025-12-03 07:14:26 - OTMS - INFO - Added 0 additional custom tables from location_config
2025-12-03 07:14:26 - OTMS - INFO - Loading columns for standard data source 'tanker_transactions'
2025-12-03 07:14:26 - OTMS - INFO - Retrieved 42 columns for data source 'tanker_transactions'
2025-12-03 07:14:26 - OTMS - INFO - Loading columns for standard data source 'tanker_transactions'
2025-12-03 07:14:26 - OTMS - INFO - Retrieved 42 columns for data source 'tanker_transactions'
2025-12-03 07:14:26 - OTMS - INFO - Loading columns for standard data source 'tanker_transactions'
2025-12-03 07:14:26 - OTMS - INFO - Retrieved 42 columns for data source 'tanker_transactions'
2025-12-03 07:14:26 - OTMS - INFO - Loading columns for standard data source 'tanker_transactions'
2025-12-03 07:14:26 - OTMS - INFO - Retrieved 42 columns for data source 'tanker_transactions'
2025-12-03 07:14:26 - OTMS - INFO - Attempting to load custom table 'audit_log'
2025-12-03 07:14:26 - OTMS - INFO - Reflecting table 'audit_log' from flex database...
2025-12-03 07:14:26 - OTMS - INFO - Successfully created model for table 'audit_log' from flex database
2025-12-03 07:14:26 - OTMS - INFO - Successfully loaded custom table model for 'audit_log'
2025-12-03 07:14:26 - OTMS - INFO - Retrieved 11 columns for data source 'audit_log'
2025-12-03 07:14:26 - OTMS - INFO - Attempting to load custom table 'audit_log'
2025-12-03 07:14:26 - OTMS - INFO - Reflecting table 'audit_log' from flex database...
2025-12-03 07:14:26 - OTMS - INFO - Successfully created model for table 'audit_log' from flex database
2025-12-03 07:14:26 - OTMS - INFO - Successfully loaded custom table model for 'audit_log'
2025-12-03 07:14:26 - OTMS - INFO - Retrieved 11 columns for data source 'audit_log'
2025-12-03 07:14:26 - OTMS - INFO - Attempting to load custom table 'audit_log'
2025-12-03 07:14:26 - OTMS - INFO - Reflecting table 'audit_log' from flex database...
2025-12-03 07:14:26 - OTMS - INFO - Successfully created model for table 'audit_log' from flex database
2025-12-03 07:14:26 - OTMS - INFO - Successfully loaded custom table model for 'audit_log'
2025-12-03 07:14:26 - OTMS - INFO - Retrieved 11 columns for data source 'audit_log'
2025-12-03 07:14:35 - OTMS - INFO - Loaded 61 tables from primary database
2025-12-03 07:14:35 - OTMS - INFO - Loaded 54 tables from flexible database
2025-12-03 07:14:35 - OTMS - INFO - Added 0 additional custom tables from location_config
2025-12-03 07:14:35 - OTMS - INFO - Loading columns for standard data source 'tanker_transactions'
2025-12-03 07:14:35 - OTMS - INFO - Retrieved 42 columns for data source 'tanker_transactions'
2025-12-03 07:14:35 - OTMS - INFO - Loading columns for standard data source 'tanker_transactions'
2025-12-03 07:14:35 - OTMS - INFO - Retrieved 42 columns for data source 'tanker_transactions'
2025-12-03 07:14:35 - OTMS - INFO - Loading columns for standard data source 'tanker_transactions'
2025-12-03 07:14:35 - OTMS - INFO - Retrieved 42 columns for data source 'tanker_transactions'
2025-12-03 07:14:35 - OTMS - INFO - Loading columns for standard data source 'tanker_transactions'
2025-12-03 07:14:35 - OTMS - INFO - Retrieved 42 columns for data source 'tanker_transactions'
2025-12-03 07:14:35 - OTMS - INFO - Attempting to load custom table 'audit_log'
2025-12-03 07:14:35 - OTMS - INFO - Reflecting table 'audit_log' from flex database...
2025-12-03 07:14:35 - OTMS - INFO - Successfully created model for table 'audit_log' from flex database
2025-12-03 07:14:35 - OTMS - INFO - Successfully loaded custom table model for 'audit_log'
2025-12-03 07:14:35 - OTMS - INFO - Retrieved 11 columns for data source 'audit_log'
2025-12-03 07:14:35 - OTMS - INFO - Attempting to load custom table 'audit_log'
2025-12-03 07:14:35 - OTMS - INFO - Reflecting table 'audit_log' from flex database...
2025-12-03 07:14:35 - OTMS - INFO - Successfully created model for table 'audit_log' from flex database
2025-12-03 07:14:35 - OTMS - INFO - Successfully loaded custom table model for 'audit_log'
2025-12-03 07:14:35 - OTMS - INFO - Retrieved 11 columns for data source 'audit_log'
2025-12-03 07:14:35 - OTMS - INFO - Attempting to load custom table 'audit_log'
2025-12-03 07:14:35 - OTMS - INFO - Reflecting table 'audit_log' from flex database...
2025-12-03 07:14:35 - OTMS - INFO - Successfully created model for table 'audit_log' from flex database
2025-12-03 07:14:35 - OTMS - INFO - Successfully loaded custom table model for 'audit_log'
2025-12-03 07:14:35 - OTMS - INFO - Retrieved 11 columns for data source 'audit_log'
2025-12-03 07:14:41 - OTMS - INFO - Loaded 61 tables from primary database
2025-12-03 07:14:41 - OTMS - INFO - Loaded 54 tables from flexible database
2025-12-03 07:14:41 - OTMS - INFO - Added 0 additional custom tables from location_config
2025-12-03 07:14:41 - OTMS - INFO - Loading columns for standard data source 'tanker_transactions'
2025-12-03 07:14:41 - OTMS - INFO - Retrieved 42 columns for data source 'tanker_transactions'
2025-12-03 07:14:41 - OTMS - INFO - Loading columns for standard data source 'tanker_transactions'
2025-12-03 07:14:41 - OTMS - INFO - Retrieved 42 columns for data source 'tanker_transactions'
2025-12-03 07:14:41 - OTMS - INFO - Loading columns for standard data source 'tanker_transactions'
2025-12-03 07:14:41 - OTMS - INFO - Retrieved 42 columns for data source 'tanker_transactions'
2025-12-03 07:14:41 - OTMS - INFO - Loading columns for standard data source 'tanker_transactions'
2025-12-03 07:14:41 - OTMS - INFO - Retrieved 42 columns for data source 'tanker_transactions'
2025-12-03 07:14:41 - OTMS - INFO - Attempting to load custom table 'audit_log'
2025-12-03 07:14:41 - OTMS - INFO - Reflecting table 'audit_log' from flex database...
2025-12-03 07:14:41 - OTMS - INFO - Successfully created model for table 'audit_log' from flex database
2025-12-03 07:14:41 - OTMS - INFO - Successfully loaded custom table model for 'audit_log'
2025-12-03 07:14:41 - OTMS - INFO - Retrieved 11 columns for data source 'audit_log'
2025-12-03 07:14:41 - OTMS - INFO - Attempting to load custom table 'audit_log'
2025-12-03 07:14:41 - OTMS - INFO - Reflecting table 'audit_log' from flex database...
2025-12-03 07:14:41 - OTMS - INFO - Successfully created model for table 'audit_log' from flex database
2025-12-03 07:14:41 - OTMS - INFO - Successfully loaded custom table model for 'audit_log'
2025-12-03 07:14:41 - OTMS - INFO - Retrieved 11 columns for data source 'audit_log'
2025-12-03 07:14:41 - OTMS - INFO - Attempting to load custom table 'audit_log'
2025-12-03 07:14:41 - OTMS - INFO - Reflecting table 'audit_log' from flex database...
2025-12-03 07:14:41 - OTMS - INFO - Successfully created model for table 'audit_log' from flex database
2025-12-03 07:14:41 - OTMS - INFO - Successfully loaded custom table model for 'audit_log'
2025-12-03 07:14:41 - OTMS - INFO - Retrieved 11 columns for data source 'audit_log'
2025-12-03 07:14:44 - OTMS - INFO - Loaded 61 tables from primary database
2025-12-03 07:14:44 - OTMS - INFO - Loaded 54 tables from flexible database
2025-12-03 07:14:45 - OTMS - INFO - Added 0 additional custom tables from location_config
2025-12-03 07:14:45 - OTMS - INFO - Loading columns for standard data source 'tanker_transactions'
2025-12-03 07:14:45 - OTMS - INFO - Retrieved 42 columns for data source 'tanker_transactions'
2025-12-03 07:14:45 - OTMS - INFO - Loading columns for standard data source 'tanker_transactions'
2025-12-03 07:14:45 - OTMS - INFO - Retrieved 42 columns for data source 'tanker_transactions'
2025-12-03 07:14:45 - OTMS - INFO - Loading columns for standard data source 'tanker_transactions'
2025-12-03 07:14:45 - OTMS - INFO - Retrieved 42 columns for data source 'tanker_transactions'
2025-12-03 07:14:45 - OTMS - INFO - Loading columns for standard data source 'tanker_transactions'
2025-12-03 07:14:45 - OTMS - INFO - Retrieved 42 columns for data source 'tanker_transactions'
2025-12-03 07:14:45 - OTMS - INFO - Attempting to load custom table 'audit_log'
2025-12-03 07:14:45 - OTMS - INFO - Reflecting table 'audit_log' from flex database...
2025-12-03 07:14:45 - OTMS - INFO - Successfully created model for table 'audit_log' from flex database
2025-12-03 07:14:45 - OTMS - INFO - Successfully loaded custom table model for 'audit_log'
2025-12-03 07:14:45 - OTMS - INFO - Retrieved 11 columns for data source 'audit_log'
2025-12-03 07:14:45 - OTMS - INFO - Attempting to load custom table 'audit_log'
2025-12-03 07:14:45 - OTMS - INFO - Reflecting table 'audit_log' from flex database...
2025-12-03 07:14:45 - OTMS - INFO - Successfully created model for table 'audit_log' from flex database
2025-12-03 07:14:45 - OTMS - INFO - Successfully loaded custom table model for 'audit_log'
2025-12-03 07:14:45 - OTMS - INFO - Retrieved 11 columns for data source 'audit_log'
2025-12-03 07:14:45 - OTMS - INFO - Attempting to load custom table 'audit_log'
2025-12-03 07:14:45 - OTMS - INFO - Reflecting table 'audit_log' from flex database...
2025-12-03 07:14:45 - OTMS - INFO - Successfully created model for table 'audit_log' from flex database
2025-12-03 07:14:45 - OTMS - INFO - Successfully loaded custom table model for 'audit_log'
2025-12-03 07:14:45 - OTMS - INFO - Retrieved 11 columns for data source 'audit_log'
2025-12-03 07:14:53 - OTMS - INFO - Loaded 61 tables from primary database
2025-12-03 07:14:53 - OTMS - INFO - Loaded 54 tables from flexible database
2025-12-03 07:14:53 - OTMS - INFO - Added 0 additional custom tables from location_config
2025-12-03 07:14:53 - OTMS - INFO - Loading columns for standard data source 'tanker_transactions'
2025-12-03 07:14:53 - OTMS - INFO - Retrieved 42 columns for data source 'tanker_transactions'
2025-12-03 07:14:53 - OTMS - INFO - Loading columns for standard data source 'tanker_transactions'
2025-12-03 07:14:53 - OTMS - INFO - Retrieved 42 columns for data source 'tanker_transactions'
2025-12-03 07:14:53 - OTMS - INFO - Loading columns for standard data source 'tanker_transactions'
2025-12-03 07:14:53 - OTMS - INFO - Retrieved 42 columns for data source 'tanker_transactions'
2025-12-03 07:14:53 - OTMS - INFO - Loading columns for standard data source 'tanker_transactions'
2025-12-03 07:14:53 - OTMS - INFO - Retrieved 42 columns for data source 'tanker_transactions'
2025-12-03 07:14:53 - OTMS - INFO - Loading columns for standard data source 'tanker_transactions'
2025-12-03 07:14:53 - OTMS - INFO - Retrieved 42 columns for data source 'tanker_transactions'
2025-12-03 07:14:53 - OTMS - INFO - Attempting to load custom table 'audit_log'
2025-12-03 07:14:53 - OTMS - INFO - Reflecting table 'audit_log' from flex database...
2025-12-03 07:14:53 - OTMS - INFO - Successfully created model for table 'audit_log' from flex database
2025-12-03 07:14:53 - OTMS - INFO - Successfully loaded custom table model for 'audit_log'
2025-12-03 07:14:53 - OTMS - INFO - Retrieved 11 columns for data source 'audit_log'
2025-12-03 07:14:53 - OTMS - INFO - Attempting to load custom table 'audit_log'
2025-12-03 07:14:53 - OTMS - INFO - Reflecting table 'audit_log' from flex database...
2025-12-03 07:14:53 - OTMS - INFO - Successfully created model for table 'audit_log' from flex database
2025-12-03 07:14:53 - OTMS - INFO - Successfully loaded custom table model for 'audit_log'
2025-12-03 07:14:53 - OTMS - INFO - Retrieved 11 columns for data source 'audit_log'
2025-12-03 07:15:00 - OTMS - INFO - Loaded 61 tables from primary database
2025-12-03 07:15:00 - OTMS - INFO - Loaded 54 tables from flexible database
2025-12-03 07:15:00 - OTMS - INFO - Added 0 additional custom tables from location_config
2025-12-03 07:15:00 - OTMS - INFO - Loading columns for standard data source 'tanker_transactions'
2025-12-03 07:15:00 - OTMS - INFO - Retrieved 42 columns for data source 'tanker_transactions'
2025-12-03 07:15:00 - OTMS - INFO - Loading columns for standard data source 'tanker_transactions'
2025-12-03 07:15:00 - OTMS - INFO - Retrieved 42 columns for data source 'tanker_transactions'
2025-12-03 07:15:00 - OTMS - INFO - Loading columns for standard data source 'tanker_transactions'
2025-12-03 07:15:00 - OTMS - INFO - Retrieved 42 columns for data source 'tanker_transactions'
2025-12-03 07:15:00 - OTMS - INFO - Loading columns for standard data source 'tanker_transactions'
2025-12-03 07:15:00 - OTMS - INFO - Retrieved 42 columns for data source 'tanker_transactions'
2025-12-03 07:15:00 - OTMS - INFO - Loading columns for standard data source 'tanker_transactions'
2025-12-03 07:15:00 - OTMS - INFO - Retrieved 42 columns for data source 'tanker_transactions'
2025-12-03 07:15:00 - OTMS - INFO - Attempting to load custom table 'audit_log'
2025-12-03 07:15:00 - OTMS - INFO - Reflecting table 'audit_log' from flex database...
2025-12-03 07:15:00 - OTMS - INFO - Successfully created model for table 'audit_log' from flex database
2025-12-03 07:15:00 - OTMS - INFO - Successfully loaded custom table model for 'audit_log'
2025-12-03 07:15:00 - OTMS - INFO - Retrieved 11 columns for data source 'audit_log'
2025-12-03 07:15:00 - OTMS - INFO - Attempting to load custom table 'audit_log'
2025-12-03 07:15:00 - OTMS - INFO - Reflecting table 'audit_log' from flex database...
2025-12-03 07:15:00 - OTMS - INFO - Successfully created model for table 'audit_log' from flex database
2025-12-03 07:15:00 - OTMS - INFO - Successfully loaded custom table model for 'audit_log'
2025-12-03 07:15:00 - OTMS - INFO - Retrieved 11 columns for data source 'audit_log'
2025-12-03 07:15:07 - OTMS - INFO - Loaded 61 tables from primary database
2025-12-03 07:15:07 - OTMS - INFO - Loaded 54 tables from flexible database
2025-12-03 07:15:07 - OTMS - INFO - Added 0 additional custom tables from location_config
2025-12-03 07:15:07 - OTMS - INFO - Loading columns for standard data source 'tanker_transactions'
2025-12-03 07:15:07 - OTMS - INFO - Retrieved 42 columns for data source 'tanker_transactions'
2025-12-03 07:15:07 - OTMS - INFO - Loading columns for standard data source 'tanker_transactions'
2025-12-03 07:15:07 - OTMS - INFO - Retrieved 42 columns for data source 'tanker_transactions'
2025-12-03 07:15:08 - OTMS - INFO - Loading columns for standard data source 'tanker_transactions'
2025-12-03 07:15:08 - OTMS - INFO - Retrieved 42 columns for data source 'tanker_transactions'
2025-12-03 07:15:08 - OTMS - INFO - Loading columns for standard data source 'tanker_transactions'
2025-12-03 07:15:08 - OTMS - INFO - Retrieved 42 columns for data source 'tanker_transactions'
2025-12-03 07:15:08 - OTMS - INFO - Loading columns for standard data source 'tanker_transactions'
2025-12-03 07:15:08 - OTMS - INFO - Retrieved 42 columns for data source 'tanker_transactions'
2025-12-03 07:15:08 - OTMS - INFO - Attempting to load custom table 'audit_log'
2025-12-03 07:15:08 - OTMS - INFO - Reflecting table 'audit_log' from flex database...
2025-12-03 07:15:08 - OTMS - INFO - Successfully created model for table 'audit_log' from flex database
2025-12-03 07:15:08 - OTMS - INFO - Successfully loaded custom table model for 'audit_log'
2025-12-03 07:15:08 - OTMS - INFO - Retrieved 11 columns for data source 'audit_log'
2025-12-03 07:15:08 - OTMS - INFO - Attempting to load custom table 'audit_log'
2025-12-03 07:15:08 - OTMS - INFO - Reflecting table 'audit_log' from flex database...
2025-12-03 07:15:08 - OTMS - INFO - Successfully created model for table 'audit_log' from flex database
2025-12-03 07:15:08 - OTMS - INFO - Successfully loaded custom table model for 'audit_log'
2025-12-03 07:15:08 - OTMS - INFO - Retrieved 11 columns for data source 'audit_log'
2025-12-03 07:15:10 - OTMS - INFO - Loaded 61 tables from primary database
2025-12-03 07:15:10 - OTMS - INFO - Loaded 54 tables from flexible database
2025-12-03 07:15:10 - OTMS - INFO - Added 0 additional custom tables from location_config
2025-12-03 07:15:10 - OTMS - INFO - Loading columns for standard data source 'tanker_transactions'
2025-12-03 07:15:10 - OTMS - INFO - Retrieved 42 columns for data source 'tanker_transactions'
2025-12-03 07:15:10 - OTMS - INFO - Loading columns for standard data source 'tanker_transactions'
2025-12-03 07:15:10 - OTMS - INFO - Retrieved 42 columns for data source 'tanker_transactions'
2025-12-03 07:15:10 - OTMS - INFO - Loading columns for standard data source 'tanker_transactions'
2025-12-03 07:15:10 - OTMS - INFO - Retrieved 42 columns for data source 'tanker_transactions'
2025-12-03 07:15:10 - OTMS - INFO - Loading columns for standard data source 'tanker_transactions'
2025-12-03 07:15:10 - OTMS - INFO - Retrieved 42 columns for data source 'tanker_transactions'
2025-12-03 07:15:10 - OTMS - INFO - Loading columns for standard data source 'tanker_transactions'
2025-12-03 07:15:10 - OTMS - INFO - Retrieved 42 columns for data source 'tanker_transactions'
2025-12-03 07:15:11 - OTMS - INFO - Attempting to load custom table 'audit_log'
2025-12-03 07:15:11 - OTMS - INFO - Reflecting table 'audit_log' from flex database...
2025-12-03 07:15:11 - OTMS - INFO - Successfully created model for table 'audit_log' from flex database
2025-12-03 07:15:11 - OTMS - INFO - Successfully loaded custom table model for 'audit_log'
2025-12-03 07:15:11 - OTMS - INFO - Retrieved 11 columns for data source 'audit_log'
2025-12-03 07:15:11 - OTMS - INFO - Attempting to load custom table 'audit_log'
2025-12-03 07:15:11 - OTMS - INFO - Reflecting table 'audit_log' from flex database...
2025-12-03 07:15:11 - OTMS - INFO - Successfully created model for table 'audit_log' from flex database
2025-12-03 07:15:11 - OTMS - INFO - Successfully loaded custom table model for 'audit_log'
2025-12-03 07:15:11 - OTMS - INFO - Retrieved 11 columns for data source 'audit_log'
2025-12-03 07:15:16 - OTMS - INFO - Loaded 61 tables from primary database
2025-12-03 07:15:16 - OTMS - INFO - Loaded 54 tables from flexible database
2025-12-03 07:15:16 - OTMS - INFO - Added 0 additional custom tables from location_config
2025-12-03 07:15:16 - OTMS - INFO - Loading columns for standard data source 'tanker_transactions'
2025-12-03 07:15:16 - OTMS - INFO - Retrieved 42 columns for data source 'tanker_transactions'
2025-12-03 07:15:16 - OTMS - INFO - Loading columns for standard data source 'tanker_transactions'
2025-12-03 07:15:16 - OTMS - INFO - Retrieved 42 columns for data source 'tanker_transactions'
2025-12-03 07:15:16 - OTMS - INFO - Loading columns for standard data source 'tanker_transactions'
2025-12-03 07:15:16 - OTMS - INFO - Retrieved 42 columns for data source 'tanker_transactions'
2025-12-03 07:15:16 - OTMS - INFO - Loading columns for standard data source 'tanker_transactions'
2025-12-03 07:15:16 - OTMS - INFO - Retrieved 42 columns for data source 'tanker_transactions'
2025-12-03 07:15:16 - OTMS - INFO - Loading columns for standard data source 'tanker_transactions'
2025-12-03 07:15:16 - OTMS - INFO - Retrieved 42 columns for data source 'tanker_transactions'
2025-12-03 07:15:16 - OTMS - INFO - Loading columns for standard data source 'tanker_transactions'
2025-12-03 07:15:16 - OTMS - INFO - Retrieved 42 columns for data source 'tanker_transactions'
2025-12-03 07:15:16 - OTMS - INFO - Attempting to load custom table 'audit_log'
2025-12-03 07:15:16 - OTMS - INFO - Reflecting table 'audit_log' from flex database...
2025-12-03 07:15:16 - OTMS - INFO - Successfully created model for table 'audit_log' from flex database
2025-12-03 07:15:16 - OTMS - INFO - Successfully loaded custom table model for 'audit_log'
2025-12-03 07:15:16 - OTMS - INFO - Retrieved 11 columns for data source 'audit_log'
2025-12-03 07:15:19 - OTMS - INFO - Loaded 61 tables from primary database
2025-12-03 07:15:19 - OTMS - INFO - Loaded 54 tables from flexible database
2025-12-03 07:15:19 - OTMS - INFO - Added 0 additional custom tables from location_config
2025-12-03 07:15:19 - OTMS - INFO - Loading columns for standard data source 'tanker_transactions'
2025-12-03 07:15:19 - OTMS - INFO - Retrieved 42 columns for data source 'tanker_transactions'
2025-12-03 07:15:19 - OTMS - INFO - Loading columns for standard data source 'tanker_transactions'
2025-12-03 07:15:19 - OTMS - INFO - Retrieved 42 columns for data source 'tanker_transactions'
2025-12-03 07:15:19 - OTMS - INFO - Loading columns for standard data source 'tanker_transactions'
2025-12-03 07:15:19 - OTMS - INFO - Retrieved 42 columns for data source 'tanker_transactions'
2025-12-03 07:15:19 - OTMS - INFO - Loading columns for standard data source 'tanker_transactions'
2025-12-03 07:15:19 - OTMS - INFO - Retrieved 42 columns for data source 'tanker_transactions'
2025-12-03 07:15:19 - OTMS - INFO - Loading columns for standard data source 'tanker_transactions'
2025-12-03 07:15:19 - OTMS - INFO - Retrieved 42 columns for data source 'tanker_transactions'
2025-12-03 07:15:19 - OTMS - INFO - Loading columns for standard data source 'tanker_transactions'
2025-12-03 07:15:19 - OTMS - INFO - Retrieved 42 columns for data source 'tanker_transactions'
2025-12-03 07:15:19 - OTMS - INFO - Attempting to load custom table 'audit_log'
2025-12-03 07:15:19 - OTMS - INFO - Reflecting table 'audit_log' from flex database...
2025-12-03 07:15:19 - OTMS - INFO - Successfully created model for table 'audit_log' from flex database
2025-12-03 07:15:19 - OTMS - INFO - Successfully loaded custom table model for 'audit_log'
2025-12-03 07:15:19 - OTMS - INFO - Retrieved 11 columns for data source 'audit_log'
2025-12-03 07:15:24 - OTMS - INFO - Loaded 61 tables from primary database
2025-12-03 07:15:24 - OTMS - INFO - Loaded 54 tables from flexible database
2025-12-03 07:15:24 - OTMS - INFO - Added 0 additional custom tables from location_config
2025-12-03 07:15:24 - OTMS - INFO - Loading columns for standard data source 'tanker_transactions'
2025-12-03 07:15:24 - OTMS - INFO - Retrieved 42 columns for data source 'tanker_transactions'
2025-12-03 07:15:24 - OTMS - INFO - Loading columns for standard data source 'tanker_transactions'
2025-12-03 07:15:24 - OTMS - INFO - Retrieved 42 columns for data source 'tanker_transactions'
2025-12-03 07:15:24 - OTMS - INFO - Loading columns for standard data source 'tanker_transactions'
2025-12-03 07:15:24 - OTMS - INFO - Retrieved 42 columns for data source 'tanker_transactions'
2025-12-03 07:15:24 - OTMS - INFO - Loading columns for standard data source 'tanker_transactions'
2025-12-03 07:15:24 - OTMS - INFO - Retrieved 42 columns for data source 'tanker_transactions'
2025-12-03 07:15:24 - OTMS - INFO - Loading columns for standard data source 'tanker_transactions'
2025-12-03 07:15:24 - OTMS - INFO - Retrieved 42 columns for data source 'tanker_transactions'
2025-12-03 07:15:24 - OTMS - INFO - Loading columns for standard data source 'tanker_transactions'
2025-12-03 07:15:24 - OTMS - INFO - Retrieved 42 columns for data source 'tanker_transactions'
2025-12-03 07:15:24 - OTMS - INFO - Attempting to load custom table 'audit_log'
2025-12-03 07:15:24 - OTMS - INFO - Reflecting table 'audit_log' from flex database...
2025-12-03 07:15:24 - OTMS - INFO - Successfully created model for table 'audit_log' from flex database
2025-12-03 07:15:24 - OTMS - INFO - Successfully loaded custom table model for 'audit_log'
2025-12-03 07:15:24 - OTMS - INFO - Retrieved 11 columns for data source 'audit_log'
2025-12-03 07:15:26 - OTMS - INFO - Loaded 61 tables from primary database
2025-12-03 07:15:26 - OTMS - INFO - Loaded 54 tables from flexible database
2025-12-03 07:15:26 - OTMS - INFO - Added 0 additional custom tables from location_config
2025-12-03 07:15:26 - OTMS - INFO - Loading columns for standard data source 'tanker_transactions'
2025-12-03 07:15:26 - OTMS - INFO - Retrieved 42 columns for data source 'tanker_transactions'
2025-12-03 07:15:26 - OTMS - INFO - Loading columns for standard data source 'tanker_transactions'
2025-12-03 07:15:26 - OTMS - INFO - Retrieved 42 columns for data source 'tanker_transactions'
2025-12-03 07:15:26 - OTMS - INFO - Loading columns for standard data source 'tanker_transactions'
2025-12-03 07:15:26 - OTMS - INFO - Retrieved 42 columns for data source 'tanker_transactions'
2025-12-03 07:15:26 - OTMS - INFO - Loading columns for standard data source 'tanker_transactions'
2025-12-03 07:15:26 - OTMS - INFO - Retrieved 42 columns for data source 'tanker_transactions'
2025-12-03 07:15:26 - OTMS - INFO - Loading columns for standard data source 'tanker_transactions'
2025-12-03 07:15:26 - OTMS - INFO - Retrieved 42 columns for data source 'tanker_transactions'
2025-12-03 07:15:26 - OTMS - INFO - Loading columns for standard data source 'tanker_transactions'
2025-12-03 07:15:26 - OTMS - INFO - Retrieved 42 columns for data source 'tanker_transactions'
2025-12-03 07:15:26 - OTMS - INFO - Attempting to load custom table 'audit_log'
2025-12-03 07:15:26 - OTMS - INFO - Reflecting table 'audit_log' from flex database...
2025-12-03 07:15:26 - OTMS - INFO - Successfully created model for table 'audit_log' from flex database
2025-12-03 07:15:26 - OTMS - INFO - Successfully loaded custom table model for 'audit_log'
2025-12-03 07:15:26 - OTMS - INFO - Retrieved 11 columns for data source 'audit_log'
2025-12-03 07:15:32 - OTMS - INFO - Loaded 61 tables from primary database
2025-12-03 07:15:32 - OTMS - INFO - Loaded 54 tables from flexible database
2025-12-03 07:15:32 - OTMS - INFO - Added 0 additional custom tables from location_config
2025-12-03 07:15:32 - OTMS - INFO - Loading columns for standard data source 'tanker_transactions'
2025-12-03 07:15:32 - OTMS - INFO - Retrieved 42 columns for data source 'tanker_transactions'
2025-12-03 07:15:32 - OTMS - INFO - Loading columns for standard data source 'tanker_transactions'
2025-12-03 07:15:32 - OTMS - INFO - Retrieved 42 columns for data source 'tanker_transactions'
2025-12-03 07:15:32 - OTMS - INFO - Loading columns for standard data source 'tanker_transactions'
2025-12-03 07:15:32 - OTMS - INFO - Retrieved 42 columns for data source 'tanker_transactions'
2025-12-03 07:15:32 - OTMS - INFO - Loading columns for standard data source 'tanker_transactions'
2025-12-03 07:15:32 - OTMS - INFO - Retrieved 42 columns for data source 'tanker_transactions'
2025-12-03 07:15:32 - OTMS - INFO - Loading columns for standard data source 'tanker_transactions'
2025-12-03 07:15:32 - OTMS - INFO - Retrieved 42 columns for data source 'tanker_transactions'
2025-12-03 07:15:32 - OTMS - INFO - Loading columns for standard data source 'tanker_transactions'
2025-12-03 07:15:32 - OTMS - INFO - Retrieved 42 columns for data source 'tanker_transactions'
2025-12-03 07:15:32 - OTMS - INFO - Loading columns for standard data source 'tanker_transactions'
2025-12-03 07:15:32 - OTMS - INFO - Retrieved 42 columns for data source 'tanker_transactions'
2025-12-03 07:15:33 - OTMS - INFO - Loaded 61 tables from primary database
2025-12-03 07:15:33 - OTMS - INFO - Loaded 54 tables from flexible database
2025-12-03 07:15:33 - OTMS - INFO - Added 0 additional custom tables from location_config
2025-12-03 07:15:33 - OTMS - INFO - Loading columns for standard data source 'tanker_transactions'
2025-12-03 07:15:33 - OTMS - INFO - Retrieved 42 columns for data source 'tanker_transactions'
2025-12-03 07:15:33 - OTMS - INFO - Loading columns for standard data source 'tanker_transactions'
2025-12-03 07:15:33 - OTMS - INFO - Retrieved 42 columns for data source 'tanker_transactions'
2025-12-03 07:15:33 - OTMS - INFO - Loading columns for standard data source 'tanker_transactions'
2025-12-03 07:15:33 - OTMS - INFO - Retrieved 42 columns for data source 'tanker_transactions'
2025-12-03 07:15:33 - OTMS - INFO - Loading columns for standard data source 'tanker_transactions'
2025-12-03 07:15:33 - OTMS - INFO - Retrieved 42 columns for data source 'tanker_transactions'
2025-12-03 07:15:33 - OTMS - INFO - Loading columns for standard data source 'tanker_transactions'
2025-12-03 07:15:33 - OTMS - INFO - Retrieved 42 columns for data source 'tanker_transactions'
2025-12-03 07:15:33 - OTMS - INFO - Loading columns for standard data source 'tanker_transactions'
2025-12-03 07:15:33 - OTMS - INFO - Retrieved 42 columns for data source 'tanker_transactions'
2025-12-03 07:15:33 - OTMS - INFO - Loading columns for standard data source 'tanker_transactions'
2025-12-03 07:15:33 - OTMS - INFO - Retrieved 42 columns for data source 'tanker_transactions'
2025-12-03 07:15:38 - OTMS - INFO - Loaded 61 tables from primary database
2025-12-03 07:15:38 - OTMS - INFO - Loaded 54 tables from flexible database
2025-12-03 07:15:38 - OTMS - INFO - Added 0 additional custom tables from location_config
2025-12-03 07:15:38 - OTMS - INFO - Loading columns for standard data source 'tanker_transactions'
2025-12-03 07:15:38 - OTMS - INFO - Retrieved 42 columns for data source 'tanker_transactions'
2025-12-03 07:15:38 - OTMS - INFO - Loading columns for standard data source 'tanker_transactions'
2025-12-03 07:15:38 - OTMS - INFO - Retrieved 42 columns for data source 'tanker_transactions'
2025-12-03 07:15:38 - OTMS - INFO - Loading columns for standard data source 'tanker_transactions'
2025-12-03 07:15:38 - OTMS - INFO - Retrieved 42 columns for data source 'tanker_transactions'
2025-12-03 07:15:38 - OTMS - INFO - Loading columns for standard data source 'tanker_transactions'
2025-12-03 07:15:38 - OTMS - INFO - Retrieved 42 columns for data source 'tanker_transactions'
2025-12-03 07:15:38 - OTMS - INFO - Loading columns for standard data source 'tanker_transactions'
2025-12-03 07:15:38 - OTMS - INFO - Retrieved 42 columns for data source 'tanker_transactions'
2025-12-03 07:15:38 - OTMS - INFO - Loading columns for standard data source 'tanker_transactions'
2025-12-03 07:15:38 - OTMS - INFO - Retrieved 42 columns for data source 'tanker_transactions'
2025-12-03 07:15:38 - OTMS - INFO - Loading columns for standard data source 'tanker_transactions'
2025-12-03 07:15:38 - OTMS - INFO - Retrieved 42 columns for data source 'tanker_transactions'
2025-12-03 07:15:51 - OTMS - INFO - Loaded 61 tables from primary database
2025-12-03 07:15:51 - OTMS - INFO - Loaded 54 tables from flexible database
2025-12-03 07:15:51 - OTMS - INFO - Added 0 additional custom tables from location_config
2025-12-03 07:15:51 - OTMS - INFO - Loading columns for standard data source 'tanker_transactions'
2025-12-03 07:15:51 - OTMS - INFO - Retrieved 42 columns for data source 'tanker_transactions'
2025-12-03 07:15:51 - OTMS - INFO - Loading columns for standard data source 'tanker_transactions'
2025-12-03 07:15:51 - OTMS - INFO - Retrieved 42 columns for data source 'tanker_transactions'
2025-12-03 07:15:51 - OTMS - INFO - Loading columns for standard data source 'tanker_transactions'
2025-12-03 07:15:51 - OTMS - INFO - Retrieved 42 columns for data source 'tanker_transactions'
2025-12-03 07:15:51 - OTMS - INFO - Loading columns for standard data source 'tanker_transactions'
2025-12-03 07:15:51 - OTMS - INFO - Retrieved 42 columns for data source 'tanker_transactions'
2025-12-03 07:15:51 - OTMS - INFO - Loading columns for standard data source 'tanker_transactions'
2025-12-03 07:15:51 - OTMS - INFO - Retrieved 42 columns for data source 'tanker_transactions'
2025-12-03 07:15:51 - OTMS - INFO - Loading columns for standard data source 'tanker_transactions'
2025-12-03 07:15:51 - OTMS - INFO - Retrieved 42 columns for data source 'tanker_transactions'
2025-12-03 07:15:51 - OTMS - INFO - Loading columns for standard data source 'tanker_transactions'
2025-12-03 07:15:51 - OTMS - INFO - Retrieved 42 columns for data source 'tanker_transactions'
2025-12-03 07:15:52 - OTMS - INFO - Loaded 61 tables from primary database
2025-12-03 07:15:52 - OTMS - INFO - Loaded 54 tables from flexible database
2025-12-03 07:15:52 - OTMS - INFO - Added 0 additional custom tables from location_config
2025-12-03 07:15:52 - OTMS - INFO - Loading columns for standard data source 'tanker_transactions'
2025-12-03 07:15:52 - OTMS - INFO - Retrieved 42 columns for data source 'tanker_transactions'
2025-12-03 07:15:52 - OTMS - INFO - Loading columns for standard data source 'tanker_transactions'
2025-12-03 07:15:52 - OTMS - INFO - Retrieved 42 columns for data source 'tanker_transactions'
2025-12-03 07:15:52 - OTMS - INFO - Loading columns for standard data source 'tanker_transactions'
2025-12-03 07:15:52 - OTMS - INFO - Retrieved 42 columns for data source 'tanker_transactions'
2025-12-03 07:15:52 - OTMS - INFO - Loading columns for standard data source 'tanker_transactions'
2025-12-03 07:15:52 - OTMS - INFO - Retrieved 42 columns for data source 'tanker_transactions'
2025-12-03 07:15:52 - OTMS - INFO - Loading columns for standard data source 'tanker_transactions'
2025-12-03 07:15:52 - OTMS - INFO - Retrieved 42 columns for data source 'tanker_transactions'
2025-12-03 07:15:52 - OTMS - INFO - Loading columns for standard data source 'tanker_transactions'
2025-12-03 07:15:52 - OTMS - INFO - Retrieved 42 columns for data source 'tanker_transactions'
2025-12-03 07:15:52 - OTMS - INFO - Loading columns for standard data source 'tanker_transactions'
2025-12-03 07:15:52 - OTMS - INFO - Retrieved 42 columns for data source 'tanker_transactions'
2025-12-03 07:15:56 - OTMS - INFO - Loaded 61 tables from primary database
2025-12-03 07:15:56 - OTMS - INFO - Loaded 54 tables from flexible database
2025-12-03 07:15:56 - OTMS - INFO - Added 0 additional custom tables from location_config
2025-12-03 07:15:56 - OTMS - INFO - Loading columns for standard data source 'tanker_transactions'
2025-12-03 07:15:56 - OTMS - INFO - Retrieved 42 columns for data source 'tanker_transactions'
2025-12-03 07:15:56 - OTMS - INFO - Loading columns for standard data source 'tanker_transactions'
2025-12-03 07:15:56 - OTMS - INFO - Retrieved 42 columns for data source 'tanker_transactions'
2025-12-03 07:15:56 - OTMS - INFO - Loading columns for standard data source 'tanker_transactions'
2025-12-03 07:15:56 - OTMS - INFO - Retrieved 42 columns for data source 'tanker_transactions'
2025-12-03 07:15:56 - OTMS - INFO - Loading columns for standard data source 'tanker_transactions'
2025-12-03 07:15:56 - OTMS - INFO - Retrieved 42 columns for data source 'tanker_transactions'
2025-12-03 07:15:56 - OTMS - INFO - Loading columns for standard data source 'tanker_transactions'
2025-12-03 07:15:56 - OTMS - INFO - Retrieved 42 columns for data source 'tanker_transactions'
2025-12-03 07:15:56 - OTMS - INFO - Loading columns for standard data source 'tanker_transactions'
2025-12-03 07:15:56 - OTMS - INFO - Retrieved 42 columns for data source 'tanker_transactions'
2025-12-03 07:15:56 - OTMS - INFO - Loading columns for standard data source 'tanker_transactions'
2025-12-03 07:15:56 - OTMS - INFO - Retrieved 42 columns for data source 'tanker_transactions'
2025-12-03 07:16:34 - OTMS - INFO - Loaded 61 tables from primary database
2025-12-03 07:16:34 - OTMS - INFO - Loaded 54 tables from flexible database
2025-12-03 07:16:34 - OTMS - INFO - Added 0 additional custom tables from location_config
2025-12-03 07:16:34 - OTMS - INFO - Attempting to load custom table 'audit_log'
2025-12-03 07:16:34 - OTMS - INFO - Reflecting table 'audit_log' from flex database...
2025-12-03 07:16:34 - OTMS - INFO - Successfully created model for table 'audit_log' from flex database
2025-12-03 07:16:34 - OTMS - INFO - Successfully loaded custom table model for 'audit_log'
2025-12-03 07:16:34 - OTMS - INFO - Retrieved 11 columns for data source 'audit_log'
2025-12-03 07:16:34 - OTMS - INFO - Attempting to load custom table 'audit_log'
2025-12-03 07:16:34 - OTMS - INFO - Reflecting table 'audit_log' from flex database...
2025-12-03 07:16:34 - OTMS - INFO - Successfully created model for table 'audit_log' from flex database
2025-12-03 07:16:34 - OTMS - INFO - Successfully loaded custom table model for 'audit_log'
2025-12-03 07:16:34 - OTMS - INFO - Retrieved 11 columns for data source 'audit_log'
2025-12-03 07:16:34 - OTMS - INFO - Attempting to load custom table 'audit_log'
2025-12-03 07:16:34 - OTMS - INFO - Reflecting table 'audit_log' from flex database...
2025-12-03 07:16:34 - OTMS - INFO - Successfully created model for table 'audit_log' from flex database
2025-12-03 07:16:34 - OTMS - INFO - Successfully loaded custom table model for 'audit_log'
2025-12-03 07:16:34 - OTMS - INFO - Retrieved 11 columns for data source 'audit_log'
2025-12-03 07:16:34 - OTMS - INFO - Attempting to load custom table 'audit_log'
2025-12-03 07:16:34 - OTMS - INFO - Reflecting table 'audit_log' from flex database...
2025-12-03 07:16:34 - OTMS - INFO - Successfully created model for table 'audit_log' from flex database
2025-12-03 07:16:34 - OTMS - INFO - Successfully loaded custom table model for 'audit_log'
2025-12-03 07:16:34 - OTMS - INFO - Retrieved 11 columns for data source 'audit_log'
2025-12-03 07:16:34 - OTMS - INFO - Attempting to load custom table 'audit_log'
2025-12-03 07:16:34 - OTMS - INFO - Reflecting table 'audit_log' from flex database...
2025-12-03 07:16:34 - OTMS - INFO - Successfully created model for table 'audit_log' from flex database
2025-12-03 07:16:34 - OTMS - INFO - Successfully loaded custom table model for 'audit_log'
2025-12-03 07:16:34 - OTMS - INFO - Retrieved 11 columns for data source 'audit_log'
2025-12-03 07:16:34 - OTMS - INFO - Attempting to load custom table 'audit_log'
2025-12-03 07:16:34 - OTMS - INFO - Reflecting table 'audit_log' from flex database...
2025-12-03 07:16:34 - OTMS - INFO - Successfully created model for table 'audit_log' from flex database
2025-12-03 07:16:34 - OTMS - INFO - Successfully loaded custom table model for 'audit_log'
2025-12-03 07:16:34 - OTMS - INFO - Retrieved 11 columns for data source 'audit_log'
2025-12-03 07:28:10 - OTMS - INFO - Loaded 61 tables from primary database
2025-12-03 07:28:10 - OTMS - INFO - Loaded 54 tables from flexible database
2025-12-03 07:28:10 - OTMS - INFO - Added 0 additional custom tables from location_config
2025-12-03 07:28:10 - OTMS - INFO - Attempting to load custom table 'audit_log'
2025-12-03 07:28:10 - OTMS - INFO - Reflecting table 'audit_log' from flex database...
2025-12-03 07:28:10 - OTMS - INFO - Successfully created model for table 'audit_log' from flex database
2025-12-03 07:28:10 - OTMS - INFO - Successfully loaded custom table model for 'audit_log'
2025-12-03 07:28:10 - OTMS - INFO - Retrieved 11 columns for data source 'audit_log'
2025-12-03 07:28:10 - OTMS - INFO - Attempting to load custom table 'audit_log'
2025-12-03 07:28:10 - OTMS - INFO - Reflecting table 'audit_log' from flex database...
2025-12-03 07:28:10 - OTMS - INFO - Successfully created model for table 'audit_log' from flex database
2025-12-03 07:28:10 - OTMS - INFO - Successfully loaded custom table model for 'audit_log'
2025-12-03 07:28:10 - OTMS - INFO - Retrieved 11 columns for data source 'audit_log'
2025-12-03 07:28:10 - OTMS - INFO - Attempting to load custom table 'audit_log'
2025-12-03 07:28:10 - OTMS - INFO - Reflecting table 'audit_log' from flex database...
2025-12-03 07:28:10 - OTMS - INFO - Successfully created model for table 'audit_log' from flex database
2025-12-03 07:28:10 - OTMS - INFO - Successfully loaded custom table model for 'audit_log'
2025-12-03 07:28:10 - OTMS - INFO - Retrieved 11 columns for data source 'audit_log'
2025-12-03 07:28:10 - OTMS - INFO - Attempting to load custom table 'audit_log'
2025-12-03 07:28:10 - OTMS - INFO - Reflecting table 'audit_log' from flex database...
2025-12-03 07:28:10 - OTMS - INFO - Successfully created model for table 'audit_log' from flex database
2025-12-03 07:28:10 - OTMS - INFO - Successfully loaded custom table model for 'audit_log'
2025-12-03 07:28:10 - OTMS - INFO - Retrieved 11 columns for data source 'audit_log'
2025-12-03 07:28:10 - OTMS - INFO - Attempting to load custom table 'audit_log'
2025-12-03 07:28:10 - OTMS - INFO - Reflecting table 'audit_log' from flex database...
2025-12-03 07:28:10 - OTMS - INFO - Successfully created model for table 'audit_log' from flex database
2025-12-03 07:28:10 - OTMS - INFO - Successfully loaded custom table model for 'audit_log'
2025-12-03 07:28:10 - OTMS - INFO - Retrieved 11 columns for data source 'audit_log'
2025-12-03 07:28:10 - OTMS - INFO - Attempting to load custom table 'audit_log'
2025-12-03 07:28:10 - OTMS - INFO - Reflecting table 'audit_log' from flex database...
2025-12-03 07:28:10 - OTMS - INFO - Successfully created model for table 'audit_log' from flex database
2025-12-03 07:28:10 - OTMS - INFO - Successfully loaded custom table model for 'audit_log'
2025-12-03 07:28:10 - OTMS - INFO - Retrieved 11 columns for data source 'audit_log'
2025-12-03 07:28:15 - OTMS - INFO - Loaded 61 tables from primary database
2025-12-03 07:28:15 - OTMS - INFO - Loaded 54 tables from flexible database
2025-12-03 07:28:15 - OTMS - INFO - Added 0 additional custom tables from location_config
2025-12-03 07:28:15 - OTMS - INFO - Attempting to load custom table 'audit_log'
2025-12-03 07:28:15 - OTMS - INFO - Reflecting table 'audit_log' from flex database...
2025-12-03 07:28:15 - OTMS - INFO - Successfully created model for table 'audit_log' from flex database
2025-12-03 07:28:15 - OTMS - INFO - Successfully loaded custom table model for 'audit_log'
2025-12-03 07:28:15 - OTMS - INFO - Retrieved 11 columns for data source 'audit_log'
2025-12-03 07:28:15 - OTMS - INFO - Attempting to load custom table 'audit_log'
2025-12-03 07:28:15 - OTMS - INFO - Reflecting table 'audit_log' from flex database...
2025-12-03 07:28:15 - OTMS - INFO - Successfully created model for table 'audit_log' from flex database
2025-12-03 07:28:15 - OTMS - INFO - Successfully loaded custom table model for 'audit_log'
2025-12-03 07:28:15 - OTMS - INFO - Retrieved 11 columns for data source 'audit_log'
2025-12-03 07:28:15 - OTMS - INFO - Attempting to load custom table 'audit_log'
2025-12-03 07:28:15 - OTMS - INFO - Reflecting table 'audit_log' from flex database...
2025-12-03 07:28:15 - OTMS - INFO - Successfully created model for table 'audit_log' from flex database
2025-12-03 07:28:15 - OTMS - INFO - Successfully loaded custom table model for 'audit_log'
2025-12-03 07:28:15 - OTMS - INFO - Retrieved 11 columns for data source 'audit_log'
2025-12-03 07:28:15 - OTMS - INFO - Attempting to load custom table 'audit_log'
2025-12-03 07:28:15 - OTMS - INFO - Reflecting table 'audit_log' from flex database...
2025-12-03 07:28:15 - OTMS - INFO - Successfully created model for table 'audit_log' from flex database
2025-12-03 07:28:15 - OTMS - INFO - Successfully loaded custom table model for 'audit_log'
2025-12-03 07:28:15 - OTMS - INFO - Retrieved 11 columns for data source 'audit_log'
2025-12-03 07:28:15 - OTMS - INFO - Attempting to load custom table 'audit_log'
2025-12-03 07:28:15 - OTMS - INFO - Reflecting table 'audit_log' from flex database...
2025-12-03 07:28:15 - OTMS - INFO - Successfully created model for table 'audit_log' from flex database
2025-12-03 07:28:15 - OTMS - INFO - Successfully loaded custom table model for 'audit_log'
2025-12-03 07:28:15 - OTMS - INFO - Retrieved 11 columns for data source 'audit_log'
2025-12-03 07:28:15 - OTMS - INFO - Attempting to load custom table 'audit_log'
2025-12-03 07:28:15 - OTMS - INFO - Reflecting table 'audit_log' from flex database...
2025-12-03 07:28:15 - OTMS - INFO - Successfully created model for table 'audit_log' from flex database
2025-12-03 07:28:15 - OTMS - INFO - Successfully loaded custom table model for 'audit_log'
2025-12-03 07:28:15 - OTMS - INFO - Retrieved 11 columns for data source 'audit_log'
2025-12-03 07:28:16 - OTMS - INFO - Loaded 61 tables from primary database
2025-12-03 07:28:16 - OTMS - INFO - Loaded 54 tables from flexible database
2025-12-03 07:28:16 - OTMS - INFO - Added 0 additional custom tables from location_config
2025-12-03 07:28:16 - OTMS - INFO - Attempting to load custom table 'audit_log'
2025-12-03 07:28:16 - OTMS - INFO - Reflecting table 'audit_log' from flex database...
2025-12-03 07:28:16 - OTMS - INFO - Successfully created model for table 'audit_log' from flex database
2025-12-03 07:28:16 - OTMS - INFO - Successfully loaded custom table model for 'audit_log'
2025-12-03 07:28:16 - OTMS - INFO - Retrieved 11 columns for data source 'audit_log'
2025-12-03 07:28:16 - OTMS - INFO - Attempting to load custom table 'audit_log'
2025-12-03 07:28:16 - OTMS - INFO - Reflecting table 'audit_log' from flex database...
2025-12-03 07:28:16 - OTMS - INFO - Successfully created model for table 'audit_log' from flex database
2025-12-03 07:28:16 - OTMS - INFO - Successfully loaded custom table model for 'audit_log'
2025-12-03 07:28:16 - OTMS - INFO - Retrieved 11 columns for data source 'audit_log'
2025-12-03 07:28:16 - OTMS - INFO - Attempting to load custom table 'audit_log'
2025-12-03 07:28:16 - OTMS - INFO - Reflecting table 'audit_log' from flex database...
2025-12-03 07:28:16 - OTMS - INFO - Successfully created model for table 'audit_log' from flex database
2025-12-03 07:28:16 - OTMS - INFO - Successfully loaded custom table model for 'audit_log'
2025-12-03 07:28:16 - OTMS - INFO - Retrieved 11 columns for data source 'audit_log'
2025-12-03 07:28:16 - OTMS - INFO - Attempting to load custom table 'audit_log'
2025-12-03 07:28:16 - OTMS - INFO - Reflecting table 'audit_log' from flex database...
2025-12-03 07:28:16 - OTMS - INFO - Successfully created model for table 'audit_log' from flex database
2025-12-03 07:28:16 - OTMS - INFO - Successfully loaded custom table model for 'audit_log'
2025-12-03 07:28:16 - OTMS - INFO - Retrieved 11 columns for data source 'audit_log'
2025-12-03 07:28:16 - OTMS - INFO - Attempting to load custom table 'audit_log'
2025-12-03 07:28:16 - OTMS - INFO - Reflecting table 'audit_log' from flex database...
2025-12-03 07:28:16 - OTMS - INFO - Successfully created model for table 'audit_log' from flex database
2025-12-03 07:28:16 - OTMS - INFO - Successfully loaded custom table model for 'audit_log'
2025-12-03 07:28:16 - OTMS - INFO - Retrieved 11 columns for data source 'audit_log'
2025-12-03 07:28:16 - OTMS - INFO - Attempting to load custom table 'audit_log'
2025-12-03 07:28:16 - OTMS - INFO - Reflecting table 'audit_log' from flex database...
2025-12-03 07:28:16 - OTMS - INFO - Successfully created model for table 'audit_log' from flex database
2025-12-03 07:28:16 - OTMS - INFO - Successfully loaded custom table model for 'audit_log'
2025-12-03 07:28:16 - OTMS - INFO - Retrieved 11 columns for data source 'audit_log'
2025-12-03 07:28:18 - OTMS - INFO - Loaded 61 tables from primary database
2025-12-03 07:28:18 - OTMS - INFO - Loaded 54 tables from flexible database
2025-12-03 07:28:18 - OTMS - INFO - Added 0 additional custom tables from location_config
2025-12-03 07:28:18 - OTMS - INFO - Attempting to load custom table 'audit_log'
2025-12-03 07:28:18 - OTMS - INFO - Reflecting table 'audit_log' from flex database...
2025-12-03 07:28:18 - OTMS - INFO - Successfully created model for table 'audit_log' from flex database
2025-12-03 07:28:18 - OTMS - INFO - Successfully loaded custom table model for 'audit_log'
2025-12-03 07:28:18 - OTMS - INFO - Retrieved 11 columns for data source 'audit_log'
2025-12-03 07:28:18 - OTMS - INFO - Attempting to load custom table 'audit_log'
2025-12-03 07:28:18 - OTMS - INFO - Reflecting table 'audit_log' from flex database...
2025-12-03 07:28:18 - OTMS - INFO - Successfully created model for table 'audit_log' from flex database
2025-12-03 07:28:18 - OTMS - INFO - Successfully loaded custom table model for 'audit_log'
2025-12-03 07:28:18 - OTMS - INFO - Retrieved 11 columns for data source 'audit_log'
2025-12-03 07:28:18 - OTMS - INFO - Attempting to load custom table 'audit_log'
2025-12-03 07:28:18 - OTMS - INFO - Reflecting table 'audit_log' from flex database...
2025-12-03 07:28:18 - OTMS - INFO - Successfully created model for table 'audit_log' from flex database
2025-12-03 07:28:18 - OTMS - INFO - Successfully loaded custom table model for 'audit_log'
2025-12-03 07:28:18 - OTMS - INFO - Retrieved 11 columns for data source 'audit_log'
2025-12-03 07:28:18 - OTMS - INFO - Attempting to load custom table 'audit_log'
2025-12-03 07:28:18 - OTMS - INFO - Reflecting table 'audit_log' from flex database...
2025-12-03 07:28:18 - OTMS - INFO - Successfully created model for table 'audit_log' from flex database
2025-12-03 07:28:18 - OTMS - INFO - Successfully loaded custom table model for 'audit_log'
2025-12-03 07:28:18 - OTMS - INFO - Retrieved 11 columns for data source 'audit_log'
2025-12-03 07:28:18 - OTMS - INFO - Attempting to load custom table 'audit_log'
2025-12-03 07:28:18 - OTMS - INFO - Reflecting table 'audit_log' from flex database...
2025-12-03 07:28:18 - OTMS - INFO - Successfully created model for table 'audit_log' from flex database
2025-12-03 07:28:18 - OTMS - INFO - Successfully loaded custom table model for 'audit_log'
2025-12-03 07:28:18 - OTMS - INFO - Retrieved 11 columns for data source 'audit_log'
2025-12-03 07:28:18 - OTMS - INFO - Attempting to load custom table 'audit_log'
2025-12-03 07:28:18 - OTMS - INFO - Reflecting table 'audit_log' from flex database...
2025-12-03 07:28:18 - OTMS - INFO - Successfully created model for table 'audit_log' from flex database
2025-12-03 07:28:18 - OTMS - INFO - Successfully loaded custom table model for 'audit_log'
2025-12-03 07:28:18 - OTMS - INFO - Retrieved 11 columns for data source 'audit_log'
2025-12-03 07:28:19 - OTMS - INFO - Loaded 61 tables from primary database
2025-12-03 07:28:19 - OTMS - INFO - Loaded 54 tables from flexible database
2025-12-03 07:28:19 - OTMS - INFO - Added 0 additional custom tables from location_config
2025-12-03 07:28:19 - OTMS - INFO - Attempting to load custom table 'audit_log'
2025-12-03 07:28:19 - OTMS - INFO - Reflecting table 'audit_log' from flex database...
2025-12-03 07:28:19 - OTMS - INFO - Successfully created model for table 'audit_log' from flex database
2025-12-03 07:28:19 - OTMS - INFO - Successfully loaded custom table model for 'audit_log'
2025-12-03 07:28:19 - OTMS - INFO - Retrieved 11 columns for data source 'audit_log'
2025-12-03 07:28:19 - OTMS - INFO - Attempting to load custom table 'audit_log'
2025-12-03 07:28:19 - OTMS - INFO - Reflecting table 'audit_log' from flex database...
2025-12-03 07:28:19 - OTMS - INFO - Successfully created model for table 'audit_log' from flex database
2025-12-03 07:28:19 - OTMS - INFO - Successfully loaded custom table model for 'audit_log'
2025-12-03 07:28:19 - OTMS - INFO - Retrieved 11 columns for data source 'audit_log'
2025-12-03 07:28:19 - OTMS - INFO - Attempting to load custom table 'audit_log'
2025-12-03 07:28:19 - OTMS - INFO - Reflecting table 'audit_log' from flex database...
2025-12-03 07:28:19 - OTMS - INFO - Successfully created model for table 'audit_log' from flex database
2025-12-03 07:28:19 - OTMS - INFO - Successfully loaded custom table model for 'audit_log'
2025-12-03 07:28:19 - OTMS - INFO - Retrieved 11 columns for data source 'audit_log'
2025-12-03 07:28:19 - OTMS - INFO - Attempting to load custom table 'audit_log'
2025-12-03 07:28:19 - OTMS - INFO - Reflecting table 'audit_log' from flex database...
2025-12-03 07:28:19 - OTMS - INFO - Successfully created model for table 'audit_log' from flex database
2025-12-03 07:28:19 - OTMS - INFO - Successfully loaded custom table model for 'audit_log'
2025-12-03 07:28:19 - OTMS - INFO - Retrieved 11 columns for data source 'audit_log'
2025-12-03 07:28:19 - OTMS - INFO - Attempting to load custom table 'audit_log'
2025-12-03 07:28:19 - OTMS - INFO - Reflecting table 'audit_log' from flex database...
2025-12-03 07:28:19 - OTMS - INFO - Successfully created model for table 'audit_log' from flex database
2025-12-03 07:28:19 - OTMS - INFO - Successfully loaded custom table model for 'audit_log'
2025-12-03 07:28:19 - OTMS - INFO - Retrieved 11 columns for data source 'audit_log'
2025-12-03 07:28:19 - OTMS - INFO - Attempting to load custom table 'audit_log'
2025-12-03 07:28:19 - OTMS - INFO - Reflecting table 'audit_log' from flex database...
2025-12-03 07:28:19 - OTMS - INFO - Successfully created model for table 'audit_log' from flex database
2025-12-03 07:28:19 - OTMS - INFO - Successfully loaded custom table model for 'audit_log'
2025-12-03 07:28:19 - OTMS - INFO - Retrieved 11 columns for data source 'audit_log'
2025-12-03 07:28:25 - OTMS - INFO - Loaded 61 tables from primary database
2025-12-03 07:28:25 - OTMS - INFO - Loaded 54 tables from flexible database
2025-12-03 07:28:25 - OTMS - INFO - Added 0 additional custom tables from location_config
2025-12-03 07:28:25 - OTMS - INFO - Attempting to load custom table 'audit_log'
2025-12-03 07:28:25 - OTMS - INFO - Reflecting table 'audit_log' from flex database...
2025-12-03 07:28:25 - OTMS - INFO - Successfully created model for table 'audit_log' from flex database
2025-12-03 07:28:25 - OTMS - INFO - Successfully loaded custom table model for 'audit_log'
2025-12-03 07:28:25 - OTMS - INFO - Retrieved 11 columns for data source 'audit_log'
2025-12-03 07:28:25 - OTMS - INFO - Attempting to load custom table 'audit_log'
2025-12-03 07:28:25 - OTMS - INFO - Reflecting table 'audit_log' from flex database...
2025-12-03 07:28:25 - OTMS - INFO - Successfully created model for table 'audit_log' from flex database
2025-12-03 07:28:25 - OTMS - INFO - Successfully loaded custom table model for 'audit_log'
2025-12-03 07:28:25 - OTMS - INFO - Retrieved 11 columns for data source 'audit_log'
2025-12-03 07:28:25 - OTMS - INFO - Attempting to load custom table 'audit_log'
2025-12-03 07:28:25 - OTMS - INFO - Reflecting table 'audit_log' from flex database...
2025-12-03 07:28:25 - OTMS - INFO - Successfully created model for table 'audit_log' from flex database
2025-12-03 07:28:25 - OTMS - INFO - Successfully loaded custom table model for 'audit_log'
2025-12-03 07:28:25 - OTMS - INFO - Retrieved 11 columns for data source 'audit_log'
2025-12-03 07:28:25 - OTMS - INFO - Attempting to load custom table 'audit_log'
2025-12-03 07:28:25 - OTMS - INFO - Reflecting table 'audit_log' from flex database...
2025-12-03 07:28:25 - OTMS - INFO - Successfully created model for table 'audit_log' from flex database
2025-12-03 07:28:25 - OTMS - INFO - Successfully loaded custom table model for 'audit_log'
2025-12-03 07:28:25 - OTMS - INFO - Retrieved 11 columns for data source 'audit_log'
2025-12-03 07:28:25 - OTMS - INFO - Attempting to load custom table 'audit_log'
2025-12-03 07:28:25 - OTMS - INFO - Reflecting table 'audit_log' from flex database...
2025-12-03 07:28:25 - OTMS - INFO - Successfully created model for table 'audit_log' from flex database
2025-12-03 07:28:25 - OTMS - INFO - Successfully loaded custom table model for 'audit_log'
2025-12-03 07:28:25 - OTMS - INFO - Retrieved 11 columns for data source 'audit_log'
2025-12-03 07:28:25 - OTMS - INFO - Attempting to load custom table 'audit_log'
2025-12-03 07:28:25 - OTMS - INFO - Reflecting table 'audit_log' from flex database...
2025-12-03 07:28:25 - OTMS - INFO - Successfully created model for table 'audit_log' from flex database
2025-12-03 07:28:25 - OTMS - INFO - Successfully loaded custom table model for 'audit_log'
2025-12-03 07:28:25 - OTMS - INFO - Retrieved 11 columns for data source 'audit_log'
2025-12-03 07:28:33 - OTMS - INFO - Loaded 61 tables from primary database
2025-12-03 07:28:33 - OTMS - INFO - Loaded 54 tables from flexible database
2025-12-03 07:28:33 - OTMS - INFO - Added 0 additional custom tables from location_config
2025-12-03 07:28:33 - OTMS - INFO - Loading columns for standard data source 'tanker_transactions'
2025-12-03 07:28:33 - OTMS - INFO - Retrieved 42 columns for data source 'tanker_transactions'
2025-12-03 07:28:33 - OTMS - INFO - Attempting to load custom table 'audit_log'
2025-12-03 07:28:33 - OTMS - INFO - Reflecting table 'audit_log' from flex database...
2025-12-03 07:28:33 - OTMS - INFO - Successfully created model for table 'audit_log' from flex database
2025-12-03 07:28:33 - OTMS - INFO - Successfully loaded custom table model for 'audit_log'
2025-12-03 07:28:33 - OTMS - INFO - Retrieved 11 columns for data source 'audit_log'
2025-12-03 07:28:33 - OTMS - INFO - Attempting to load custom table 'audit_log'
2025-12-03 07:28:33 - OTMS - INFO - Reflecting table 'audit_log' from flex database...
2025-12-03 07:28:33 - OTMS - INFO - Successfully created model for table 'audit_log' from flex database
2025-12-03 07:28:33 - OTMS - INFO - Successfully loaded custom table model for 'audit_log'
2025-12-03 07:28:33 - OTMS - INFO - Retrieved 11 columns for data source 'audit_log'
2025-12-03 07:28:33 - OTMS - INFO - Attempting to load custom table 'audit_log'
2025-12-03 07:28:33 - OTMS - INFO - Reflecting table 'audit_log' from flex database...
2025-12-03 07:28:33 - OTMS - INFO - Successfully created model for table 'audit_log' from flex database
2025-12-03 07:28:33 - OTMS - INFO - Successfully loaded custom table model for 'audit_log'
2025-12-03 07:28:33 - OTMS - INFO - Retrieved 11 columns for data source 'audit_log'
2025-12-03 07:28:33 - OTMS - INFO - Attempting to load custom table 'audit_log'
2025-12-03 07:28:33 - OTMS - INFO - Reflecting table 'audit_log' from flex database...
2025-12-03 07:28:33 - OTMS - INFO - Successfully created model for table 'audit_log' from flex database
2025-12-03 07:28:33 - OTMS - INFO - Successfully loaded custom table model for 'audit_log'
2025-12-03 07:28:33 - OTMS - INFO - Retrieved 11 columns for data source 'audit_log'
2025-12-03 07:28:33 - OTMS - INFO - Attempting to load custom table 'audit_log'
2025-12-03 07:28:33 - OTMS - INFO - Reflecting table 'audit_log' from flex database...
2025-12-03 07:28:33 - OTMS - INFO - Successfully created model for table 'audit_log' from flex database
2025-12-03 07:28:33 - OTMS - INFO - Successfully loaded custom table model for 'audit_log'
2025-12-03 07:28:33 - OTMS - INFO - Retrieved 11 columns for data source 'audit_log'
2025-12-03 07:28:41 - OTMS - INFO - Loaded 61 tables from primary database
2025-12-03 07:28:41 - OTMS - INFO - Loaded 54 tables from flexible database
2025-12-03 07:28:41 - OTMS - INFO - Added 0 additional custom tables from location_config
2025-12-03 07:28:41 - OTMS - INFO - Loading columns for standard data source 'tanker_transactions'
2025-12-03 07:28:41 - OTMS - INFO - Retrieved 42 columns for data source 'tanker_transactions'
2025-12-03 07:28:41 - OTMS - INFO - Attempting to load custom table 'audit_log'
2025-12-03 07:28:41 - OTMS - INFO - Reflecting table 'audit_log' from flex database...
2025-12-03 07:28:41 - OTMS - INFO - Successfully created model for table 'audit_log' from flex database
2025-12-03 07:28:41 - OTMS - INFO - Successfully loaded custom table model for 'audit_log'
2025-12-03 07:28:41 - OTMS - INFO - Retrieved 11 columns for data source 'audit_log'
2025-12-03 07:28:41 - OTMS - INFO - Attempting to load custom table 'audit_log'
2025-12-03 07:28:41 - OTMS - INFO - Reflecting table 'audit_log' from flex database...
2025-12-03 07:28:41 - OTMS - INFO - Successfully created model for table 'audit_log' from flex database
2025-12-03 07:28:41 - OTMS - INFO - Successfully loaded custom table model for 'audit_log'
2025-12-03 07:28:41 - OTMS - INFO - Retrieved 11 columns for data source 'audit_log'
2025-12-03 07:28:41 - OTMS - INFO - Attempting to load custom table 'audit_log'
2025-12-03 07:28:41 - OTMS - INFO - Reflecting table 'audit_log' from flex database...
2025-12-03 07:28:41 - OTMS - INFO - Successfully created model for table 'audit_log' from flex database
2025-12-03 07:28:41 - OTMS - INFO - Successfully loaded custom table model for 'audit_log'
2025-12-03 07:28:41 - OTMS - INFO - Retrieved 11 columns for data source 'audit_log'
2025-12-03 07:28:41 - OTMS - INFO - Attempting to load custom table 'audit_log'
2025-12-03 07:28:41 - OTMS - INFO - Reflecting table 'audit_log' from flex database...
2025-12-03 07:28:41 - OTMS - INFO - Successfully created model for table 'audit_log' from flex database
2025-12-03 07:28:41 - OTMS - INFO - Successfully loaded custom table model for 'audit_log'
2025-12-03 07:28:41 - OTMS - INFO - Retrieved 11 columns for data source 'audit_log'
2025-12-03 07:28:53 - OTMS - INFO - Loaded 61 tables from primary database
2025-12-03 07:28:53 - OTMS - INFO - Loaded 54 tables from flexible database
2025-12-03 07:28:53 - OTMS - INFO - Added 0 additional custom tables from location_config
2025-12-03 07:28:53 - OTMS - INFO - Loading columns for standard data source 'tanker_transactions'
2025-12-03 07:28:53 - OTMS - INFO - Retrieved 42 columns for data source 'tanker_transactions'
2025-12-03 07:28:53 - OTMS - INFO - Attempting to load custom table 'audit_log'
2025-12-03 07:28:53 - OTMS - INFO - Reflecting table 'audit_log' from flex database...
2025-12-03 07:28:53 - OTMS - INFO - Successfully created model for table 'audit_log' from flex database
2025-12-03 07:28:53 - OTMS - INFO - Successfully loaded custom table model for 'audit_log'
2025-12-03 07:28:53 - OTMS - INFO - Retrieved 11 columns for data source 'audit_log'
2025-12-03 07:28:53 - OTMS - INFO - Attempting to load custom table 'audit_log'
2025-12-03 07:28:53 - OTMS - INFO - Reflecting table 'audit_log' from flex database...
2025-12-03 07:28:53 - OTMS - INFO - Successfully created model for table 'audit_log' from flex database
2025-12-03 07:28:53 - OTMS - INFO - Successfully loaded custom table model for 'audit_log'
2025-12-03 07:28:53 - OTMS - INFO - Retrieved 11 columns for data source 'audit_log'
2025-12-03 07:28:53 - OTMS - INFO - Attempting to load custom table 'audit_log'
2025-12-03 07:28:53 - OTMS - INFO - Reflecting table 'audit_log' from flex database...
2025-12-03 07:28:53 - OTMS - INFO - Successfully created model for table 'audit_log' from flex database
2025-12-03 07:28:53 - OTMS - INFO - Successfully loaded custom table model for 'audit_log'
2025-12-03 07:28:53 - OTMS - INFO - Retrieved 11 columns for data source 'audit_log'
2025-12-03 07:28:53 - OTMS - INFO - Attempting to load custom table 'audit_log'
2025-12-03 07:28:53 - OTMS - INFO - Reflecting table 'audit_log' from flex database...
2025-12-03 07:28:53 - OTMS - INFO - Successfully created model for table 'audit_log' from flex database
2025-12-03 07:28:53 - OTMS - INFO - Successfully loaded custom table model for 'audit_log'
2025-12-03 07:28:53 - OTMS - INFO - Retrieved 11 columns for data source 'audit_log'
2025-12-03 07:28:53 - OTMS - INFO - Attempting to load custom table 'audit_log'
2025-12-03 07:28:53 - OTMS - INFO - Reflecting table 'audit_log' from flex database...
2025-12-03 07:28:53 - OTMS - INFO - Successfully created model for table 'audit_log' from flex database
2025-12-03 07:28:53 - OTMS - INFO - Successfully loaded custom table model for 'audit_log'
2025-12-03 07:28:53 - OTMS - INFO - Retrieved 11 columns for data source 'audit_log'
2025-12-03 07:28:53 - OTMS - INFO - Attempting to load custom table 'audit_log'
2025-12-03 07:28:53 - OTMS - INFO - Reflecting table 'audit_log' from flex database...
2025-12-03 07:28:53 - OTMS - INFO - Successfully created model for table 'audit_log' from flex database
2025-12-03 07:28:53 - OTMS - INFO - Successfully loaded custom table model for 'audit_log'
2025-12-03 07:28:53 - OTMS - INFO - Retrieved 11 columns for data source 'audit_log'
2025-12-03 07:28:55 - OTMS - INFO - Loaded 61 tables from primary database
2025-12-03 07:28:55 - OTMS - INFO - Loaded 54 tables from flexible database
2025-12-03 07:28:55 - OTMS - INFO - Added 0 additional custom tables from location_config
2025-12-03 07:28:55 - OTMS - INFO - Loading columns for standard data source 'tanker_transactions'
2025-12-03 07:28:55 - OTMS - INFO - Retrieved 42 columns for data source 'tanker_transactions'
2025-12-03 07:28:55 - OTMS - INFO - Attempting to load custom table 'audit_log'
2025-12-03 07:28:55 - OTMS - INFO - Reflecting table 'audit_log' from flex database...
2025-12-03 07:28:55 - OTMS - INFO - Successfully created model for table 'audit_log' from flex database
2025-12-03 07:28:55 - OTMS - INFO - Successfully loaded custom table model for 'audit_log'
2025-12-03 07:28:55 - OTMS - INFO - Retrieved 11 columns for data source 'audit_log'
2025-12-03 07:28:55 - OTMS - INFO - Attempting to load custom table 'audit_log'
2025-12-03 07:28:55 - OTMS - INFO - Reflecting table 'audit_log' from flex database...
2025-12-03 07:28:55 - OTMS - INFO - Successfully created model for table 'audit_log' from flex database
2025-12-03 07:28:55 - OTMS - INFO - Successfully loaded custom table model for 'audit_log'
2025-12-03 07:28:55 - OTMS - INFO - Retrieved 11 columns for data source 'audit_log'
2025-12-03 07:28:55 - OTMS - INFO - Attempting to load custom table 'audit_log'
2025-12-03 07:28:55 - OTMS - INFO - Reflecting table 'audit_log' from flex database...
2025-12-03 07:28:55 - OTMS - INFO - Successfully created model for table 'audit_log' from flex database
2025-12-03 07:28:55 - OTMS - INFO - Successfully loaded custom table model for 'audit_log'
2025-12-03 07:28:55 - OTMS - INFO - Retrieved 11 columns for data source 'audit_log'
2025-12-03 07:28:55 - OTMS - INFO - Attempting to load custom table 'audit_log'
2025-12-03 07:28:55 - OTMS - INFO - Reflecting table 'audit_log' from flex database...
2025-12-03 07:28:55 - OTMS - INFO - Successfully created model for table 'audit_log' from flex database
2025-12-03 07:28:55 - OTMS - INFO - Successfully loaded custom table model for 'audit_log'
2025-12-03 07:28:55 - OTMS - INFO - Retrieved 11 columns for data source 'audit_log'
2025-12-03 07:28:55 - OTMS - INFO - Attempting to load custom table 'audit_log'
2025-12-03 07:28:55 - OTMS - INFO - Reflecting table 'audit_log' from flex database...
2025-12-03 07:28:55 - OTMS - INFO - Successfully created model for table 'audit_log' from flex database
2025-12-03 07:28:55 - OTMS - INFO - Successfully loaded custom table model for 'audit_log'
2025-12-03 07:28:55 - OTMS - INFO - Retrieved 11 columns for data source 'audit_log'
2025-12-03 07:28:55 - OTMS - INFO - Attempting to load custom table 'audit_log'
2025-12-03 07:28:55 - OTMS - INFO - Reflecting table 'audit_log' from flex database...
2025-12-03 07:28:55 - OTMS - INFO - Successfully created model for table 'audit_log' from flex database
2025-12-03 07:28:55 - OTMS - INFO - Successfully loaded custom table model for 'audit_log'
2025-12-03 07:28:55 - OTMS - INFO - Retrieved 11 columns for data source 'audit_log'
2025-12-03 07:28:57 - OTMS - INFO - Loaded 61 tables from primary database
2025-12-03 07:28:57 - OTMS - INFO - Loaded 54 tables from flexible database
2025-12-03 07:28:57 - OTMS - INFO - Added 0 additional custom tables from location_config
2025-12-03 07:28:57 - OTMS - INFO - Loading columns for standard data source 'tanker_transactions'
2025-12-03 07:28:57 - OTMS - INFO - Retrieved 42 columns for data source 'tanker_transactions'
2025-12-03 07:28:57 - OTMS - INFO - Attempting to load custom table 'audit_log'
2025-12-03 07:28:57 - OTMS - INFO - Reflecting table 'audit_log' from flex database...
2025-12-03 07:28:57 - OTMS - INFO - Successfully created model for table 'audit_log' from flex database
2025-12-03 07:28:57 - OTMS - INFO - Successfully loaded custom table model for 'audit_log'
2025-12-03 07:28:57 - OTMS - INFO - Retrieved 11 columns for data source 'audit_log'
2025-12-03 07:28:57 - OTMS - INFO - Attempting to load custom table 'audit_log'
2025-12-03 07:28:57 - OTMS - INFO - Reflecting table 'audit_log' from flex database...
2025-12-03 07:28:57 - OTMS - INFO - Successfully created model for table 'audit_log' from flex database
2025-12-03 07:28:57 - OTMS - INFO - Successfully loaded custom table model for 'audit_log'
2025-12-03 07:28:57 - OTMS - INFO - Retrieved 11 columns for data source 'audit_log'
2025-12-03 07:28:57 - OTMS - INFO - Attempting to load custom table 'audit_log'
2025-12-03 07:28:57 - OTMS - INFO - Reflecting table 'audit_log' from flex database...
2025-12-03 07:28:57 - OTMS - INFO - Successfully created model for table 'audit_log' from flex database
2025-12-03 07:28:57 - OTMS - INFO - Successfully loaded custom table model for 'audit_log'
2025-12-03 07:28:57 - OTMS - INFO - Retrieved 11 columns for data source 'audit_log'
2025-12-03 07:28:57 - OTMS - INFO - Attempting to load custom table 'audit_log'
2025-12-03 07:28:57 - OTMS - INFO - Reflecting table 'audit_log' from flex database...
2025-12-03 07:28:57 - OTMS - INFO - Successfully created model for table 'audit_log' from flex database
2025-12-03 07:28:57 - OTMS - INFO - Successfully loaded custom table model for 'audit_log'
2025-12-03 07:28:57 - OTMS - INFO - Retrieved 11 columns for data source 'audit_log'
2025-12-03 07:28:57 - OTMS - INFO - Attempting to load custom table 'audit_log'
2025-12-03 07:28:57 - OTMS - INFO - Reflecting table 'audit_log' from flex database...
2025-12-03 07:28:57 - OTMS - INFO - Successfully created model for table 'audit_log' from flex database
2025-12-03 07:28:57 - OTMS - INFO - Successfully loaded custom table model for 'audit_log'
2025-12-03 07:28:57 - OTMS - INFO - Retrieved 11 columns for data source 'audit_log'
2025-12-03 07:28:57 - OTMS - INFO - Attempting to load custom table 'audit_log'
2025-12-03 07:28:57 - OTMS - INFO - Reflecting table 'audit_log' from flex database...
2025-12-03 07:28:57 - OTMS - INFO - Successfully created model for table 'audit_log' from flex database
2025-12-03 07:28:57 - OTMS - INFO - Successfully loaded custom table model for 'audit_log'
2025-12-03 07:28:57 - OTMS - INFO - Retrieved 11 columns for data source 'audit_log'
2025-12-03 07:28:59 - OTMS - INFO - Loaded 61 tables from primary database
2025-12-03 07:28:59 - OTMS - INFO - Loaded 54 tables from flexible database
2025-12-03 07:28:59 - OTMS - INFO - Added 0 additional custom tables from location_config
2025-12-03 07:28:59 - OTMS - INFO - Loading columns for standard data source 'tanker_transactions'
2025-12-03 07:28:59 - OTMS - INFO - Retrieved 42 columns for data source 'tanker_transactions'
2025-12-03 07:28:59 - OTMS - INFO - Attempting to load custom table 'audit_log'
2025-12-03 07:28:59 - OTMS - INFO - Reflecting table 'audit_log' from flex database...
2025-12-03 07:28:59 - OTMS - INFO - Successfully created model for table 'audit_log' from flex database
2025-12-03 07:28:59 - OTMS - INFO - Successfully loaded custom table model for 'audit_log'
2025-12-03 07:28:59 - OTMS - INFO - Retrieved 11 columns for data source 'audit_log'
2025-12-03 07:28:59 - OTMS - INFO - Attempting to load custom table 'audit_log'
2025-12-03 07:28:59 - OTMS - INFO - Reflecting table 'audit_log' from flex database...
2025-12-03 07:28:59 - OTMS - INFO - Successfully created model for table 'audit_log' from flex database
2025-12-03 07:28:59 - OTMS - INFO - Successfully loaded custom table model for 'audit_log'
2025-12-03 07:28:59 - OTMS - INFO - Retrieved 11 columns for data source 'audit_log'
2025-12-03 07:28:59 - OTMS - INFO - Attempting to load custom table 'audit_log'
2025-12-03 07:28:59 - OTMS - INFO - Reflecting table 'audit_log' from flex database...
2025-12-03 07:28:59 - OTMS - INFO - Successfully created model for table 'audit_log' from flex database
2025-12-03 07:28:59 - OTMS - INFO - Successfully loaded custom table model for 'audit_log'
2025-12-03 07:28:59 - OTMS - INFO - Retrieved 11 columns for data source 'audit_log'
2025-12-03 07:28:59 - OTMS - INFO - Attempting to load custom table 'audit_log'
2025-12-03 07:28:59 - OTMS - INFO - Reflecting table 'audit_log' from flex database...
2025-12-03 07:28:59 - OTMS - INFO - Successfully created model for table 'audit_log' from flex database
2025-12-03 07:28:59 - OTMS - INFO - Successfully loaded custom table model for 'audit_log'
2025-12-03 07:28:59 - OTMS - INFO - Retrieved 11 columns for data source 'audit_log'
2025-12-03 07:28:59 - OTMS - INFO - Attempting to load custom table 'audit_log'
2025-12-03 07:28:59 - OTMS - INFO - Reflecting table 'audit_log' from flex database...
2025-12-03 07:28:59 - OTMS - INFO - Successfully created model for table 'audit_log' from flex database
2025-12-03 07:28:59 - OTMS - INFO - Successfully loaded custom table model for 'audit_log'
2025-12-03 07:28:59 - OTMS - INFO - Retrieved 11 columns for data source 'audit_log'
2025-12-03 07:28:59 - OTMS - INFO - Attempting to load custom table 'audit_log'
2025-12-03 07:28:59 - OTMS - INFO - Reflecting table 'audit_log' from flex database...
2025-12-03 07:28:59 - OTMS - INFO - Successfully created model for table 'audit_log' from flex database
2025-12-03 07:28:59 - OTMS - INFO - Successfully loaded custom table model for 'audit_log'
2025-12-03 07:28:59 - OTMS - INFO - Retrieved 11 columns for data source 'audit_log'
2025-12-03 07:29:03 - OTMS - INFO - Loaded 61 tables from primary database
2025-12-03 07:29:03 - OTMS - INFO - Loaded 54 tables from flexible database
2025-12-03 07:29:03 - OTMS - INFO - Added 0 additional custom tables from location_config
2025-12-03 07:29:03 - OTMS - INFO - Loading columns for standard data source 'tanker_transactions'
2025-12-03 07:29:03 - OTMS - INFO - Retrieved 42 columns for data source 'tanker_transactions'
2025-12-03 07:29:03 - OTMS - INFO - Loading columns for standard data source 'tanker_transactions'
2025-12-03 07:29:03 - OTMS - INFO - Retrieved 42 columns for data source 'tanker_transactions'
2025-12-03 07:29:03 - OTMS - INFO - Attempting to load custom table 'audit_log'
2025-12-03 07:29:03 - OTMS - INFO - Reflecting table 'audit_log' from flex database...
2025-12-03 07:29:03 - OTMS - INFO - Successfully created model for table 'audit_log' from flex database
2025-12-03 07:29:03 - OTMS - INFO - Successfully loaded custom table model for 'audit_log'
2025-12-03 07:29:03 - OTMS - INFO - Retrieved 11 columns for data source 'audit_log'
2025-12-03 07:29:03 - OTMS - INFO - Attempting to load custom table 'audit_log'
2025-12-03 07:29:03 - OTMS - INFO - Reflecting table 'audit_log' from flex database...
2025-12-03 07:29:03 - OTMS - INFO - Successfully created model for table 'audit_log' from flex database
2025-12-03 07:29:03 - OTMS - INFO - Successfully loaded custom table model for 'audit_log'
2025-12-03 07:29:03 - OTMS - INFO - Retrieved 11 columns for data source 'audit_log'
2025-12-03 07:29:03 - OTMS - INFO - Attempting to load custom table 'audit_log'
2025-12-03 07:29:03 - OTMS - INFO - Reflecting table 'audit_log' from flex database...
2025-12-03 07:29:03 - OTMS - INFO - Successfully created model for table 'audit_log' from flex database
2025-12-03 07:29:03 - OTMS - INFO - Successfully loaded custom table model for 'audit_log'
2025-12-03 07:29:03 - OTMS - INFO - Retrieved 11 columns for data source 'audit_log'
2025-12-03 07:29:03 - OTMS - INFO - Attempting to load custom table 'audit_log'
2025-12-03 07:29:03 - OTMS - INFO - Reflecting table 'audit_log' from flex database...
2025-12-03 07:29:03 - OTMS - INFO - Successfully created model for table 'audit_log' from flex database
2025-12-03 07:29:03 - OTMS - INFO - Successfully loaded custom table model for 'audit_log'
2025-12-03 07:29:03 - OTMS - INFO - Retrieved 11 columns for data source 'audit_log'
2025-12-03 07:29:03 - OTMS - INFO - Attempting to load custom table 'audit_log'
2025-12-03 07:29:03 - OTMS - INFO - Reflecting table 'audit_log' from flex database...
2025-12-03 07:29:03 - OTMS - INFO - Successfully created model for table 'audit_log' from flex database
2025-12-03 07:29:03 - OTMS - INFO - Successfully loaded custom table model for 'audit_log'
2025-12-03 07:29:03 - OTMS - INFO - Retrieved 11 columns for data source 'audit_log'
2025-12-03 07:29:06 - OTMS - INFO - Loaded 61 tables from primary database
2025-12-03 07:29:06 - OTMS - INFO - Loaded 54 tables from flexible database
2025-12-03 07:29:06 - OTMS - INFO - Added 0 additional custom tables from location_config
2025-12-03 07:29:06 - OTMS - INFO - Loading columns for standard data source 'tanker_transactions'
2025-12-03 07:29:06 - OTMS - INFO - Retrieved 42 columns for data source 'tanker_transactions'
2025-12-03 07:29:06 - OTMS - INFO - Loading columns for standard data source 'tanker_transactions'
2025-12-03 07:29:06 - OTMS - INFO - Retrieved 42 columns for data source 'tanker_transactions'
2025-12-03 07:29:06 - OTMS - INFO - Attempting to load custom table 'audit_log'
2025-12-03 07:29:06 - OTMS - INFO - Reflecting table 'audit_log' from flex database...
2025-12-03 07:29:06 - OTMS - INFO - Successfully created model for table 'audit_log' from flex database
2025-12-03 07:29:06 - OTMS - INFO - Successfully loaded custom table model for 'audit_log'
2025-12-03 07:29:06 - OTMS - INFO - Retrieved 11 columns for data source 'audit_log'
2025-12-03 07:29:06 - OTMS - INFO - Attempting to load custom table 'audit_log'
2025-12-03 07:29:06 - OTMS - INFO - Reflecting table 'audit_log' from flex database...
2025-12-03 07:29:06 - OTMS - INFO - Successfully created model for table 'audit_log' from flex database
2025-12-03 07:29:06 - OTMS - INFO - Successfully loaded custom table model for 'audit_log'
2025-12-03 07:29:06 - OTMS - INFO - Retrieved 11 columns for data source 'audit_log'
2025-12-03 07:29:06 - OTMS - INFO - Attempting to load custom table 'audit_log'
2025-12-03 07:29:06 - OTMS - INFO - Reflecting table 'audit_log' from flex database...
2025-12-03 07:29:06 - OTMS - INFO - Successfully created model for table 'audit_log' from flex database
2025-12-03 07:29:06 - OTMS - INFO - Successfully loaded custom table model for 'audit_log'
2025-12-03 07:29:06 - OTMS - INFO - Retrieved 11 columns for data source 'audit_log'
2025-12-03 07:29:06 - OTMS - INFO - Attempting to load custom table 'audit_log'
2025-12-03 07:29:06 - OTMS - INFO - Reflecting table 'audit_log' from flex database...
2025-12-03 07:29:06 - OTMS - INFO - Successfully created model for table 'audit_log' from flex database
2025-12-03 07:29:06 - OTMS - INFO - Successfully loaded custom table model for 'audit_log'
2025-12-03 07:29:06 - OTMS - INFO - Retrieved 11 columns for data source 'audit_log'
2025-12-03 07:29:06 - OTMS - INFO - Attempting to load custom table 'audit_log'
2025-12-03 07:29:06 - OTMS - INFO - Reflecting table 'audit_log' from flex database...
2025-12-03 07:29:06 - OTMS - INFO - Successfully created model for table 'audit_log' from flex database
2025-12-03 07:29:06 - OTMS - INFO - Successfully loaded custom table model for 'audit_log'
2025-12-03 07:29:06 - OTMS - INFO - Retrieved 11 columns for data source 'audit_log'
2025-12-03 07:29:18 - OTMS - INFO - Loaded 61 tables from primary database
2025-12-03 07:29:18 - OTMS - INFO - Loaded 54 tables from flexible database
2025-12-03 07:29:18 - OTMS - INFO - Added 0 additional custom tables from location_config
2025-12-03 07:29:18 - OTMS - INFO - Loading columns for standard data source 'tanker_transactions'
2025-12-03 07:29:18 - OTMS - INFO - Retrieved 42 columns for data source 'tanker_transactions'
2025-12-03 07:29:18 - OTMS - INFO - Loading columns for standard data source 'tanker_transactions'
2025-12-03 07:29:18 - OTMS - INFO - Retrieved 42 columns for data source 'tanker_transactions'
2025-12-03 07:29:18 - OTMS - INFO - Attempting to load custom table 'audit_log'
2025-12-03 07:29:18 - OTMS - INFO - Reflecting table 'audit_log' from flex database...
2025-12-03 07:29:18 - OTMS - INFO - Successfully created model for table 'audit_log' from flex database
2025-12-03 07:29:18 - OTMS - INFO - Successfully loaded custom table model for 'audit_log'
2025-12-03 07:29:18 - OTMS - INFO - Retrieved 11 columns for data source 'audit_log'
2025-12-03 07:29:18 - OTMS - INFO - Attempting to load custom table 'audit_log'
2025-12-03 07:29:18 - OTMS - INFO - Reflecting table 'audit_log' from flex database...
2025-12-03 07:29:18 - OTMS - INFO - Successfully created model for table 'audit_log' from flex database
2025-12-03 07:29:18 - OTMS - INFO - Successfully loaded custom table model for 'audit_log'
2025-12-03 07:29:18 - OTMS - INFO - Retrieved 11 columns for data source 'audit_log'
2025-12-03 07:29:18 - OTMS - INFO - Attempting to load custom table 'audit_log'
2025-12-03 07:29:18 - OTMS - INFO - Reflecting table 'audit_log' from flex database...
2025-12-03 07:29:18 - OTMS - INFO - Successfully created model for table 'audit_log' from flex database
2025-12-03 07:29:18 - OTMS - INFO - Successfully loaded custom table model for 'audit_log'
2025-12-03 07:29:18 - OTMS - INFO - Retrieved 11 columns for data source 'audit_log'
2025-12-03 07:29:18 - OTMS - INFO - Attempting to load custom table 'audit_log'
2025-12-03 07:29:18 - OTMS - INFO - Reflecting table 'audit_log' from flex database...
2025-12-03 07:29:18 - OTMS - INFO - Successfully created model for table 'audit_log' from flex database
2025-12-03 07:29:18 - OTMS - INFO - Successfully loaded custom table model for 'audit_log'
2025-12-03 07:29:18 - OTMS - INFO - Retrieved 11 columns for data source 'audit_log'
2025-12-03 07:29:18 - OTMS - INFO - Attempting to load custom table 'audit_log'
2025-12-03 07:29:18 - OTMS - INFO - Reflecting table 'audit_log' from flex database...
2025-12-03 07:29:18 - OTMS - INFO - Successfully created model for table 'audit_log' from flex database
2025-12-03 07:29:18 - OTMS - INFO - Successfully loaded custom table model for 'audit_log'
2025-12-03 07:29:18 - OTMS - INFO - Retrieved 11 columns for data source 'audit_log'
2025-12-03 07:29:31 - OTMS - INFO - Loaded 61 tables from primary database
2025-12-03 07:29:31 - OTMS - INFO - Loaded 54 tables from flexible database
2025-12-03 07:29:31 - OTMS - INFO - Added 0 additional custom tables from location_config
2025-12-03 07:29:31 - OTMS - INFO - Loading columns for standard data source 'tanker_transactions'
2025-12-03 07:29:31 - OTMS - INFO - Retrieved 42 columns for data source 'tanker_transactions'
2025-12-03 07:29:31 - OTMS - INFO - Loading columns for standard data source 'tanker_transactions'
2025-12-03 07:29:31 - OTMS - INFO - Retrieved 42 columns for data source 'tanker_transactions'
2025-12-03 07:29:31 - OTMS - INFO - Attempting to load custom table 'audit_log'
2025-12-03 07:29:31 - OTMS - INFO - Reflecting table 'audit_log' from flex database...
2025-12-03 07:29:31 - OTMS - INFO - Successfully created model for table 'audit_log' from flex database
2025-12-03 07:29:31 - OTMS - INFO - Successfully loaded custom table model for 'audit_log'
2025-12-03 07:29:31 - OTMS - INFO - Retrieved 11 columns for data source 'audit_log'
2025-12-03 07:29:31 - OTMS - INFO - Attempting to load custom table 'audit_log'
2025-12-03 07:29:31 - OTMS - INFO - Reflecting table 'audit_log' from flex database...
2025-12-03 07:29:31 - OTMS - INFO - Successfully created model for table 'audit_log' from flex database
2025-12-03 07:29:31 - OTMS - INFO - Successfully loaded custom table model for 'audit_log'
2025-12-03 07:29:31 - OTMS - INFO - Retrieved 11 columns for data source 'audit_log'
2025-12-03 07:29:31 - OTMS - INFO - Attempting to load custom table 'audit_log'
2025-12-03 07:29:31 - OTMS - INFO - Reflecting table 'audit_log' from flex database...
2025-12-03 07:29:31 - OTMS - INFO - Successfully created model for table 'audit_log' from flex database
2025-12-03 07:29:31 - OTMS - INFO - Successfully loaded custom table model for 'audit_log'
2025-12-03 07:29:31 - OTMS - INFO - Retrieved 11 columns for data source 'audit_log'
2025-12-03 07:29:31 - OTMS - INFO - Attempting to load custom table 'audit_log'
2025-12-03 07:29:31 - OTMS - INFO - Reflecting table 'audit_log' from flex database...
2025-12-03 07:29:31 - OTMS - INFO - Successfully created model for table 'audit_log' from flex database
2025-12-03 07:29:31 - OTMS - INFO - Successfully loaded custom table model for 'audit_log'
2025-12-03 07:29:31 - OTMS - INFO - Retrieved 11 columns for data source 'audit_log'
2025-12-03 07:29:31 - OTMS - INFO - Attempting to load custom table 'audit_log'
2025-12-03 07:29:31 - OTMS - INFO - Reflecting table 'audit_log' from flex database...
2025-12-03 07:29:31 - OTMS - INFO - Successfully created model for table 'audit_log' from flex database
2025-12-03 07:29:31 - OTMS - INFO - Successfully loaded custom table model for 'audit_log'
2025-12-03 07:29:31 - OTMS - INFO - Retrieved 11 columns for data source 'audit_log'
2025-12-03 07:29:33 - OTMS - INFO - Loaded 61 tables from primary database
2025-12-03 07:29:33 - OTMS - INFO - Loaded 54 tables from flexible database
2025-12-03 07:29:33 - OTMS - INFO - Added 0 additional custom tables from location_config
2025-12-03 07:29:33 - OTMS - INFO - Loading columns for standard data source 'tanker_transactions'
2025-12-03 07:29:33 - OTMS - INFO - Retrieved 42 columns for data source 'tanker_transactions'
2025-12-03 07:29:33 - OTMS - INFO - Loading columns for standard data source 'tanker_transactions'
2025-12-03 07:29:33 - OTMS - INFO - Retrieved 42 columns for data source 'tanker_transactions'
2025-12-03 07:29:33 - OTMS - INFO - Attempting to load custom table 'audit_log'
2025-12-03 07:29:33 - OTMS - INFO - Reflecting table 'audit_log' from flex database...
2025-12-03 07:29:33 - OTMS - INFO - Successfully created model for table 'audit_log' from flex database
2025-12-03 07:29:33 - OTMS - INFO - Successfully loaded custom table model for 'audit_log'
2025-12-03 07:29:33 - OTMS - INFO - Retrieved 11 columns for data source 'audit_log'
2025-12-03 07:29:33 - OTMS - INFO - Attempting to load custom table 'audit_log'
2025-12-03 07:29:33 - OTMS - INFO - Reflecting table 'audit_log' from flex database...
2025-12-03 07:29:33 - OTMS - INFO - Successfully created model for table 'audit_log' from flex database
2025-12-03 07:29:33 - OTMS - INFO - Successfully loaded custom table model for 'audit_log'
2025-12-03 07:29:33 - OTMS - INFO - Retrieved 11 columns for data source 'audit_log'
2025-12-03 07:29:33 - OTMS - INFO - Attempting to load custom table 'audit_log'
2025-12-03 07:29:33 - OTMS - INFO - Reflecting table 'audit_log' from flex database...
2025-12-03 07:29:33 - OTMS - INFO - Successfully created model for table 'audit_log' from flex database
2025-12-03 07:29:33 - OTMS - INFO - Successfully loaded custom table model for 'audit_log'
2025-12-03 07:29:33 - OTMS - INFO - Retrieved 11 columns for data source 'audit_log'
2025-12-03 07:29:33 - OTMS - INFO - Attempting to load custom table 'audit_log'
2025-12-03 07:29:33 - OTMS - INFO - Reflecting table 'audit_log' from flex database...
2025-12-03 07:29:33 - OTMS - INFO - Successfully created model for table 'audit_log' from flex database
2025-12-03 07:29:33 - OTMS - INFO - Successfully loaded custom table model for 'audit_log'
2025-12-03 07:29:33 - OTMS - INFO - Retrieved 11 columns for data source 'audit_log'
2025-12-03 07:29:33 - OTMS - INFO - Attempting to load custom table 'audit_log'
2025-12-03 07:29:33 - OTMS - INFO - Reflecting table 'audit_log' from flex database...
2025-12-03 07:29:33 - OTMS - INFO - Successfully created model for table 'audit_log' from flex database
2025-12-03 07:29:33 - OTMS - INFO - Successfully loaded custom table model for 'audit_log'
2025-12-03 07:29:33 - OTMS - INFO - Retrieved 11 columns for data source 'audit_log'
2025-12-03 07:29:37 - OTMS - INFO - Loaded 61 tables from primary database
2025-12-03 07:29:37 - OTMS - INFO - Loaded 54 tables from flexible database
2025-12-03 07:29:37 - OTMS - INFO - Added 0 additional custom tables from location_config
2025-12-03 07:29:37 - OTMS - INFO - Loading columns for standard data source 'tanker_transactions'
2025-12-03 07:29:37 - OTMS - INFO - Retrieved 42 columns for data source 'tanker_transactions'
2025-12-03 07:29:37 - OTMS - INFO - Loading columns for standard data source 'tanker_transactions'
2025-12-03 07:29:37 - OTMS - INFO - Retrieved 42 columns for data source 'tanker_transactions'
2025-12-03 07:29:37 - OTMS - INFO - Attempting to load custom table 'audit_log'
2025-12-03 07:29:37 - OTMS - INFO - Reflecting table 'audit_log' from flex database...
2025-12-03 07:29:37 - OTMS - INFO - Successfully created model for table 'audit_log' from flex database
2025-12-03 07:29:37 - OTMS - INFO - Successfully loaded custom table model for 'audit_log'
2025-12-03 07:29:37 - OTMS - INFO - Retrieved 11 columns for data source 'audit_log'
2025-12-03 07:29:37 - OTMS - INFO - Attempting to load custom table 'audit_log'
2025-12-03 07:29:37 - OTMS - INFO - Reflecting table 'audit_log' from flex database...
2025-12-03 07:29:37 - OTMS - INFO - Successfully created model for table 'audit_log' from flex database
2025-12-03 07:29:37 - OTMS - INFO - Successfully loaded custom table model for 'audit_log'
2025-12-03 07:29:37 - OTMS - INFO - Retrieved 11 columns for data source 'audit_log'
2025-12-03 07:29:37 - OTMS - INFO - Attempting to load custom table 'audit_log'
2025-12-03 07:29:37 - OTMS - INFO - Reflecting table 'audit_log' from flex database...
2025-12-03 07:29:37 - OTMS - INFO - Successfully created model for table 'audit_log' from flex database
2025-12-03 07:29:37 - OTMS - INFO - Successfully loaded custom table model for 'audit_log'
2025-12-03 07:29:37 - OTMS - INFO - Retrieved 11 columns for data source 'audit_log'
2025-12-03 07:29:37 - OTMS - INFO - Attempting to load custom table 'audit_log'
2025-12-03 07:29:37 - OTMS - INFO - Reflecting table 'audit_log' from flex database...
2025-12-03 07:29:37 - OTMS - INFO - Successfully created model for table 'audit_log' from flex database
2025-12-03 07:29:37 - OTMS - INFO - Successfully loaded custom table model for 'audit_log'
2025-12-03 07:29:37 - OTMS - INFO - Retrieved 11 columns for data source 'audit_log'
2025-12-03 07:29:37 - OTMS - INFO - Attempting to load custom table 'audit_log'
2025-12-03 07:29:37 - OTMS - INFO - Reflecting table 'audit_log' from flex database...
2025-12-03 07:29:37 - OTMS - INFO - Successfully created model for table 'audit_log' from flex database
2025-12-03 07:29:37 - OTMS - INFO - Successfully loaded custom table model for 'audit_log'
2025-12-03 07:29:37 - OTMS - INFO - Retrieved 11 columns for data source 'audit_log'
2025-12-03 07:29:44 - OTMS - INFO - Loaded 61 tables from primary database
2025-12-03 07:29:44 - OTMS - INFO - Loaded 54 tables from flexible database
2025-12-03 07:29:44 - OTMS - INFO - Added 0 additional custom tables from location_config
2025-12-03 07:29:44 - OTMS - INFO - Loading columns for standard data source 'tanker_transactions'
2025-12-03 07:29:44 - OTMS - INFO - Retrieved 42 columns for data source 'tanker_transactions'
2025-12-03 07:29:44 - OTMS - INFO - Loading columns for standard data source 'tanker_transactions'
2025-12-03 07:29:44 - OTMS - INFO - Retrieved 42 columns for data source 'tanker_transactions'
2025-12-03 07:29:44 - OTMS - INFO - Loading columns for standard data source 'tanker_transactions'
2025-12-03 07:29:44 - OTMS - INFO - Retrieved 42 columns for data source 'tanker_transactions'
2025-12-03 07:29:44 - OTMS - INFO - Attempting to load custom table 'audit_log'
2025-12-03 07:29:44 - OTMS - INFO - Reflecting table 'audit_log' from flex database...
2025-12-03 07:29:44 - OTMS - INFO - Successfully created model for table 'audit_log' from flex database
2025-12-03 07:29:44 - OTMS - INFO - Successfully loaded custom table model for 'audit_log'
2025-12-03 07:29:44 - OTMS - INFO - Retrieved 11 columns for data source 'audit_log'
2025-12-03 07:29:44 - OTMS - INFO - Attempting to load custom table 'audit_log'
2025-12-03 07:29:44 - OTMS - INFO - Reflecting table 'audit_log' from flex database...
2025-12-03 07:29:44 - OTMS - INFO - Successfully created model for table 'audit_log' from flex database
2025-12-03 07:29:44 - OTMS - INFO - Successfully loaded custom table model for 'audit_log'
2025-12-03 07:29:44 - OTMS - INFO - Retrieved 11 columns for data source 'audit_log'
2025-12-03 07:29:45 - OTMS - INFO - Attempting to load custom table 'audit_log'
2025-12-03 07:29:45 - OTMS - INFO - Reflecting table 'audit_log' from flex database...
2025-12-03 07:29:45 - OTMS - INFO - Successfully created model for table 'audit_log' from flex database
2025-12-03 07:29:45 - OTMS - INFO - Successfully loaded custom table model for 'audit_log'
2025-12-03 07:29:45 - OTMS - INFO - Retrieved 11 columns for data source 'audit_log'
2025-12-03 07:29:45 - OTMS - INFO - Attempting to load custom table 'audit_log'
2025-12-03 07:29:45 - OTMS - INFO - Reflecting table 'audit_log' from flex database...
2025-12-03 07:29:45 - OTMS - INFO - Successfully created model for table 'audit_log' from flex database
2025-12-03 07:29:45 - OTMS - INFO - Successfully loaded custom table model for 'audit_log'
2025-12-03 07:29:45 - OTMS - INFO - Retrieved 11 columns for data source 'audit_log'
2025-12-03 07:29:46 - OTMS - INFO - Loaded 61 tables from primary database
2025-12-03 07:29:46 - OTMS - INFO - Loaded 54 tables from flexible database
2025-12-03 07:29:46 - OTMS - INFO - Added 0 additional custom tables from location_config
2025-12-03 07:29:46 - OTMS - INFO - Loading columns for standard data source 'tanker_transactions'
2025-12-03 07:29:46 - OTMS - INFO - Retrieved 42 columns for data source 'tanker_transactions'
2025-12-03 07:29:46 - OTMS - INFO - Loading columns for standard data source 'tanker_transactions'
2025-12-03 07:29:46 - OTMS - INFO - Retrieved 42 columns for data source 'tanker_transactions'
2025-12-03 07:29:46 - OTMS - INFO - Loading columns for standard data source 'tanker_transactions'
2025-12-03 07:29:46 - OTMS - INFO - Retrieved 42 columns for data source 'tanker_transactions'
2025-12-03 07:29:46 - OTMS - INFO - Attempting to load custom table 'audit_log'
2025-12-03 07:29:46 - OTMS - INFO - Reflecting table 'audit_log' from flex database...
2025-12-03 07:29:46 - OTMS - INFO - Successfully created model for table 'audit_log' from flex database
2025-12-03 07:29:46 - OTMS - INFO - Successfully loaded custom table model for 'audit_log'
2025-12-03 07:29:46 - OTMS - INFO - Retrieved 11 columns for data source 'audit_log'
2025-12-03 07:29:46 - OTMS - INFO - Attempting to load custom table 'audit_log'
2025-12-03 07:29:46 - OTMS - INFO - Reflecting table 'audit_log' from flex database...
2025-12-03 07:29:46 - OTMS - INFO - Successfully created model for table 'audit_log' from flex database
2025-12-03 07:29:46 - OTMS - INFO - Successfully loaded custom table model for 'audit_log'
2025-12-03 07:29:46 - OTMS - INFO - Retrieved 11 columns for data source 'audit_log'
2025-12-03 07:29:46 - OTMS - INFO - Attempting to load custom table 'audit_log'
2025-12-03 07:29:46 - OTMS - INFO - Reflecting table 'audit_log' from flex database...
2025-12-03 07:29:46 - OTMS - INFO - Successfully created model for table 'audit_log' from flex database
2025-12-03 07:29:46 - OTMS - INFO - Successfully loaded custom table model for 'audit_log'
2025-12-03 07:29:46 - OTMS - INFO - Retrieved 11 columns for data source 'audit_log'
2025-12-03 07:29:46 - OTMS - INFO - Attempting to load custom table 'audit_log'
2025-12-03 07:29:46 - OTMS - INFO - Reflecting table 'audit_log' from flex database...
2025-12-03 07:29:46 - OTMS - INFO - Successfully created model for table 'audit_log' from flex database
2025-12-03 07:29:46 - OTMS - INFO - Successfully loaded custom table model for 'audit_log'
2025-12-03 07:29:46 - OTMS - INFO - Retrieved 11 columns for data source 'audit_log'
2025-12-03 07:29:54 - OTMS - INFO - Loaded 61 tables from primary database
2025-12-03 07:29:54 - OTMS - INFO - Loaded 54 tables from flexible database
2025-12-03 07:29:54 - OTMS - INFO - Added 0 additional custom tables from location_config
2025-12-03 07:29:54 - OTMS - INFO - Loading columns for standard data source 'tanker_transactions'
2025-12-03 07:29:54 - OTMS - INFO - Retrieved 42 columns for data source 'tanker_transactions'
2025-12-03 07:29:54 - OTMS - INFO - Loading columns for standard data source 'tanker_transactions'
2025-12-03 07:29:54 - OTMS - INFO - Retrieved 42 columns for data source 'tanker_transactions'
2025-12-03 07:29:54 - OTMS - INFO - Loading columns for standard data source 'tanker_transactions'
2025-12-03 07:29:54 - OTMS - INFO - Retrieved 42 columns for data source 'tanker_transactions'
2025-12-03 07:29:54 - OTMS - INFO - Attempting to load custom table 'audit_log'
2025-12-03 07:29:54 - OTMS - INFO - Reflecting table 'audit_log' from flex database...
2025-12-03 07:29:54 - OTMS - INFO - Successfully created model for table 'audit_log' from flex database
2025-12-03 07:29:54 - OTMS - INFO - Successfully loaded custom table model for 'audit_log'
2025-12-03 07:29:54 - OTMS - INFO - Retrieved 11 columns for data source 'audit_log'
2025-12-03 07:29:54 - OTMS - INFO - Attempting to load custom table 'audit_log'
2025-12-03 07:29:54 - OTMS - INFO - Reflecting table 'audit_log' from flex database...
2025-12-03 07:29:54 - OTMS - INFO - Successfully created model for table 'audit_log' from flex database
2025-12-03 07:29:54 - OTMS - INFO - Successfully loaded custom table model for 'audit_log'
2025-12-03 07:29:54 - OTMS - INFO - Retrieved 11 columns for data source 'audit_log'
2025-12-03 07:29:54 - OTMS - INFO - Attempting to load custom table 'audit_log'
2025-12-03 07:29:54 - OTMS - INFO - Reflecting table 'audit_log' from flex database...
2025-12-03 07:29:54 - OTMS - INFO - Successfully created model for table 'audit_log' from flex database
2025-12-03 07:29:54 - OTMS - INFO - Successfully loaded custom table model for 'audit_log'
2025-12-03 07:29:54 - OTMS - INFO - Retrieved 11 columns for data source 'audit_log'
2025-12-03 07:29:54 - OTMS - INFO - Attempting to load custom table 'audit_log'
2025-12-03 07:29:54 - OTMS - INFO - Reflecting table 'audit_log' from flex database...
2025-12-03 07:29:54 - OTMS - INFO - Successfully created model for table 'audit_log' from flex database
2025-12-03 07:29:54 - OTMS - INFO - Successfully loaded custom table model for 'audit_log'
2025-12-03 07:29:54 - OTMS - INFO - Retrieved 11 columns for data source 'audit_log'
2025-12-03 07:29:57 - OTMS - INFO - Loaded 61 tables from primary database
2025-12-03 07:29:57 - OTMS - INFO - Loaded 54 tables from flexible database
2025-12-03 07:29:57 - OTMS - INFO - Added 0 additional custom tables from location_config
2025-12-03 07:29:57 - OTMS - INFO - Loading columns for standard data source 'tanker_transactions'
2025-12-03 07:29:57 - OTMS - INFO - Retrieved 42 columns for data source 'tanker_transactions'
2025-12-03 07:29:57 - OTMS - INFO - Loading columns for standard data source 'tanker_transactions'
2025-12-03 07:29:57 - OTMS - INFO - Retrieved 42 columns for data source 'tanker_transactions'
2025-12-03 07:29:57 - OTMS - INFO - Loading columns for standard data source 'tanker_transactions'
2025-12-03 07:29:57 - OTMS - INFO - Retrieved 42 columns for data source 'tanker_transactions'
2025-12-03 07:29:57 - OTMS - INFO - Attempting to load custom table 'audit_log'
2025-12-03 07:29:57 - OTMS - INFO - Reflecting table 'audit_log' from flex database...
2025-12-03 07:29:57 - OTMS - INFO - Successfully created model for table 'audit_log' from flex database
2025-12-03 07:29:57 - OTMS - INFO - Successfully loaded custom table model for 'audit_log'
2025-12-03 07:29:57 - OTMS - INFO - Retrieved 11 columns for data source 'audit_log'
2025-12-03 07:29:57 - OTMS - INFO - Attempting to load custom table 'audit_log'
2025-12-03 07:29:57 - OTMS - INFO - Reflecting table 'audit_log' from flex database...
2025-12-03 07:29:57 - OTMS - INFO - Successfully created model for table 'audit_log' from flex database
2025-12-03 07:29:57 - OTMS - INFO - Successfully loaded custom table model for 'audit_log'
2025-12-03 07:29:57 - OTMS - INFO - Retrieved 11 columns for data source 'audit_log'
2025-12-03 07:29:57 - OTMS - INFO - Attempting to load custom table 'audit_log'
2025-12-03 07:29:57 - OTMS - INFO - Reflecting table 'audit_log' from flex database...
2025-12-03 07:29:57 - OTMS - INFO - Successfully created model for table 'audit_log' from flex database
2025-12-03 07:29:57 - OTMS - INFO - Successfully loaded custom table model for 'audit_log'
2025-12-03 07:29:57 - OTMS - INFO - Retrieved 11 columns for data source 'audit_log'
2025-12-03 07:29:57 - OTMS - INFO - Attempting to load custom table 'audit_log'
2025-12-03 07:29:57 - OTMS - INFO - Reflecting table 'audit_log' from flex database...
2025-12-03 07:29:57 - OTMS - INFO - Successfully created model for table 'audit_log' from flex database
2025-12-03 07:29:57 - OTMS - INFO - Successfully loaded custom table model for 'audit_log'
2025-12-03 07:29:57 - OTMS - INFO - Retrieved 11 columns for data source 'audit_log'
2025-12-03 07:30:04 - OTMS - INFO - Loaded 61 tables from primary database
2025-12-03 07:30:04 - OTMS - INFO - Loaded 54 tables from flexible database
2025-12-03 07:30:04 - OTMS - INFO - Added 0 additional custom tables from location_config
2025-12-03 07:30:04 - OTMS - INFO - Loading columns for standard data source 'tanker_transactions'
2025-12-03 07:30:04 - OTMS - INFO - Retrieved 42 columns for data source 'tanker_transactions'
2025-12-03 07:30:04 - OTMS - INFO - Loading columns for standard data source 'tanker_transactions'
2025-12-03 07:30:04 - OTMS - INFO - Retrieved 42 columns for data source 'tanker_transactions'
2025-12-03 07:30:04 - OTMS - INFO - Loading columns for standard data source 'tanker_transactions'
2025-12-03 07:30:04 - OTMS - INFO - Retrieved 42 columns for data source 'tanker_transactions'
2025-12-03 07:30:04 - OTMS - INFO - Loading columns for standard data source 'tanker_transactions'
2025-12-03 07:30:04 - OTMS - INFO - Retrieved 42 columns for data source 'tanker_transactions'
2025-12-03 07:30:04 - OTMS - INFO - Attempting to load custom table 'audit_log'
2025-12-03 07:30:04 - OTMS - INFO - Reflecting table 'audit_log' from flex database...
2025-12-03 07:30:04 - OTMS - INFO - Successfully created model for table 'audit_log' from flex database
2025-12-03 07:30:04 - OTMS - INFO - Successfully loaded custom table model for 'audit_log'
2025-12-03 07:30:04 - OTMS - INFO - Retrieved 11 columns for data source 'audit_log'
2025-12-03 07:30:04 - OTMS - INFO - Attempting to load custom table 'audit_log'
2025-12-03 07:30:04 - OTMS - INFO - Reflecting table 'audit_log' from flex database...
2025-12-03 07:30:04 - OTMS - INFO - Successfully created model for table 'audit_log' from flex database
2025-12-03 07:30:04 - OTMS - INFO - Successfully loaded custom table model for 'audit_log'
2025-12-03 07:30:04 - OTMS - INFO - Retrieved 11 columns for data source 'audit_log'
2025-12-03 07:30:04 - OTMS - INFO - Attempting to load custom table 'audit_log'
2025-12-03 07:30:04 - OTMS - INFO - Reflecting table 'audit_log' from flex database...
2025-12-03 07:30:04 - OTMS - INFO - Successfully created model for table 'audit_log' from flex database
2025-12-03 07:30:04 - OTMS - INFO - Successfully loaded custom table model for 'audit_log'
2025-12-03 07:30:04 - OTMS - INFO - Retrieved 11 columns for data source 'audit_log'
2025-12-03 07:30:06 - OTMS - INFO - Loaded 61 tables from primary database
2025-12-03 07:30:06 - OTMS - INFO - Loaded 54 tables from flexible database
2025-12-03 07:30:06 - OTMS - INFO - Added 0 additional custom tables from location_config
2025-12-03 07:30:06 - OTMS - INFO - Loading columns for standard data source 'tanker_transactions'
2025-12-03 07:30:06 - OTMS - INFO - Retrieved 42 columns for data source 'tanker_transactions'
2025-12-03 07:30:06 - OTMS - INFO - Loading columns for standard data source 'tanker_transactions'
2025-12-03 07:30:06 - OTMS - INFO - Retrieved 42 columns for data source 'tanker_transactions'
2025-12-03 07:30:06 - OTMS - INFO - Loading columns for standard data source 'tanker_transactions'
2025-12-03 07:30:06 - OTMS - INFO - Retrieved 42 columns for data source 'tanker_transactions'
2025-12-03 07:30:06 - OTMS - INFO - Loading columns for standard data source 'tanker_transactions'
2025-12-03 07:30:06 - OTMS - INFO - Retrieved 42 columns for data source 'tanker_transactions'
2025-12-03 07:30:06 - OTMS - INFO - Attempting to load custom table 'audit_log'
2025-12-03 07:30:06 - OTMS - INFO - Reflecting table 'audit_log' from flex database...
2025-12-03 07:30:06 - OTMS - INFO - Successfully created model for table 'audit_log' from flex database
2025-12-03 07:30:06 - OTMS - INFO - Successfully loaded custom table model for 'audit_log'
2025-12-03 07:30:06 - OTMS - INFO - Retrieved 11 columns for data source 'audit_log'
2025-12-03 07:30:06 - OTMS - INFO - Attempting to load custom table 'audit_log'
2025-12-03 07:30:06 - OTMS - INFO - Reflecting table 'audit_log' from flex database...
2025-12-03 07:30:06 - OTMS - INFO - Successfully created model for table 'audit_log' from flex database
2025-12-03 07:30:06 - OTMS - INFO - Successfully loaded custom table model for 'audit_log'
2025-12-03 07:30:06 - OTMS - INFO - Retrieved 11 columns for data source 'audit_log'
2025-12-03 07:30:06 - OTMS - INFO - Attempting to load custom table 'audit_log'
2025-12-03 07:30:06 - OTMS - INFO - Reflecting table 'audit_log' from flex database...
2025-12-03 07:30:06 - OTMS - INFO - Successfully created model for table 'audit_log' from flex database
2025-12-03 07:30:06 - OTMS - INFO - Successfully loaded custom table model for 'audit_log'
2025-12-03 07:30:06 - OTMS - INFO - Retrieved 11 columns for data source 'audit_log'
2025-12-03 07:30:09 - OTMS - INFO - Loaded 61 tables from primary database
2025-12-03 07:30:09 - OTMS - INFO - Loaded 54 tables from flexible database
2025-12-03 07:30:09 - OTMS - INFO - Added 0 additional custom tables from location_config
2025-12-03 07:30:09 - OTMS - INFO - Loading columns for standard data source 'tanker_transactions'
2025-12-03 07:30:09 - OTMS - INFO - Retrieved 42 columns for data source 'tanker_transactions'
2025-12-03 07:30:09 - OTMS - INFO - Loading columns for standard data source 'tanker_transactions'
2025-12-03 07:30:09 - OTMS - INFO - Retrieved 42 columns for data source 'tanker_transactions'
2025-12-03 07:30:09 - OTMS - INFO - Loading columns for standard data source 'tanker_transactions'
2025-12-03 07:30:09 - OTMS - INFO - Retrieved 42 columns for data source 'tanker_transactions'
2025-12-03 07:30:09 - OTMS - INFO - Loading columns for standard data source 'tanker_transactions'
2025-12-03 07:30:09 - OTMS - INFO - Retrieved 42 columns for data source 'tanker_transactions'
2025-12-03 07:30:09 - OTMS - INFO - Attempting to load custom table 'audit_log'
2025-12-03 07:30:09 - OTMS - INFO - Reflecting table 'audit_log' from flex database...
2025-12-03 07:30:09 - OTMS - INFO - Successfully created model for table 'audit_log' from flex database
2025-12-03 07:30:09 - OTMS - INFO - Successfully loaded custom table model for 'audit_log'
2025-12-03 07:30:09 - OTMS - INFO - Retrieved 11 columns for data source 'audit_log'
2025-12-03 07:30:09 - OTMS - INFO - Attempting to load custom table 'audit_log'
2025-12-03 07:30:09 - OTMS - INFO - Reflecting table 'audit_log' from flex database...
2025-12-03 07:30:09 - OTMS - INFO - Successfully created model for table 'audit_log' from flex database
2025-12-03 07:30:09 - OTMS - INFO - Successfully loaded custom table model for 'audit_log'
2025-12-03 07:30:09 - OTMS - INFO - Retrieved 11 columns for data source 'audit_log'
2025-12-03 07:30:09 - OTMS - INFO - Attempting to load custom table 'audit_log'
2025-12-03 07:30:09 - OTMS - INFO - Reflecting table 'audit_log' from flex database...
2025-12-03 07:30:10 - OTMS - INFO - Successfully created model for table 'audit_log' from flex database
2025-12-03 07:30:10 - OTMS - INFO - Successfully loaded custom table model for 'audit_log'
2025-12-03 07:30:10 - OTMS - INFO - Retrieved 11 columns for data source 'audit_log'
2025-12-03 07:30:18 - OTMS - INFO - Loaded 61 tables from primary database
2025-12-03 07:30:18 - OTMS - INFO - Loaded 54 tables from flexible database
2025-12-03 07:30:18 - OTMS - INFO - Added 0 additional custom tables from location_config
2025-12-03 07:30:18 - OTMS - INFO - Loading columns for standard data source 'tanker_transactions'
2025-12-03 07:30:18 - OTMS - INFO - Retrieved 42 columns for data source 'tanker_transactions'
2025-12-03 07:30:18 - OTMS - INFO - Loading columns for standard data source 'tanker_transactions'
2025-12-03 07:30:18 - OTMS - INFO - Retrieved 42 columns for data source 'tanker_transactions'
2025-12-03 07:30:18 - OTMS - INFO - Loading columns for standard data source 'tanker_transactions'
2025-12-03 07:30:18 - OTMS - INFO - Retrieved 42 columns for data source 'tanker_transactions'
2025-12-03 07:30:18 - OTMS - INFO - Loading columns for standard data source 'tanker_transactions'
2025-12-03 07:30:18 - OTMS - INFO - Retrieved 42 columns for data source 'tanker_transactions'
2025-12-03 07:30:18 - OTMS - INFO - Attempting to load custom table 'audit_log'
2025-12-03 07:30:18 - OTMS - INFO - Reflecting table 'audit_log' from flex database...
2025-12-03 07:30:18 - OTMS - INFO - Successfully created model for table 'audit_log' from flex database
2025-12-03 07:30:18 - OTMS - INFO - Successfully loaded custom table model for 'audit_log'
2025-12-03 07:30:18 - OTMS - INFO - Retrieved 11 columns for data source 'audit_log'
2025-12-03 07:30:18 - OTMS - INFO - Attempting to load custom table 'audit_log'
2025-12-03 07:30:18 - OTMS - INFO - Reflecting table 'audit_log' from flex database...
2025-12-03 07:30:18 - OTMS - INFO - Successfully created model for table 'audit_log' from flex database
2025-12-03 07:30:18 - OTMS - INFO - Successfully loaded custom table model for 'audit_log'
2025-12-03 07:30:18 - OTMS - INFO - Retrieved 11 columns for data source 'audit_log'
2025-12-03 07:30:18 - OTMS - INFO - Attempting to load custom table 'audit_log'
2025-12-03 07:30:18 - OTMS - INFO - Reflecting table 'audit_log' from flex database...
2025-12-03 07:30:18 - OTMS - INFO - Successfully created model for table 'audit_log' from flex database
2025-12-03 07:30:18 - OTMS - INFO - Successfully loaded custom table model for 'audit_log'
2025-12-03 07:30:18 - OTMS - INFO - Retrieved 11 columns for data source 'audit_log'
2025-12-03 07:30:20 - OTMS - INFO - Loaded 61 tables from primary database
2025-12-03 07:30:20 - OTMS - INFO - Loaded 54 tables from flexible database
2025-12-03 07:30:20 - OTMS - INFO - Added 0 additional custom tables from location_config
2025-12-03 07:30:20 - OTMS - INFO - Loading columns for standard data source 'tanker_transactions'
2025-12-03 07:30:20 - OTMS - INFO - Retrieved 42 columns for data source 'tanker_transactions'
2025-12-03 07:30:21 - OTMS - INFO - Loading columns for standard data source 'tanker_transactions'
2025-12-03 07:30:21 - OTMS - INFO - Retrieved 42 columns for data source 'tanker_transactions'
2025-12-03 07:30:21 - OTMS - INFO - Loading columns for standard data source 'tanker_transactions'
2025-12-03 07:30:21 - OTMS - INFO - Retrieved 42 columns for data source 'tanker_transactions'
2025-12-03 07:30:21 - OTMS - INFO - Loading columns for standard data source 'tanker_transactions'
2025-12-03 07:30:21 - OTMS - INFO - Retrieved 42 columns for data source 'tanker_transactions'
2025-12-03 07:30:21 - OTMS - INFO - Attempting to load custom table 'audit_log'
2025-12-03 07:30:21 - OTMS - INFO - Reflecting table 'audit_log' from flex database...
2025-12-03 07:30:21 - OTMS - INFO - Successfully created model for table 'audit_log' from flex database
2025-12-03 07:30:21 - OTMS - INFO - Successfully loaded custom table model for 'audit_log'
2025-12-03 07:30:21 - OTMS - INFO - Retrieved 11 columns for data source 'audit_log'
2025-12-03 07:30:21 - OTMS - INFO - Attempting to load custom table 'audit_log'
2025-12-03 07:30:21 - OTMS - INFO - Reflecting table 'audit_log' from flex database...
2025-12-03 07:30:21 - OTMS - INFO - Successfully created model for table 'audit_log' from flex database
2025-12-03 07:30:21 - OTMS - INFO - Successfully loaded custom table model for 'audit_log'
2025-12-03 07:30:21 - OTMS - INFO - Retrieved 11 columns for data source 'audit_log'
2025-12-03 07:30:21 - OTMS - INFO - Attempting to load custom table 'audit_log'
2025-12-03 07:30:21 - OTMS - INFO - Reflecting table 'audit_log' from flex database...
2025-12-03 07:30:21 - OTMS - INFO - Successfully created model for table 'audit_log' from flex database
2025-12-03 07:30:21 - OTMS - INFO - Successfully loaded custom table model for 'audit_log'
2025-12-03 07:30:21 - OTMS - INFO - Retrieved 11 columns for data source 'audit_log'
2025-12-03 07:30:23 - OTMS - INFO - Loaded 61 tables from primary database
2025-12-03 07:30:23 - OTMS - INFO - Loaded 54 tables from flexible database
2025-12-03 07:30:23 - OTMS - INFO - Added 0 additional custom tables from location_config
2025-12-03 07:30:23 - OTMS - INFO - Loading columns for standard data source 'tanker_transactions'
2025-12-03 07:30:23 - OTMS - INFO - Retrieved 42 columns for data source 'tanker_transactions'
2025-12-03 07:30:23 - OTMS - INFO - Loading columns for standard data source 'tanker_transactions'
2025-12-03 07:30:23 - OTMS - INFO - Retrieved 42 columns for data source 'tanker_transactions'
2025-12-03 07:30:23 - OTMS - INFO - Loading columns for standard data source 'tanker_transactions'
2025-12-03 07:30:23 - OTMS - INFO - Retrieved 42 columns for data source 'tanker_transactions'
2025-12-03 07:30:23 - OTMS - INFO - Loading columns for standard data source 'tanker_transactions'
2025-12-03 07:30:23 - OTMS - INFO - Retrieved 42 columns for data source 'tanker_transactions'
2025-12-03 07:30:23 - OTMS - INFO - Attempting to load custom table 'audit_log'
2025-12-03 07:30:23 - OTMS - INFO - Reflecting table 'audit_log' from flex database...
2025-12-03 07:30:23 - OTMS - INFO - Successfully created model for table 'audit_log' from flex database
2025-12-03 07:30:23 - OTMS - INFO - Successfully loaded custom table model for 'audit_log'
2025-12-03 07:30:23 - OTMS - INFO - Retrieved 11 columns for data source 'audit_log'
2025-12-03 07:30:23 - OTMS - INFO - Attempting to load custom table 'audit_log'
2025-12-03 07:30:23 - OTMS - INFO - Reflecting table 'audit_log' from flex database...
2025-12-03 07:30:23 - OTMS - INFO - Successfully created model for table 'audit_log' from flex database
2025-12-03 07:30:23 - OTMS - INFO - Successfully loaded custom table model for 'audit_log'
2025-12-03 07:30:23 - OTMS - INFO - Retrieved 11 columns for data source 'audit_log'
2025-12-03 07:30:23 - OTMS - INFO - Attempting to load custom table 'audit_log'
2025-12-03 07:30:23 - OTMS - INFO - Reflecting table 'audit_log' from flex database...
2025-12-03 07:30:23 - OTMS - INFO - Successfully created model for table 'audit_log' from flex database
2025-12-03 07:30:23 - OTMS - INFO - Successfully loaded custom table model for 'audit_log'
2025-12-03 07:30:23 - OTMS - INFO - Retrieved 11 columns for data source 'audit_log'
2025-12-03 07:30:24 - OTMS - INFO - Loaded 61 tables from primary database
2025-12-03 07:30:24 - OTMS - INFO - Loaded 54 tables from flexible database
2025-12-03 07:30:24 - OTMS - INFO - Added 0 additional custom tables from location_config
2025-12-03 07:30:24 - OTMS - INFO - Loading columns for standard data source 'tanker_transactions'
2025-12-03 07:30:24 - OTMS - INFO - Retrieved 42 columns for data source 'tanker_transactions'
2025-12-03 07:30:24 - OTMS - INFO - Loading columns for standard data source 'tanker_transactions'
2025-12-03 07:30:24 - OTMS - INFO - Retrieved 42 columns for data source 'tanker_transactions'
2025-12-03 07:30:25 - OTMS - INFO - Loading columns for standard data source 'tanker_transactions'
2025-12-03 07:30:25 - OTMS - INFO - Retrieved 42 columns for data source 'tanker_transactions'
2025-12-03 07:30:25 - OTMS - INFO - Loading columns for standard data source 'tanker_transactions'
2025-12-03 07:30:25 - OTMS - INFO - Retrieved 42 columns for data source 'tanker_transactions'
2025-12-03 07:30:25 - OTMS - INFO - Attempting to load custom table 'audit_log'
2025-12-03 07:30:25 - OTMS - INFO - Reflecting table 'audit_log' from flex database...
2025-12-03 07:30:25 - OTMS - INFO - Successfully created model for table 'audit_log' from flex database
2025-12-03 07:30:25 - OTMS - INFO - Successfully loaded custom table model for 'audit_log'
2025-12-03 07:30:25 - OTMS - INFO - Retrieved 11 columns for data source 'audit_log'
2025-12-03 07:30:25 - OTMS - INFO - Attempting to load custom table 'audit_log'
2025-12-03 07:30:25 - OTMS - INFO - Reflecting table 'audit_log' from flex database...
2025-12-03 07:30:25 - OTMS - INFO - Successfully created model for table 'audit_log' from flex database
2025-12-03 07:30:25 - OTMS - INFO - Successfully loaded custom table model for 'audit_log'
2025-12-03 07:30:25 - OTMS - INFO - Retrieved 11 columns for data source 'audit_log'
2025-12-03 07:30:25 - OTMS - INFO - Attempting to load custom table 'audit_log'
2025-12-03 07:30:25 - OTMS - INFO - Reflecting table 'audit_log' from flex database...
2025-12-03 07:30:25 - OTMS - INFO - Successfully created model for table 'audit_log' from flex database
2025-12-03 07:30:25 - OTMS - INFO - Successfully loaded custom table model for 'audit_log'
2025-12-03 07:30:25 - OTMS - INFO - Retrieved 11 columns for data source 'audit_log'
2025-12-03 07:30:29 - OTMS - INFO - Loaded 61 tables from primary database
2025-12-03 07:30:29 - OTMS - INFO - Loaded 54 tables from flexible database
2025-12-03 07:30:29 - OTMS - INFO - Added 0 additional custom tables from location_config
2025-12-03 07:30:29 - OTMS - INFO - Loading columns for standard data source 'tanker_transactions'
2025-12-03 07:30:29 - OTMS - INFO - Retrieved 42 columns for data source 'tanker_transactions'
2025-12-03 07:30:29 - OTMS - INFO - Loading columns for standard data source 'tanker_transactions'
2025-12-03 07:30:29 - OTMS - INFO - Retrieved 42 columns for data source 'tanker_transactions'
2025-12-03 07:30:29 - OTMS - INFO - Loading columns for standard data source 'tanker_transactions'
2025-12-03 07:30:29 - OTMS - INFO - Retrieved 42 columns for data source 'tanker_transactions'
2025-12-03 07:30:29 - OTMS - INFO - Loading columns for standard data source 'tanker_transactions'
2025-12-03 07:30:29 - OTMS - INFO - Retrieved 42 columns for data source 'tanker_transactions'
2025-12-03 07:30:29 - OTMS - INFO - Loading columns for standard data source 'tanker_transactions'
2025-12-03 07:30:29 - OTMS - INFO - Retrieved 42 columns for data source 'tanker_transactions'
2025-12-03 07:30:29 - OTMS - INFO - Attempting to load custom table 'audit_log'
2025-12-03 07:30:29 - OTMS - INFO - Reflecting table 'audit_log' from flex database...
2025-12-03 07:30:29 - OTMS - INFO - Successfully created model for table 'audit_log' from flex database
2025-12-03 07:30:29 - OTMS - INFO - Successfully loaded custom table model for 'audit_log'
2025-12-03 07:30:29 - OTMS - INFO - Retrieved 11 columns for data source 'audit_log'
2025-12-03 07:30:29 - OTMS - INFO - Attempting to load custom table 'audit_log'
2025-12-03 07:30:29 - OTMS - INFO - Reflecting table 'audit_log' from flex database...
2025-12-03 07:30:29 - OTMS - INFO - Successfully created model for table 'audit_log' from flex database
2025-12-03 07:30:29 - OTMS - INFO - Successfully loaded custom table model for 'audit_log'
2025-12-03 07:30:29 - OTMS - INFO - Retrieved 11 columns for data source 'audit_log'
2025-12-03 07:30:34 - OTMS - INFO - Loaded 61 tables from primary database
2025-12-03 07:30:34 - OTMS - INFO - Loaded 54 tables from flexible database
2025-12-03 07:30:34 - OTMS - INFO - Added 0 additional custom tables from location_config
2025-12-03 07:30:34 - OTMS - INFO - Loading columns for standard data source 'tanker_transactions'
2025-12-03 07:30:34 - OTMS - INFO - Retrieved 42 columns for data source 'tanker_transactions'
2025-12-03 07:30:34 - OTMS - INFO - Loading columns for standard data source 'tanker_transactions'
2025-12-03 07:30:34 - OTMS - INFO - Retrieved 42 columns for data source 'tanker_transactions'
2025-12-03 07:30:34 - OTMS - INFO - Loading columns for standard data source 'tanker_transactions'
2025-12-03 07:30:34 - OTMS - INFO - Retrieved 42 columns for data source 'tanker_transactions'
2025-12-03 07:30:34 - OTMS - INFO - Loading columns for standard data source 'tanker_transactions'
2025-12-03 07:30:34 - OTMS - INFO - Retrieved 42 columns for data source 'tanker_transactions'
2025-12-03 07:30:34 - OTMS - INFO - Loading columns for standard data source 'tanker_transactions'
2025-12-03 07:30:34 - OTMS - INFO - Retrieved 42 columns for data source 'tanker_transactions'
2025-12-03 07:30:34 - OTMS - INFO - Attempting to load custom table 'audit_log'
2025-12-03 07:30:34 - OTMS - INFO - Reflecting table 'audit_log' from flex database...
2025-12-03 07:30:34 - OTMS - INFO - Successfully created model for table 'audit_log' from flex database
2025-12-03 07:30:34 - OTMS - INFO - Successfully loaded custom table model for 'audit_log'
2025-12-03 07:30:34 - OTMS - INFO - Retrieved 11 columns for data source 'audit_log'
2025-12-03 07:30:34 - OTMS - INFO - Attempting to load custom table 'audit_log'
2025-12-03 07:30:34 - OTMS - INFO - Reflecting table 'audit_log' from flex database...
2025-12-03 07:30:34 - OTMS - INFO - Successfully created model for table 'audit_log' from flex database
2025-12-03 07:30:34 - OTMS - INFO - Successfully loaded custom table model for 'audit_log'
2025-12-03 07:30:34 - OTMS - INFO - Retrieved 11 columns for data source 'audit_log'
2025-12-03 07:30:37 - OTMS - INFO - Loaded 61 tables from primary database
2025-12-03 07:30:37 - OTMS - INFO - Loaded 54 tables from flexible database
2025-12-03 07:30:37 - OTMS - INFO - Added 0 additional custom tables from location_config
2025-12-03 07:30:37 - OTMS - INFO - Loading columns for standard data source 'tanker_transactions'
2025-12-03 07:30:37 - OTMS - INFO - Retrieved 42 columns for data source 'tanker_transactions'
2025-12-03 07:30:37 - OTMS - INFO - Loading columns for standard data source 'tanker_transactions'
2025-12-03 07:30:37 - OTMS - INFO - Retrieved 42 columns for data source 'tanker_transactions'
2025-12-03 07:30:37 - OTMS - INFO - Loading columns for standard data source 'tanker_transactions'
2025-12-03 07:30:37 - OTMS - INFO - Retrieved 42 columns for data source 'tanker_transactions'
2025-12-03 07:30:37 - OTMS - INFO - Loading columns for standard data source 'tanker_transactions'
2025-12-03 07:30:37 - OTMS - INFO - Retrieved 42 columns for data source 'tanker_transactions'
2025-12-03 07:30:37 - OTMS - INFO - Loading columns for standard data source 'tanker_transactions'
2025-12-03 07:30:37 - OTMS - INFO - Retrieved 42 columns for data source 'tanker_transactions'
2025-12-03 07:30:37 - OTMS - INFO - Attempting to load custom table 'audit_log'
2025-12-03 07:30:37 - OTMS - INFO - Reflecting table 'audit_log' from flex database...
2025-12-03 07:30:37 - OTMS - INFO - Successfully created model for table 'audit_log' from flex database
2025-12-03 07:30:37 - OTMS - INFO - Successfully loaded custom table model for 'audit_log'
2025-12-03 07:30:37 - OTMS - INFO - Retrieved 11 columns for data source 'audit_log'
2025-12-03 07:30:37 - OTMS - INFO - Attempting to load custom table 'audit_log'
2025-12-03 07:30:37 - OTMS - INFO - Reflecting table 'audit_log' from flex database...
2025-12-03 07:30:37 - OTMS - INFO - Successfully created model for table 'audit_log' from flex database
2025-12-03 07:30:37 - OTMS - INFO - Successfully loaded custom table model for 'audit_log'
2025-12-03 07:30:37 - OTMS - INFO - Retrieved 11 columns for data source 'audit_log'
2025-12-03 07:30:49 - OTMS - INFO - Loaded 61 tables from primary database
2025-12-03 07:30:49 - OTMS - INFO - Loaded 54 tables from flexible database
2025-12-03 07:30:49 - OTMS - INFO - Added 0 additional custom tables from location_config
2025-12-03 07:30:49 - OTMS - INFO - Loading columns for standard data source 'tanker_transactions'
2025-12-03 07:30:49 - OTMS - INFO - Retrieved 42 columns for data source 'tanker_transactions'
2025-12-03 07:30:49 - OTMS - INFO - Loading columns for standard data source 'tanker_transactions'
2025-12-03 07:30:49 - OTMS - INFO - Retrieved 42 columns for data source 'tanker_transactions'
2025-12-03 07:30:49 - OTMS - INFO - Loading columns for standard data source 'tanker_transactions'
2025-12-03 07:30:49 - OTMS - INFO - Retrieved 42 columns for data source 'tanker_transactions'
2025-12-03 07:30:49 - OTMS - INFO - Loading columns for standard data source 'tanker_transactions'
2025-12-03 07:30:49 - OTMS - INFO - Retrieved 42 columns for data source 'tanker_transactions'
2025-12-03 07:30:49 - OTMS - INFO - Loading columns for standard data source 'tanker_transactions'
2025-12-03 07:30:49 - OTMS - INFO - Retrieved 42 columns for data source 'tanker_transactions'
2025-12-03 07:30:49 - OTMS - INFO - Attempting to load custom table 'audit_log'
2025-12-03 07:30:49 - OTMS - INFO - Reflecting table 'audit_log' from flex database...
2025-12-03 07:30:49 - OTMS - INFO - Successfully created model for table 'audit_log' from flex database
2025-12-03 07:30:49 - OTMS - INFO - Successfully loaded custom table model for 'audit_log'
2025-12-03 07:30:49 - OTMS - INFO - Retrieved 11 columns for data source 'audit_log'
2025-12-03 07:30:49 - OTMS - INFO - Attempting to load custom table 'audit_log'
2025-12-03 07:30:49 - OTMS - INFO - Reflecting table 'audit_log' from flex database...
2025-12-03 07:30:49 - OTMS - INFO - Successfully created model for table 'audit_log' from flex database
2025-12-03 07:30:49 - OTMS - INFO - Successfully loaded custom table model for 'audit_log'
2025-12-03 07:30:49 - OTMS - INFO - Retrieved 11 columns for data source 'audit_log'
2025-12-03 07:30:57 - OTMS - INFO - Loaded 61 tables from primary database
2025-12-03 07:30:57 - OTMS - INFO - Loaded 54 tables from flexible database
2025-12-03 07:30:57 - OTMS - INFO - Added 0 additional custom tables from location_config
2025-12-03 07:30:57 - OTMS - INFO - Loading columns for standard data source 'tanker_transactions'
2025-12-03 07:30:57 - OTMS - INFO - Retrieved 42 columns for data source 'tanker_transactions'
2025-12-03 07:30:57 - OTMS - INFO - Loading columns for standard data source 'tanker_transactions'
2025-12-03 07:30:57 - OTMS - INFO - Retrieved 42 columns for data source 'tanker_transactions'
2025-12-03 07:30:57 - OTMS - INFO - Loading columns for standard data source 'tanker_transactions'
2025-12-03 07:30:57 - OTMS - INFO - Retrieved 42 columns for data source 'tanker_transactions'
2025-12-03 07:30:57 - OTMS - INFO - Loading columns for standard data source 'tanker_transactions'
2025-12-03 07:30:57 - OTMS - INFO - Retrieved 42 columns for data source 'tanker_transactions'
2025-12-03 07:30:57 - OTMS - INFO - Loading columns for standard data source 'tanker_transactions'
2025-12-03 07:30:57 - OTMS - INFO - Retrieved 42 columns for data source 'tanker_transactions'
2025-12-03 07:30:57 - OTMS - INFO - Attempting to load custom table 'audit_log'
2025-12-03 07:30:57 - OTMS - INFO - Reflecting table 'audit_log' from flex database...
2025-12-03 07:30:57 - OTMS - INFO - Successfully created model for table 'audit_log' from flex database
2025-12-03 07:30:57 - OTMS - INFO - Successfully loaded custom table model for 'audit_log'
2025-12-03 07:30:57 - OTMS - INFO - Retrieved 11 columns for data source 'audit_log'
2025-12-03 07:30:57 - OTMS - INFO - Attempting to load custom table 'audit_log'
2025-12-03 07:30:57 - OTMS - INFO - Reflecting table 'audit_log' from flex database...
2025-12-03 07:30:57 - OTMS - INFO - Successfully created model for table 'audit_log' from flex database
2025-12-03 07:30:57 - OTMS - INFO - Successfully loaded custom table model for 'audit_log'
2025-12-03 07:30:57 - OTMS - INFO - Retrieved 11 columns for data source 'audit_log'
2025-12-03 07:31:06 - OTMS - INFO - Loaded 61 tables from primary database
2025-12-03 07:31:06 - OTMS - INFO - Loaded 54 tables from flexible database
2025-12-03 07:31:06 - OTMS - INFO - Added 0 additional custom tables from location_config
2025-12-03 07:31:06 - OTMS - INFO - Loading columns for standard data source 'tanker_transactions'
2025-12-03 07:31:06 - OTMS - INFO - Retrieved 42 columns for data source 'tanker_transactions'
2025-12-03 07:31:06 - OTMS - INFO - Loading columns for standard data source 'tanker_transactions'
2025-12-03 07:31:06 - OTMS - INFO - Retrieved 42 columns for data source 'tanker_transactions'
2025-12-03 07:31:06 - OTMS - INFO - Loading columns for standard data source 'tanker_transactions'
2025-12-03 07:31:06 - OTMS - INFO - Retrieved 42 columns for data source 'tanker_transactions'
2025-12-03 07:31:06 - OTMS - INFO - Loading columns for standard data source 'tanker_transactions'
2025-12-03 07:31:06 - OTMS - INFO - Retrieved 42 columns for data source 'tanker_transactions'
2025-12-03 07:31:06 - OTMS - INFO - Loading columns for standard data source 'tanker_transactions'
2025-12-03 07:31:06 - OTMS - INFO - Retrieved 42 columns for data source 'tanker_transactions'
2025-12-03 07:31:06 - OTMS - INFO - Attempting to load custom table 'audit_log'
2025-12-03 07:31:06 - OTMS - INFO - Reflecting table 'audit_log' from flex database...
2025-12-03 07:31:06 - OTMS - INFO - Successfully created model for table 'audit_log' from flex database
2025-12-03 07:31:06 - OTMS - INFO - Successfully loaded custom table model for 'audit_log'
2025-12-03 07:31:06 - OTMS - INFO - Retrieved 11 columns for data source 'audit_log'
2025-12-03 07:31:06 - OTMS - INFO - Attempting to load custom table 'audit_log'
2025-12-03 07:31:06 - OTMS - INFO - Reflecting table 'audit_log' from flex database...
2025-12-03 07:31:06 - OTMS - INFO - Successfully created model for table 'audit_log' from flex database
2025-12-03 07:31:06 - OTMS - INFO - Successfully loaded custom table model for 'audit_log'
2025-12-03 07:31:06 - OTMS - INFO - Retrieved 11 columns for data source 'audit_log'
2025-12-03 07:31:27 - OTMS - INFO - Loaded 61 tables from primary database
2025-12-03 07:31:27 - OTMS - INFO - Loaded 54 tables from flexible database
2025-12-03 07:31:27 - OTMS - INFO - Added 0 additional custom tables from location_config
2025-12-03 07:31:27 - OTMS - INFO - Loading columns for standard data source 'tanker_transactions'
2025-12-03 07:31:27 - OTMS - INFO - Retrieved 42 columns for data source 'tanker_transactions'
2025-12-03 07:31:27 - OTMS - INFO - Loading columns for standard data source 'tanker_transactions'
2025-12-03 07:31:27 - OTMS - INFO - Retrieved 42 columns for data source 'tanker_transactions'
2025-12-03 07:31:27 - OTMS - INFO - Loading columns for standard data source 'tanker_transactions'
2025-12-03 07:31:27 - OTMS - INFO - Retrieved 42 columns for data source 'tanker_transactions'
2025-12-03 07:31:27 - OTMS - INFO - Loading columns for standard data source 'tanker_transactions'
2025-12-03 07:31:27 - OTMS - INFO - Retrieved 42 columns for data source 'tanker_transactions'
2025-12-03 07:31:27 - OTMS - INFO - Loading columns for standard data source 'tanker_transactions'
2025-12-03 07:31:27 - OTMS - INFO - Retrieved 42 columns for data source 'tanker_transactions'
2025-12-03 07:31:27 - OTMS - INFO - Attempting to load custom table 'audit_log'
2025-12-03 07:31:27 - OTMS - INFO - Reflecting table 'audit_log' from flex database...
2025-12-03 07:31:27 - OTMS - INFO - Successfully created model for table 'audit_log' from flex database
2025-12-03 07:31:27 - OTMS - INFO - Successfully loaded custom table model for 'audit_log'
2025-12-03 07:31:27 - OTMS - INFO - Retrieved 11 columns for data source 'audit_log'
2025-12-03 07:31:27 - OTMS - INFO - Attempting to load custom table 'audit_log'
2025-12-03 07:31:27 - OTMS - INFO - Reflecting table 'audit_log' from flex database...
2025-12-03 07:31:27 - OTMS - INFO - Successfully created model for table 'audit_log' from flex database
2025-12-03 07:31:27 - OTMS - INFO - Successfully loaded custom table model for 'audit_log'
2025-12-03 07:31:27 - OTMS - INFO - Retrieved 11 columns for data source 'audit_log'
2025-12-03 07:31:30 - OTMS - INFO - Loaded 61 tables from primary database
2025-12-03 07:31:30 - OTMS - INFO - Loaded 54 tables from flexible database
2025-12-03 07:31:30 - OTMS - INFO - Added 0 additional custom tables from location_config
2025-12-03 07:31:30 - OTMS - INFO - Loading columns for standard data source 'tanker_transactions'
2025-12-03 07:31:30 - OTMS - INFO - Retrieved 42 columns for data source 'tanker_transactions'
2025-12-03 07:31:30 - OTMS - INFO - Loading columns for standard data source 'tanker_transactions'
2025-12-03 07:31:30 - OTMS - INFO - Retrieved 42 columns for data source 'tanker_transactions'
2025-12-03 07:31:30 - OTMS - INFO - Loading columns for standard data source 'tanker_transactions'
2025-12-03 07:31:30 - OTMS - INFO - Retrieved 42 columns for data source 'tanker_transactions'
2025-12-03 07:31:30 - OTMS - INFO - Loading columns for standard data source 'tanker_transactions'
2025-12-03 07:31:30 - OTMS - INFO - Retrieved 42 columns for data source 'tanker_transactions'
2025-12-03 07:31:30 - OTMS - INFO - Loading columns for standard data source 'tanker_transactions'
2025-12-03 07:31:30 - OTMS - INFO - Retrieved 42 columns for data source 'tanker_transactions'
2025-12-03 07:31:30 - OTMS - INFO - Attempting to load custom table 'audit_log'
2025-12-03 07:31:30 - OTMS - INFO - Reflecting table 'audit_log' from flex database...
2025-12-03 07:31:30 - OTMS - INFO - Successfully created model for table 'audit_log' from flex database
2025-12-03 07:31:30 - OTMS - INFO - Successfully loaded custom table model for 'audit_log'
2025-12-03 07:31:30 - OTMS - INFO - Retrieved 11 columns for data source 'audit_log'
2025-12-03 07:31:30 - OTMS - INFO - Attempting to load custom table 'audit_log'
2025-12-03 07:31:30 - OTMS - INFO - Reflecting table 'audit_log' from flex database...
2025-12-03 07:31:30 - OTMS - INFO - Successfully created model for table 'audit_log' from flex database
2025-12-03 07:31:30 - OTMS - INFO - Successfully loaded custom table model for 'audit_log'
2025-12-03 07:31:30 - OTMS - INFO - Retrieved 11 columns for data source 'audit_log'
2025-12-03 07:31:33 - OTMS - INFO - Loaded 61 tables from primary database
2025-12-03 07:31:33 - OTMS - INFO - Loaded 54 tables from flexible database
2025-12-03 07:31:33 - OTMS - INFO - Added 0 additional custom tables from location_config
2025-12-03 07:31:33 - OTMS - INFO - Loading columns for standard data source 'tanker_transactions'
2025-12-03 07:31:33 - OTMS - INFO - Retrieved 42 columns for data source 'tanker_transactions'
2025-12-03 07:31:33 - OTMS - INFO - Loading columns for standard data source 'tanker_transactions'
2025-12-03 07:31:33 - OTMS - INFO - Retrieved 42 columns for data source 'tanker_transactions'
2025-12-03 07:31:33 - OTMS - INFO - Loading columns for standard data source 'tanker_transactions'
2025-12-03 07:31:33 - OTMS - INFO - Retrieved 42 columns for data source 'tanker_transactions'
2025-12-03 07:31:33 - OTMS - INFO - Loading columns for standard data source 'tanker_transactions'
2025-12-03 07:31:33 - OTMS - INFO - Retrieved 42 columns for data source 'tanker_transactions'
2025-12-03 07:31:33 - OTMS - INFO - Loading columns for standard data source 'tanker_transactions'
2025-12-03 07:31:33 - OTMS - INFO - Retrieved 42 columns for data source 'tanker_transactions'
2025-12-03 07:31:33 - OTMS - INFO - Attempting to load custom table 'audit_log'
2025-12-03 07:31:33 - OTMS - INFO - Reflecting table 'audit_log' from flex database...
2025-12-03 07:31:33 - OTMS - INFO - Successfully created model for table 'audit_log' from flex database
2025-12-03 07:31:33 - OTMS - INFO - Successfully loaded custom table model for 'audit_log'
2025-12-03 07:31:33 - OTMS - INFO - Retrieved 11 columns for data source 'audit_log'
2025-12-03 07:31:33 - OTMS - INFO - Attempting to load custom table 'audit_log'
2025-12-03 07:31:33 - OTMS - INFO - Reflecting table 'audit_log' from flex database...
2025-12-03 07:31:33 - OTMS - INFO - Successfully created model for table 'audit_log' from flex database
2025-12-03 07:31:33 - OTMS - INFO - Successfully loaded custom table model for 'audit_log'
2025-12-03 07:31:33 - OTMS - INFO - Retrieved 11 columns for data source 'audit_log'
2025-12-03 07:31:40 - OTMS - INFO - Loaded 61 tables from primary database
2025-12-03 07:31:40 - OTMS - INFO - Loaded 54 tables from flexible database
2025-12-03 07:31:40 - OTMS - INFO - Added 0 additional custom tables from location_config
2025-12-03 07:31:40 - OTMS - INFO - Loading columns for standard data source 'tanker_transactions'
2025-12-03 07:31:40 - OTMS - INFO - Retrieved 42 columns for data source 'tanker_transactions'
2025-12-03 07:31:40 - OTMS - INFO - Loading columns for standard data source 'tanker_transactions'
2025-12-03 07:31:40 - OTMS - INFO - Retrieved 42 columns for data source 'tanker_transactions'
2025-12-03 07:31:40 - OTMS - INFO - Loading columns for standard data source 'tanker_transactions'
2025-12-03 07:31:40 - OTMS - INFO - Retrieved 42 columns for data source 'tanker_transactions'
2025-12-03 07:31:41 - OTMS - INFO - Loading columns for standard data source 'tanker_transactions'
2025-12-03 07:31:41 - OTMS - INFO - Retrieved 42 columns for data source 'tanker_transactions'
2025-12-03 07:31:41 - OTMS - INFO - Loading columns for standard data source 'tanker_transactions'
2025-12-03 07:31:41 - OTMS - INFO - Retrieved 42 columns for data source 'tanker_transactions'
2025-12-03 07:31:41 - OTMS - INFO - Loading columns for standard data source 'tanker_transactions'
2025-12-03 07:31:41 - OTMS - INFO - Retrieved 42 columns for data source 'tanker_transactions'
2025-12-03 07:31:41 - OTMS - INFO - Attempting to load custom table 'audit_log'
2025-12-03 07:31:41 - OTMS - INFO - Reflecting table 'audit_log' from flex database...
2025-12-03 07:31:41 - OTMS - INFO - Successfully created model for table 'audit_log' from flex database
2025-12-03 07:31:41 - OTMS - INFO - Successfully loaded custom table model for 'audit_log'
2025-12-03 07:31:41 - OTMS - INFO - Retrieved 11 columns for data source 'audit_log'
2025-12-03 07:31:46 - OTMS - INFO - Loaded 61 tables from primary database
2025-12-03 07:31:46 - OTMS - INFO - Loaded 54 tables from flexible database
2025-12-03 07:31:46 - OTMS - INFO - Added 0 additional custom tables from location_config
2025-12-03 07:31:46 - OTMS - INFO - Loading columns for standard data source 'tanker_transactions'
2025-12-03 07:31:46 - OTMS - INFO - Retrieved 42 columns for data source 'tanker_transactions'
2025-12-03 07:31:46 - OTMS - INFO - Loading columns for standard data source 'tanker_transactions'
2025-12-03 07:31:46 - OTMS - INFO - Retrieved 42 columns for data source 'tanker_transactions'
2025-12-03 07:31:46 - OTMS - INFO - Loading columns for standard data source 'tanker_transactions'
2025-12-03 07:31:46 - OTMS - INFO - Retrieved 42 columns for data source 'tanker_transactions'
2025-12-03 07:31:46 - OTMS - INFO - Loading columns for standard data source 'tanker_transactions'
2025-12-03 07:31:46 - OTMS - INFO - Retrieved 42 columns for data source 'tanker_transactions'
2025-12-03 07:31:46 - OTMS - INFO - Loading columns for standard data source 'tanker_transactions'
2025-12-03 07:31:46 - OTMS - INFO - Retrieved 42 columns for data source 'tanker_transactions'
2025-12-03 07:31:46 - OTMS - INFO - Loading columns for standard data source 'tanker_transactions'
2025-12-03 07:31:46 - OTMS - INFO - Retrieved 42 columns for data source 'tanker_transactions'
2025-12-03 07:31:46 - OTMS - INFO - Attempting to load custom table 'audit_log'
2025-12-03 07:31:46 - OTMS - INFO - Reflecting table 'audit_log' from flex database...
2025-12-03 07:31:46 - OTMS - INFO - Successfully created model for table 'audit_log' from flex database
2025-12-03 07:31:46 - OTMS - INFO - Successfully loaded custom table model for 'audit_log'
2025-12-03 07:31:46 - OTMS - INFO - Retrieved 11 columns for data source 'audit_log'
2025-12-03 07:31:49 - OTMS - INFO - Loaded 61 tables from primary database
2025-12-03 07:31:49 - OTMS - INFO - Loaded 54 tables from flexible database
2025-12-03 07:31:49 - OTMS - INFO - Added 0 additional custom tables from location_config
2025-12-03 07:31:49 - OTMS - INFO - Loading columns for standard data source 'tanker_transactions'
2025-12-03 07:31:49 - OTMS - INFO - Retrieved 42 columns for data source 'tanker_transactions'
2025-12-03 07:31:49 - OTMS - INFO - Loading columns for standard data source 'tanker_transactions'
2025-12-03 07:31:49 - OTMS - INFO - Retrieved 42 columns for data source 'tanker_transactions'
2025-12-03 07:31:49 - OTMS - INFO - Loading columns for standard data source 'tanker_transactions'
2025-12-03 07:31:49 - OTMS - INFO - Retrieved 42 columns for data source 'tanker_transactions'
2025-12-03 07:31:49 - OTMS - INFO - Loading columns for standard data source 'tanker_transactions'
2025-12-03 07:31:49 - OTMS - INFO - Retrieved 42 columns for data source 'tanker_transactions'
2025-12-03 07:31:49 - OTMS - INFO - Loading columns for standard data source 'tanker_transactions'
2025-12-03 07:31:49 - OTMS - INFO - Retrieved 42 columns for data source 'tanker_transactions'
2025-12-03 07:31:49 - OTMS - INFO - Loading columns for standard data source 'tanker_transactions'
2025-12-03 07:31:49 - OTMS - INFO - Retrieved 42 columns for data source 'tanker_transactions'
2025-12-03 07:31:49 - OTMS - INFO - Attempting to load custom table 'audit_log'
2025-12-03 07:31:49 - OTMS - INFO - Reflecting table 'audit_log' from flex database...
2025-12-03 07:31:49 - OTMS - INFO - Successfully created model for table 'audit_log' from flex database
2025-12-03 07:31:49 - OTMS - INFO - Successfully loaded custom table model for 'audit_log'
2025-12-03 07:31:49 - OTMS - INFO - Retrieved 11 columns for data source 'audit_log'
2025-12-03 07:31:58 - OTMS - INFO - Loaded 61 tables from primary database
2025-12-03 07:31:58 - OTMS - INFO - Loaded 54 tables from flexible database
2025-12-03 07:31:58 - OTMS - INFO - Added 0 additional custom tables from location_config
2025-12-03 07:31:58 - OTMS - INFO - Loading columns for standard data source 'tanker_transactions'
2025-12-03 07:31:58 - OTMS - INFO - Retrieved 42 columns for data source 'tanker_transactions'
2025-12-03 07:31:58 - OTMS - INFO - Loading columns for standard data source 'tanker_transactions'
2025-12-03 07:31:58 - OTMS - INFO - Retrieved 42 columns for data source 'tanker_transactions'
2025-12-03 07:31:58 - OTMS - INFO - Loading columns for standard data source 'tanker_transactions'
2025-12-03 07:31:58 - OTMS - INFO - Retrieved 42 columns for data source 'tanker_transactions'
2025-12-03 07:31:58 - OTMS - INFO - Loading columns for standard data source 'tanker_transactions'
2025-12-03 07:31:58 - OTMS - INFO - Retrieved 42 columns for data source 'tanker_transactions'
2025-12-03 07:31:58 - OTMS - INFO - Loading columns for standard data source 'tanker_transactions'
2025-12-03 07:31:58 - OTMS - INFO - Retrieved 42 columns for data source 'tanker_transactions'
2025-12-03 07:31:58 - OTMS - INFO - Loading columns for standard data source 'tanker_transactions'
2025-12-03 07:31:58 - OTMS - INFO - Retrieved 42 columns for data source 'tanker_transactions'
2025-12-03 07:31:58 - OTMS - INFO - Attempting to load custom table 'audit_log'
2025-12-03 07:31:58 - OTMS - INFO - Reflecting table 'audit_log' from flex database...
2025-12-03 07:31:58 - OTMS - INFO - Successfully created model for table 'audit_log' from flex database
2025-12-03 07:31:58 - OTMS - INFO - Successfully loaded custom table model for 'audit_log'
2025-12-03 07:31:58 - OTMS - INFO - Retrieved 11 columns for data source 'audit_log'
2025-12-03 07:32:01 - OTMS - INFO - Loaded 61 tables from primary database
2025-12-03 07:32:01 - OTMS - INFO - Loaded 54 tables from flexible database
2025-12-03 07:32:01 - OTMS - INFO - Added 0 additional custom tables from location_config
2025-12-03 07:32:01 - OTMS - INFO - Loading columns for standard data source 'tanker_transactions'
2025-12-03 07:32:01 - OTMS - INFO - Retrieved 42 columns for data source 'tanker_transactions'
2025-12-03 07:32:01 - OTMS - INFO - Loading columns for standard data source 'tanker_transactions'
2025-12-03 07:32:01 - OTMS - INFO - Retrieved 42 columns for data source 'tanker_transactions'
2025-12-03 07:32:01 - OTMS - INFO - Loading columns for standard data source 'tanker_transactions'
2025-12-03 07:32:01 - OTMS - INFO - Retrieved 42 columns for data source 'tanker_transactions'
2025-12-03 07:32:01 - OTMS - INFO - Loading columns for standard data source 'tanker_transactions'
2025-12-03 07:32:01 - OTMS - INFO - Retrieved 42 columns for data source 'tanker_transactions'
2025-12-03 07:32:01 - OTMS - INFO - Loading columns for standard data source 'tanker_transactions'
2025-12-03 07:32:01 - OTMS - INFO - Retrieved 42 columns for data source 'tanker_transactions'
2025-12-03 07:32:01 - OTMS - INFO - Loading columns for standard data source 'tanker_transactions'
2025-12-03 07:32:01 - OTMS - INFO - Retrieved 42 columns for data source 'tanker_transactions'
2025-12-03 07:32:01 - OTMS - INFO - Attempting to load custom table 'audit_log'
2025-12-03 07:32:01 - OTMS - INFO - Reflecting table 'audit_log' from flex database...
2025-12-03 07:32:01 - OTMS - INFO - Successfully created model for table 'audit_log' from flex database
2025-12-03 07:32:01 - OTMS - INFO - Successfully loaded custom table model for 'audit_log'
2025-12-03 07:32:01 - OTMS - INFO - Retrieved 11 columns for data source 'audit_log'
2025-12-03 07:32:05 - OTMS - INFO - Loaded 61 tables from primary database
2025-12-03 07:32:05 - OTMS - INFO - Loaded 54 tables from flexible database
2025-12-03 07:32:05 - OTMS - INFO - Added 0 additional custom tables from location_config
2025-12-03 07:32:05 - OTMS - INFO - Loading columns for standard data source 'tanker_transactions'
2025-12-03 07:32:05 - OTMS - INFO - Retrieved 42 columns for data source 'tanker_transactions'
2025-12-03 07:32:05 - OTMS - INFO - Loading columns for standard data source 'tanker_transactions'
2025-12-03 07:32:05 - OTMS - INFO - Retrieved 42 columns for data source 'tanker_transactions'
2025-12-03 07:32:05 - OTMS - INFO - Loading columns for standard data source 'tanker_transactions'
2025-12-03 07:32:05 - OTMS - INFO - Retrieved 42 columns for data source 'tanker_transactions'
2025-12-03 07:32:05 - OTMS - INFO - Loading columns for standard data source 'tanker_transactions'
2025-12-03 07:32:05 - OTMS - INFO - Retrieved 42 columns for data source 'tanker_transactions'
2025-12-03 07:32:05 - OTMS - INFO - Loading columns for standard data source 'tanker_transactions'
2025-12-03 07:32:05 - OTMS - INFO - Retrieved 42 columns for data source 'tanker_transactions'
2025-12-03 07:32:05 - OTMS - INFO - Loading columns for standard data source 'tanker_transactions'
2025-12-03 07:32:05 - OTMS - INFO - Retrieved 42 columns for data source 'tanker_transactions'
2025-12-03 07:32:05 - OTMS - INFO - Attempting to load custom table 'audit_log'
2025-12-03 07:32:05 - OTMS - INFO - Reflecting table 'audit_log' from flex database...
2025-12-03 07:32:05 - OTMS - INFO - Successfully created model for table 'audit_log' from flex database
2025-12-03 07:32:05 - OTMS - INFO - Successfully loaded custom table model for 'audit_log'
2025-12-03 07:32:05 - OTMS - INFO - Retrieved 11 columns for data source 'audit_log'
2025-12-03 07:32:10 - OTMS - INFO - Loaded 61 tables from primary database
2025-12-03 07:32:10 - OTMS - INFO - Loaded 54 tables from flexible database
2025-12-03 07:32:10 - OTMS - INFO - Added 0 additional custom tables from location_config
2025-12-03 07:32:10 - OTMS - INFO - Loading columns for standard data source 'tanker_transactions'
2025-12-03 07:32:10 - OTMS - INFO - Retrieved 42 columns for data source 'tanker_transactions'
2025-12-03 07:32:10 - OTMS - INFO - Loading columns for standard data source 'tanker_transactions'
2025-12-03 07:32:10 - OTMS - INFO - Retrieved 42 columns for data source 'tanker_transactions'
2025-12-03 07:32:10 - OTMS - INFO - Loading columns for standard data source 'tanker_transactions'
2025-12-03 07:32:10 - OTMS - INFO - Retrieved 42 columns for data source 'tanker_transactions'
2025-12-03 07:32:10 - OTMS - INFO - Loading columns for standard data source 'tanker_transactions'
2025-12-03 07:32:10 - OTMS - INFO - Retrieved 42 columns for data source 'tanker_transactions'
2025-12-03 07:32:10 - OTMS - INFO - Loading columns for standard data source 'tanker_transactions'
2025-12-03 07:32:10 - OTMS - INFO - Retrieved 42 columns for data source 'tanker_transactions'
2025-12-03 07:32:10 - OTMS - INFO - Loading columns for standard data source 'tanker_transactions'
2025-12-03 07:32:10 - OTMS - INFO - Retrieved 42 columns for data source 'tanker_transactions'
2025-12-03 07:32:11 - OTMS - INFO - Loading columns for standard data source 'tanker_transactions'
2025-12-03 07:32:11 - OTMS - INFO - Retrieved 42 columns for data source 'tanker_transactions'
2025-12-03 07:32:14 - OTMS - INFO - Loaded 61 tables from primary database
2025-12-03 07:32:14 - OTMS - INFO - Loaded 54 tables from flexible database
2025-12-03 07:32:14 - OTMS - INFO - Added 0 additional custom tables from location_config
2025-12-03 07:32:14 - OTMS - INFO - Loading columns for standard data source 'tanker_transactions'
2025-12-03 07:32:14 - OTMS - INFO - Retrieved 42 columns for data source 'tanker_transactions'
2025-12-03 07:32:14 - OTMS - INFO - Loading columns for standard data source 'tanker_transactions'
2025-12-03 07:32:14 - OTMS - INFO - Retrieved 42 columns for data source 'tanker_transactions'
2025-12-03 07:32:14 - OTMS - INFO - Loading columns for standard data source 'tanker_transactions'
2025-12-03 07:32:14 - OTMS - INFO - Retrieved 42 columns for data source 'tanker_transactions'
2025-12-03 07:32:14 - OTMS - INFO - Loading columns for standard data source 'tanker_transactions'
2025-12-03 07:32:14 - OTMS - INFO - Retrieved 42 columns for data source 'tanker_transactions'
2025-12-03 07:32:15 - OTMS - INFO - Loading columns for standard data source 'tanker_transactions'
2025-12-03 07:32:15 - OTMS - INFO - Retrieved 42 columns for data source 'tanker_transactions'
2025-12-03 07:32:15 - OTMS - INFO - Loading columns for standard data source 'tanker_transactions'
2025-12-03 07:32:15 - OTMS - INFO - Retrieved 42 columns for data source 'tanker_transactions'
2025-12-03 07:32:15 - OTMS - INFO - Loading columns for standard data source 'tanker_transactions'
2025-12-03 07:32:15 - OTMS - INFO - Retrieved 42 columns for data source 'tanker_transactions'
2025-12-03 07:32:26 - OTMS - INFO - Loaded 61 tables from primary database
2025-12-03 07:32:26 - OTMS - INFO - Loaded 54 tables from flexible database
2025-12-03 07:32:26 - OTMS - INFO - Added 0 additional custom tables from location_config
2025-12-03 07:32:26 - OTMS - INFO - Loading columns for standard data source 'tanker_transactions'
2025-12-03 07:32:26 - OTMS - INFO - Retrieved 42 columns for data source 'tanker_transactions'
2025-12-03 07:32:26 - OTMS - INFO - Loading columns for standard data source 'tanker_transactions'
2025-12-03 07:32:26 - OTMS - INFO - Retrieved 42 columns for data source 'tanker_transactions'
2025-12-03 07:32:26 - OTMS - INFO - Loading columns for standard data source 'tanker_transactions'
2025-12-03 07:32:26 - OTMS - INFO - Retrieved 42 columns for data source 'tanker_transactions'
2025-12-03 07:32:26 - OTMS - INFO - Loading columns for standard data source 'tanker_transactions'
2025-12-03 07:32:26 - OTMS - INFO - Retrieved 42 columns for data source 'tanker_transactions'
2025-12-03 07:32:26 - OTMS - INFO - Loading columns for standard data source 'tanker_transactions'
2025-12-03 07:32:26 - OTMS - INFO - Retrieved 42 columns for data source 'tanker_transactions'
2025-12-03 07:32:26 - OTMS - INFO - Loading columns for standard data source 'tanker_transactions'
2025-12-03 07:32:26 - OTMS - INFO - Retrieved 42 columns for data source 'tanker_transactions'
2025-12-03 07:32:26 - OTMS - INFO - Loading columns for standard data source 'tanker_transactions'
2025-12-03 07:32:26 - OTMS - INFO - Retrieved 42 columns for data source 'tanker_transactions'
2025-12-03 07:32:31 - OTMS - INFO - Loaded 61 tables from primary database
2025-12-03 07:32:31 - OTMS - INFO - Loaded 54 tables from flexible database
2025-12-03 07:32:31 - OTMS - INFO - Added 0 additional custom tables from location_config
2025-12-03 07:32:31 - OTMS - INFO - Loading columns for standard data source 'tanker_transactions'
2025-12-03 07:32:31 - OTMS - INFO - Retrieved 42 columns for data source 'tanker_transactions'
2025-12-03 07:32:31 - OTMS - INFO - Loading columns for standard data source 'tanker_transactions'
2025-12-03 07:32:31 - OTMS - INFO - Retrieved 42 columns for data source 'tanker_transactions'
2025-12-03 07:32:31 - OTMS - INFO - Loading columns for standard data source 'tanker_transactions'
2025-12-03 07:32:31 - OTMS - INFO - Retrieved 42 columns for data source 'tanker_transactions'
2025-12-03 07:32:31 - OTMS - INFO - Loading columns for standard data source 'tanker_transactions'
2025-12-03 07:32:31 - OTMS - INFO - Retrieved 42 columns for data source 'tanker_transactions'
2025-12-03 07:32:31 - OTMS - INFO - Loading columns for standard data source 'tanker_transactions'
2025-12-03 07:32:31 - OTMS - INFO - Retrieved 42 columns for data source 'tanker_transactions'
2025-12-03 07:32:31 - OTMS - INFO - Loading columns for standard data source 'tanker_transactions'
2025-12-03 07:32:31 - OTMS - INFO - Retrieved 42 columns for data source 'tanker_transactions'
2025-12-03 07:32:31 - OTMS - INFO - Loading columns for standard data source 'tanker_transactions'
2025-12-03 07:32:31 - OTMS - INFO - Retrieved 42 columns for data source 'tanker_transactions'
2025-12-03 07:32:32 - OTMS - INFO - Loaded 61 tables from primary database
2025-12-03 07:32:32 - OTMS - INFO - Loaded 54 tables from flexible database
2025-12-03 07:32:32 - OTMS - INFO - Added 0 additional custom tables from location_config
2025-12-03 07:32:32 - OTMS - INFO - Loading columns for standard data source 'tanker_transactions'
2025-12-03 07:32:32 - OTMS - INFO - Retrieved 42 columns for data source 'tanker_transactions'
2025-12-03 07:32:32 - OTMS - INFO - Loading columns for standard data source 'tanker_transactions'
2025-12-03 07:32:32 - OTMS - INFO - Retrieved 42 columns for data source 'tanker_transactions'
2025-12-03 07:32:32 - OTMS - INFO - Loading columns for standard data source 'tanker_transactions'
2025-12-03 07:32:32 - OTMS - INFO - Retrieved 42 columns for data source 'tanker_transactions'
2025-12-03 07:32:32 - OTMS - INFO - Loading columns for standard data source 'tanker_transactions'
2025-12-03 07:32:32 - OTMS - INFO - Retrieved 42 columns for data source 'tanker_transactions'
2025-12-03 07:32:32 - OTMS - INFO - Loading columns for standard data source 'tanker_transactions'
2025-12-03 07:32:32 - OTMS - INFO - Retrieved 42 columns for data source 'tanker_transactions'
2025-12-03 07:32:32 - OTMS - INFO - Loading columns for standard data source 'tanker_transactions'
2025-12-03 07:32:32 - OTMS - INFO - Retrieved 42 columns for data source 'tanker_transactions'
2025-12-03 07:32:32 - OTMS - INFO - Loading columns for standard data source 'tanker_transactions'
2025-12-03 07:32:32 - OTMS - INFO - Retrieved 42 columns for data source 'tanker_transactions'
2025-12-03 07:32:35 - OTMS - INFO - Loaded 61 tables from primary database
2025-12-03 07:32:35 - OTMS - INFO - Loaded 54 tables from flexible database
2025-12-03 07:32:35 - OTMS - INFO - Added 0 additional custom tables from location_config
2025-12-03 07:32:35 - OTMS - INFO - Loading columns for standard data source 'tanker_transactions'
2025-12-03 07:32:35 - OTMS - INFO - Retrieved 42 columns for data source 'tanker_transactions'
2025-12-03 07:32:36 - OTMS - INFO - Loading columns for standard data source 'tanker_transactions'
2025-12-03 07:32:36 - OTMS - INFO - Retrieved 42 columns for data source 'tanker_transactions'
2025-12-03 07:32:36 - OTMS - INFO - Loading columns for standard data source 'tanker_transactions'
2025-12-03 07:32:36 - OTMS - INFO - Retrieved 42 columns for data source 'tanker_transactions'
2025-12-03 07:32:36 - OTMS - INFO - Loading columns for standard data source 'tanker_transactions'
2025-12-03 07:32:36 - OTMS - INFO - Retrieved 42 columns for data source 'tanker_transactions'
2025-12-03 07:32:36 - OTMS - INFO - Loading columns for standard data source 'tanker_transactions'
2025-12-03 07:32:36 - OTMS - INFO - Retrieved 42 columns for data source 'tanker_transactions'
2025-12-03 07:32:36 - OTMS - INFO - Loading columns for standard data source 'tanker_transactions'
2025-12-03 07:32:36 - OTMS - INFO - Retrieved 42 columns for data source 'tanker_transactions'
2025-12-03 07:32:36 - OTMS - INFO - Loading columns for standard data source 'tanker_transactions'
2025-12-03 07:32:36 - OTMS - INFO - Retrieved 42 columns for data source 'tanker_transactions'
2025-12-03 07:33:57 - OTMS - INFO - Loaded 61 tables from primary database
2025-12-03 07:33:57 - OTMS - INFO - Loaded 54 tables from flexible database
2025-12-03 07:33:57 - OTMS - INFO - Added 0 additional custom tables from location_config
2025-12-03 07:33:57 - OTMS - INFO - Attempting to load custom table 'audit_log'
2025-12-03 07:33:57 - OTMS - INFO - Reflecting table 'audit_log' from flex database...
2025-12-03 07:33:57 - OTMS - INFO - Successfully created model for table 'audit_log' from flex database
2025-12-03 07:33:57 - OTMS - INFO - Successfully loaded custom table model for 'audit_log'
2025-12-03 07:33:57 - OTMS - INFO - Retrieved 11 columns for data source 'audit_log'
2025-12-03 07:33:57 - OTMS - INFO - Attempting to load custom table 'audit_log'
2025-12-03 07:33:57 - OTMS - INFO - Reflecting table 'audit_log' from flex database...
2025-12-03 07:33:57 - OTMS - INFO - Successfully created model for table 'audit_log' from flex database
2025-12-03 07:33:57 - OTMS - INFO - Successfully loaded custom table model for 'audit_log'
2025-12-03 07:33:57 - OTMS - INFO - Retrieved 11 columns for data source 'audit_log'
2025-12-03 07:33:57 - OTMS - INFO - Attempting to load custom table 'audit_log'
2025-12-03 07:33:57 - OTMS - INFO - Reflecting table 'audit_log' from flex database...
2025-12-03 07:33:57 - OTMS - INFO - Successfully created model for table 'audit_log' from flex database
2025-12-03 07:33:57 - OTMS - INFO - Successfully loaded custom table model for 'audit_log'
2025-12-03 07:33:57 - OTMS - INFO - Retrieved 11 columns for data source 'audit_log'
2025-12-03 07:33:57 - OTMS - INFO - Attempting to load custom table 'audit_log'
2025-12-03 07:33:57 - OTMS - INFO - Reflecting table 'audit_log' from flex database...
2025-12-03 07:33:57 - OTMS - INFO - Successfully created model for table 'audit_log' from flex database
2025-12-03 07:33:57 - OTMS - INFO - Successfully loaded custom table model for 'audit_log'
2025-12-03 07:33:57 - OTMS - INFO - Retrieved 11 columns for data source 'audit_log'
2025-12-03 07:33:57 - OTMS - INFO - Attempting to load custom table 'audit_log'
2025-12-03 07:33:57 - OTMS - INFO - Reflecting table 'audit_log' from flex database...
2025-12-03 07:33:57 - OTMS - INFO - Successfully created model for table 'audit_log' from flex database
2025-12-03 07:33:57 - OTMS - INFO - Successfully loaded custom table model for 'audit_log'
2025-12-03 07:33:57 - OTMS - INFO - Retrieved 11 columns for data source 'audit_log'
2025-12-03 07:33:57 - OTMS - INFO - Attempting to load custom table 'audit_log'
2025-12-03 07:33:57 - OTMS - INFO - Reflecting table 'audit_log' from flex database...
2025-12-03 07:33:57 - OTMS - INFO - Successfully created model for table 'audit_log' from flex database
2025-12-03 07:33:57 - OTMS - INFO - Successfully loaded custom table model for 'audit_log'
2025-12-03 07:33:57 - OTMS - INFO - Retrieved 11 columns for data source 'audit_log'
2025-12-03 07:35:52 - OTMS - INFO - Loaded 61 tables from primary database
2025-12-03 07:35:52 - OTMS - INFO - Loaded 54 tables from flexible database
2025-12-03 07:35:52 - OTMS - INFO - Added 0 additional custom tables from location_config
2025-12-03 07:35:52 - OTMS - INFO - Attempting to load custom table 'audit_log'
2025-12-03 07:35:52 - OTMS - INFO - Reflecting table 'audit_log' from flex database...
2025-12-03 07:35:52 - OTMS - INFO - Successfully created model for table 'audit_log' from flex database
2025-12-03 07:35:52 - OTMS - INFO - Successfully loaded custom table model for 'audit_log'
2025-12-03 07:35:52 - OTMS - INFO - Retrieved 11 columns for data source 'audit_log'
2025-12-03 07:35:52 - OTMS - INFO - Attempting to load custom table 'audit_log'
2025-12-03 07:35:52 - OTMS - INFO - Reflecting table 'audit_log' from flex database...
2025-12-03 07:35:52 - OTMS - INFO - Successfully created model for table 'audit_log' from flex database
2025-12-03 07:35:52 - OTMS - INFO - Successfully loaded custom table model for 'audit_log'
2025-12-03 07:35:52 - OTMS - INFO - Retrieved 11 columns for data source 'audit_log'
2025-12-03 07:35:52 - OTMS - INFO - Attempting to load custom table 'audit_log'
2025-12-03 07:35:52 - OTMS - INFO - Reflecting table 'audit_log' from flex database...
2025-12-03 07:35:52 - OTMS - INFO - Successfully created model for table 'audit_log' from flex database
2025-12-03 07:35:52 - OTMS - INFO - Successfully loaded custom table model for 'audit_log'
2025-12-03 07:35:52 - OTMS - INFO - Retrieved 11 columns for data source 'audit_log'
2025-12-03 07:35:52 - OTMS - INFO - Attempting to load custom table 'audit_log'
2025-12-03 07:35:52 - OTMS - INFO - Reflecting table 'audit_log' from flex database...
2025-12-03 07:35:52 - OTMS - INFO - Successfully created model for table 'audit_log' from flex database
2025-12-03 07:35:52 - OTMS - INFO - Successfully loaded custom table model for 'audit_log'
2025-12-03 07:35:52 - OTMS - INFO - Retrieved 11 columns for data source 'audit_log'
2025-12-03 07:35:52 - OTMS - INFO - Attempting to load custom table 'audit_log'
2025-12-03 07:35:52 - OTMS - INFO - Reflecting table 'audit_log' from flex database...
2025-12-03 07:35:52 - OTMS - INFO - Successfully created model for table 'audit_log' from flex database
2025-12-03 07:35:52 - OTMS - INFO - Successfully loaded custom table model for 'audit_log'
2025-12-03 07:35:52 - OTMS - INFO - Retrieved 11 columns for data source 'audit_log'
2025-12-03 07:35:52 - OTMS - INFO - Attempting to load custom table 'audit_log'
2025-12-03 07:35:52 - OTMS - INFO - Reflecting table 'audit_log' from flex database...
2025-12-03 07:35:52 - OTMS - INFO - Successfully created model for table 'audit_log' from flex database
2025-12-03 07:35:52 - OTMS - INFO - Successfully loaded custom table model for 'audit_log'
2025-12-03 07:35:52 - OTMS - INFO - Retrieved 11 columns for data source 'audit_log'
2025-12-03 07:36:02 - OTMS - INFO - Loaded 61 tables from primary database
2025-12-03 07:36:02 - OTMS - INFO - Loaded 54 tables from flexible database
2025-12-03 07:36:02 - OTMS - INFO - Added 0 additional custom tables from location_config
2025-12-03 07:36:02 - OTMS - INFO - Attempting to load custom table 'audit_log'
2025-12-03 07:36:02 - OTMS - INFO - Reflecting table 'audit_log' from flex database...
2025-12-03 07:36:02 - OTMS - INFO - Successfully created model for table 'audit_log' from flex database
2025-12-03 07:36:02 - OTMS - INFO - Successfully loaded custom table model for 'audit_log'
2025-12-03 07:36:02 - OTMS - INFO - Retrieved 11 columns for data source 'audit_log'
2025-12-03 07:36:02 - OTMS - INFO - Attempting to load custom table 'audit_log'
2025-12-03 07:36:02 - OTMS - INFO - Reflecting table 'audit_log' from flex database...
2025-12-03 07:36:02 - OTMS - INFO - Successfully created model for table 'audit_log' from flex database
2025-12-03 07:36:02 - OTMS - INFO - Successfully loaded custom table model for 'audit_log'
2025-12-03 07:36:02 - OTMS - INFO - Retrieved 11 columns for data source 'audit_log'
2025-12-03 07:36:02 - OTMS - INFO - Attempting to load custom table 'audit_log'
2025-12-03 07:36:02 - OTMS - INFO - Reflecting table 'audit_log' from flex database...
2025-12-03 07:36:02 - OTMS - INFO - Successfully created model for table 'audit_log' from flex database
2025-12-03 07:36:02 - OTMS - INFO - Successfully loaded custom table model for 'audit_log'
2025-12-03 07:36:02 - OTMS - INFO - Retrieved 11 columns for data source 'audit_log'
2025-12-03 07:36:02 - OTMS - INFO - Attempting to load custom table 'audit_log'
2025-12-03 07:36:02 - OTMS - INFO - Reflecting table 'audit_log' from flex database...
2025-12-03 07:36:02 - OTMS - INFO - Successfully created model for table 'audit_log' from flex database
2025-12-03 07:36:02 - OTMS - INFO - Successfully loaded custom table model for 'audit_log'
2025-12-03 07:36:02 - OTMS - INFO - Retrieved 11 columns for data source 'audit_log'
2025-12-03 07:36:02 - OTMS - INFO - Attempting to load custom table 'audit_log'
2025-12-03 07:36:02 - OTMS - INFO - Reflecting table 'audit_log' from flex database...
2025-12-03 07:36:02 - OTMS - INFO - Successfully created model for table 'audit_log' from flex database
2025-12-03 07:36:02 - OTMS - INFO - Successfully loaded custom table model for 'audit_log'
2025-12-03 07:36:02 - OTMS - INFO - Retrieved 11 columns for data source 'audit_log'
2025-12-03 07:36:02 - OTMS - INFO - Attempting to load custom table 'audit_log'
2025-12-03 07:36:02 - OTMS - INFO - Reflecting table 'audit_log' from flex database...
2025-12-03 07:36:02 - OTMS - INFO - Successfully created model for table 'audit_log' from flex database
2025-12-03 07:36:02 - OTMS - INFO - Successfully loaded custom table model for 'audit_log'
2025-12-03 07:36:02 - OTMS - INFO - Retrieved 11 columns for data source 'audit_log'
2025-12-03 08:17:53 - OTMS - INFO - Loaded 61 tables from primary database
2025-12-03 08:17:53 - OTMS - INFO - Loaded 54 tables from flexible database
2025-12-03 08:17:53 - OTMS - INFO - Added 0 additional custom tables from location_config
2025-12-03 08:17:53 - OTMS - INFO - Attempting to load custom table 'audit_log'
2025-12-03 08:17:53 - OTMS - INFO - Reflecting table 'audit_log' from flex database...
2025-12-03 08:17:53 - OTMS - INFO - Successfully created model for table 'audit_log' from flex database
2025-12-03 08:17:53 - OTMS - INFO - Successfully loaded custom table model for 'audit_log'
2025-12-03 08:17:53 - OTMS - INFO - Retrieved 11 columns for data source 'audit_log'
2025-12-03 08:17:53 - OTMS - INFO - Attempting to load custom table 'audit_log'
2025-12-03 08:17:53 - OTMS - INFO - Reflecting table 'audit_log' from flex database...
2025-12-03 08:17:53 - OTMS - INFO - Successfully created model for table 'audit_log' from flex database
2025-12-03 08:17:53 - OTMS - INFO - Successfully loaded custom table model for 'audit_log'
2025-12-03 08:17:53 - OTMS - INFO - Retrieved 11 columns for data source 'audit_log'
2025-12-03 08:17:53 - OTMS - INFO - Attempting to load custom table 'audit_log'
2025-12-03 08:17:53 - OTMS - INFO - Reflecting table 'audit_log' from flex database...
2025-12-03 08:17:53 - OTMS - INFO - Successfully created model for table 'audit_log' from flex database
2025-12-03 08:17:53 - OTMS - INFO - Successfully loaded custom table model for 'audit_log'
2025-12-03 08:17:53 - OTMS - INFO - Retrieved 11 columns for data source 'audit_log'
2025-12-03 08:17:53 - OTMS - INFO - Attempting to load custom table 'audit_log'
2025-12-03 08:17:53 - OTMS - INFO - Reflecting table 'audit_log' from flex database...
2025-12-03 08:17:53 - OTMS - INFO - Successfully created model for table 'audit_log' from flex database
2025-12-03 08:17:53 - OTMS - INFO - Successfully loaded custom table model for 'audit_log'
2025-12-03 08:17:53 - OTMS - INFO - Retrieved 11 columns for data source 'audit_log'
2025-12-03 08:17:53 - OTMS - INFO - Attempting to load custom table 'audit_log'
2025-12-03 08:17:53 - OTMS - INFO - Reflecting table 'audit_log' from flex database...
2025-12-03 08:17:53 - OTMS - INFO - Successfully created model for table 'audit_log' from flex database
2025-12-03 08:17:53 - OTMS - INFO - Successfully loaded custom table model for 'audit_log'
2025-12-03 08:17:53 - OTMS - INFO - Retrieved 11 columns for data source 'audit_log'
2025-12-03 08:17:53 - OTMS - INFO - Attempting to load custom table 'audit_log'
2025-12-03 08:17:53 - OTMS - INFO - Reflecting table 'audit_log' from flex database...
2025-12-03 08:17:53 - OTMS - INFO - Successfully created model for table 'audit_log' from flex database
2025-12-03 08:17:53 - OTMS - INFO - Successfully loaded custom table model for 'audit_log'
2025-12-03 08:17:53 - OTMS - INFO - Retrieved 11 columns for data source 'audit_log'
