2025-12-10 07:59:43 - OTMS - INFO - Loaded 68 tables from primary database
2025-12-10 07:59:43 - OTMS - INFO - Loaded 68 tables from flexible database
2025-12-10 07:59:43 - OTMS - INFO - Added 0 additional custom tables from location_config
2025-12-10 07:59:43 - OTMS - INFO - Attempting to load custom table 'audit_log'
2025-12-10 07:59:43 - OTMS - INFO - Reflecting table 'audit_log' from flex database...
2025-12-10 07:59:43 - OTMS - INFO - Successfully created model for table 'audit_log' from flex database
2025-12-10 07:59:43 - OTMS - INFO - Successfully loaded custom table model for 'audit_log'
2025-12-10 07:59:43 - OTMS - INFO - Retrieved 11 columns for data source 'audit_log'
2025-12-10 07:59:43 - OTMS - INFO - Attempting to load custom table 'audit_log'
2025-12-10 07:59:43 - OTMS - INFO - Reflecting table 'audit_log' from flex database...
2025-12-10 07:59:43 - OTMS - INFO - Successfully created model for table 'audit_log' from flex database
2025-12-10 07:59:43 - OTMS - INFO - Successfully loaded custom table model for 'audit_log'
2025-12-10 07:59:43 - OTMS - INFO - Retrieved 11 columns for data source 'audit_log'
2025-12-10 08:07:05 - OTMS - INFO - Loaded 68 tables from primary database
2025-12-10 08:07:05 - OTMS - INFO - Loaded 68 tables from flexible database
2025-12-10 08:07:05 - OTMS - INFO - Added 0 additional custom tables from location_config
2025-12-10 08:07:05 - OTMS - INFO - Attempting to load custom table 'audit_log'
2025-12-10 08:07:05 - OTMS - INFO - Reflecting table 'audit_log' from flex database...
2025-12-10 08:07:05 - OTMS - INFO - Successfully created model for table 'audit_log' from flex database
2025-12-10 08:07:05 - OTMS - INFO - Successfully loaded custom table model for 'audit_log'
2025-12-10 08:07:05 - OTMS - INFO - Retrieved 11 columns for data source 'audit_log'
2025-12-10 08:07:05 - OTMS - INFO - Attempting to load custom table 'audit_log'
2025-12-10 08:07:05 - OTMS - INFO - Reflecting table 'audit_log' from flex database...
2025-12-10 08:07:05 - OTMS - INFO - Successfully created model for table 'audit_log' from flex database
2025-12-10 08:07:05 - OTMS - INFO - Successfully loaded custom table model for 'audit_log'
2025-12-10 08:07:05 - OTMS - INFO - Retrieved 11 columns for data source 'audit_log'
2025-12-10 08:10:46 - OTMS - INFO - Loaded 68 tables from primary database
2025-12-10 08:10:46 - OTMS - INFO - Loaded 68 tables from flexible database
2025-12-10 08:10:46 - OTMS - INFO - Added 0 additional custom tables from location_config
2025-12-10 08:10:46 - OTMS - INFO - Attempting to load custom table 'audit_log'
2025-12-10 08:10:46 - OTMS - INFO - Reflecting table 'audit_log' from flex database...
2025-12-10 08:10:46 - OTMS - INFO - Successfully created model for table 'audit_log' from flex database
2025-12-10 08:10:46 - OTMS - INFO - Successfully loaded custom table model for 'audit_log'
2025-12-10 08:10:46 - OTMS - INFO - Retrieved 11 columns for data source 'audit_log'
2025-12-10 08:10:46 - OTMS - INFO - Attempting to load custom table 'audit_log'
2025-12-10 08:10:46 - OTMS - INFO - Reflecting table 'audit_log' from flex database...
2025-12-10 08:10:46 - OTMS - INFO - Successfully created model for table 'audit_log' from flex database
2025-12-10 08:10:46 - OTMS - INFO - Successfully loaded custom table model for 'audit_log'
2025-12-10 08:10:46 - OTMS - INFO - Retrieved 11 columns for data source 'audit_log'
2025-12-10 08:10:55 - OTMS - INFO - Loaded 68 tables from primary database
2025-12-10 08:10:55 - OTMS - INFO - Loaded 68 tables from flexible database
2025-12-10 08:10:55 - OTMS - INFO - Added 0 additional custom tables from location_config
2025-12-10 08:10:55 - OTMS - INFO - Attempting to load custom table 'audit_log'
2025-12-10 08:10:55 - OTMS - INFO - Reflecting table 'audit_log' from flex database...
2025-12-10 08:10:55 - OTMS - INFO - Successfully created model for table 'audit_log' from flex database
2025-12-10 08:10:55 - OTMS - INFO - Successfully loaded custom table model for 'audit_log'
2025-12-10 08:10:55 - OTMS - INFO - Retrieved 11 columns for data source 'audit_log'
2025-12-10 08:10:55 - OTMS - INFO - Attempting to load custom table 'audit_log'
2025-12-10 08:10:55 - OTMS - INFO - Reflecting table 'audit_log' from flex database...
2025-12-10 08:10:55 - OTMS - INFO - Successfully created model for table 'audit_log' from flex database
2025-12-10 08:10:55 - OTMS - INFO - Successfully loaded custom table model for 'audit_log'
2025-12-10 08:10:55 - OTMS - INFO - Retrieved 11 columns for data source 'audit_log'
2025-12-10 08:12:31 - OTMS - INFO - Loaded 68 tables from primary database
2025-12-10 08:12:31 - OTMS - INFO - Loaded 68 tables from flexible database
2025-12-10 08:12:31 - OTMS - INFO - Added 0 additional custom tables from location_config
2025-12-10 08:12:31 - OTMS - INFO - Attempting to load custom table 'audit_log'
2025-12-10 08:12:31 - OTMS - INFO - Reflecting table 'audit_log' from flex database...
2025-12-10 08:12:32 - OTMS - INFO - Successfully created model for table 'audit_log' from flex database
2025-12-10 08:12:32 - OTMS - INFO - Successfully loaded custom table model for 'audit_log'
2025-12-10 08:12:32 - OTMS - INFO - Retrieved 11 columns for data source 'audit_log'
2025-12-10 08:12:32 - OTMS - INFO - Attempting to load custom table 'audit_log'
2025-12-10 08:12:32 - OTMS - INFO - Reflecting table 'audit_log' from flex database...
2025-12-10 08:12:32 - OTMS - INFO - Successfully created model for table 'audit_log' from flex database
2025-12-10 08:12:32 - OTMS - INFO - Successfully loaded custom table model for 'audit_log'
2025-12-10 08:12:32 - OTMS - INFO - Retrieved 11 columns for data source 'audit_log'
2025-12-10 08:12:37 - OTMS - INFO - Loaded 68 tables from primary database
2025-12-10 08:12:37 - OTMS - INFO - Loaded 68 tables from flexible database
2025-12-10 08:12:37 - OTMS - INFO - Added 0 additional custom tables from location_config
2025-12-10 08:12:37 - OTMS - INFO - Attempting to load custom table 'audit_log'
2025-12-10 08:12:37 - OTMS - INFO - Reflecting table 'audit_log' from flex database...
2025-12-10 08:12:37 - OTMS - INFO - Successfully created model for table 'audit_log' from flex database
2025-12-10 08:12:37 - OTMS - INFO - Successfully loaded custom table model for 'audit_log'
2025-12-10 08:12:37 - OTMS - INFO - Retrieved 11 columns for data source 'audit_log'
2025-12-10 08:12:37 - OTMS - INFO - Attempting to load custom table 'audit_log'
2025-12-10 08:12:37 - OTMS - INFO - Reflecting table 'audit_log' from flex database...
2025-12-10 08:12:37 - OTMS - INFO - Successfully created model for table 'audit_log' from flex database
2025-12-10 08:12:37 - OTMS - INFO - Successfully loaded custom table model for 'audit_log'
2025-12-10 08:12:37 - OTMS - INFO - Retrieved 11 columns for data source 'audit_log'
2025-12-10 08:12:39 - OTMS - INFO - Loaded 68 tables from primary database
2025-12-10 08:12:39 - OTMS - INFO - Loaded 68 tables from flexible database
2025-12-10 08:12:39 - OTMS - INFO - Added 0 additional custom tables from location_config
2025-12-10 08:12:39 - OTMS - INFO - Attempting to load custom table 'audit_log'
2025-12-10 08:12:39 - OTMS - INFO - Reflecting table 'audit_log' from flex database...
2025-12-10 08:12:39 - OTMS - INFO - Successfully created model for table 'audit_log' from flex database
2025-12-10 08:12:39 - OTMS - INFO - Successfully loaded custom table model for 'audit_log'
2025-12-10 08:12:39 - OTMS - INFO - Retrieved 11 columns for data source 'audit_log'
2025-12-10 08:12:39 - OTMS - INFO - Attempting to load custom table 'audit_log'
2025-12-10 08:12:39 - OTMS - INFO - Reflecting table 'audit_log' from flex database...
2025-12-10 08:12:39 - OTMS - INFO - Successfully created model for table 'audit_log' from flex database
2025-12-10 08:12:39 - OTMS - INFO - Successfully loaded custom table model for 'audit_log'
2025-12-10 08:12:39 - OTMS - INFO - Retrieved 11 columns for data source 'audit_log'
2025-12-10 08:12:40 - OTMS - INFO - Loaded 68 tables from primary database
2025-12-10 08:12:40 - OTMS - INFO - Loaded 68 tables from flexible database
2025-12-10 08:12:40 - OTMS - INFO - Added 0 additional custom tables from location_config
2025-12-10 08:12:40 - OTMS - INFO - Attempting to load custom table 'audit_log'
2025-12-10 08:12:40 - OTMS - INFO - Reflecting table 'audit_log' from flex database...
2025-12-10 08:12:40 - OTMS - INFO - Successfully created model for table 'audit_log' from flex database
2025-12-10 08:12:40 - OTMS - INFO - Successfully loaded custom table model for 'audit_log'
2025-12-10 08:12:40 - OTMS - INFO - Retrieved 11 columns for data source 'audit_log'
2025-12-10 08:12:40 - OTMS - INFO - Attempting to load custom table 'audit_log'
2025-12-10 08:12:40 - OTMS - INFO - Reflecting table 'audit_log' from flex database...
2025-12-10 08:12:40 - OTMS - INFO - Successfully created model for table 'audit_log' from flex database
2025-12-10 08:12:40 - OTMS - INFO - Successfully loaded custom table model for 'audit_log'
2025-12-10 08:12:40 - OTMS - INFO - Retrieved 11 columns for data source 'audit_log'
2025-12-10 09:25:58 - OTMS - INFO - Loaded 68 tables from primary database
2025-12-10 09:25:58 - OTMS - INFO - Loaded 68 tables from flexible database
2025-12-10 09:25:58 - OTMS - INFO - Added 0 additional custom tables from location_config
2025-12-10 09:25:58 - OTMS - INFO - Attempting to load custom table 'audit_log'
2025-12-10 09:25:58 - OTMS - INFO - Reflecting table 'audit_log' from flex database...
2025-12-10 09:25:58 - OTMS - INFO - Successfully created model for table 'audit_log' from flex database
2025-12-10 09:25:58 - OTMS - INFO - Successfully loaded custom table model for 'audit_log'
2025-12-10 09:25:58 - OTMS - INFO - Retrieved 11 columns for data source 'audit_log'
2025-12-10 09:25:58 - OTMS - INFO - Attempting to load custom table 'audit_log'
2025-12-10 09:25:58 - OTMS - INFO - Reflecting table 'audit_log' from flex database...
2025-12-10 09:25:59 - OTMS - INFO - Successfully created model for table 'audit_log' from flex database
2025-12-10 09:25:59 - OTMS - INFO - Successfully loaded custom table model for 'audit_log'
2025-12-10 09:25:59 - OTMS - INFO - Retrieved 11 columns for data source 'audit_log'
2025-12-10 09:26:05 - OTMS - INFO - Loaded 68 tables from primary database
2025-12-10 09:26:05 - OTMS - INFO - Loaded 68 tables from flexible database
2025-12-10 09:26:05 - OTMS - INFO - Added 0 additional custom tables from location_config
2025-12-10 09:26:05 - OTMS - INFO - Attempting to load custom table 'audit_log'
2025-12-10 09:26:05 - OTMS - INFO - Reflecting table 'audit_log' from flex database...
2025-12-10 09:26:05 - OTMS - INFO - Successfully created model for table 'audit_log' from flex database
2025-12-10 09:26:05 - OTMS - INFO - Successfully loaded custom table model for 'audit_log'
2025-12-10 09:26:05 - OTMS - INFO - Retrieved 11 columns for data source 'audit_log'
2025-12-10 09:26:05 - OTMS - INFO - Attempting to load custom table 'audit_log'
2025-12-10 09:26:05 - OTMS - INFO - Reflecting table 'audit_log' from flex database...
2025-12-10 09:26:05 - OTMS - INFO - Successfully created model for table 'audit_log' from flex database
2025-12-10 09:26:05 - OTMS - INFO - Successfully loaded custom table model for 'audit_log'
2025-12-10 09:26:05 - OTMS - INFO - Retrieved 11 columns for data source 'audit_log'
2025-12-10 09:26:26 - OTMS - INFO - Loaded 68 tables from primary database
2025-12-10 09:26:26 - OTMS - INFO - Loaded 68 tables from flexible database
2025-12-10 09:26:26 - OTMS - INFO - Added 0 additional custom tables from location_config
2025-12-10 09:26:26 - OTMS - INFO - Attempting to load custom table 'audit_log'
2025-12-10 09:26:26 - OTMS - INFO - Reflecting table 'audit_log' from flex database...
2025-12-10 09:26:26 - OTMS - INFO - Successfully created model for table 'audit_log' from flex database
2025-12-10 09:26:26 - OTMS - INFO - Successfully loaded custom table model for 'audit_log'
2025-12-10 09:26:26 - OTMS - INFO - Retrieved 11 columns for data source 'audit_log'
2025-12-10 09:26:26 - OTMS - INFO - Attempting to load custom table 'audit_log'
2025-12-10 09:26:26 - OTMS - INFO - Reflecting table 'audit_log' from flex database...
2025-12-10 09:26:26 - OTMS - INFO - Successfully created model for table 'audit_log' from flex database
2025-12-10 09:26:26 - OTMS - INFO - Successfully loaded custom table model for 'audit_log'
2025-12-10 09:26:26 - OTMS - INFO - Retrieved 11 columns for data source 'audit_log'
2025-12-10 09:50:08 - OTMS - INFO - Loaded 68 tables from primary database
2025-12-10 09:50:08 - OTMS - INFO - Loaded 68 tables from flexible database
2025-12-10 09:50:08 - OTMS - INFO - Added 0 additional custom tables from location_config
2025-12-10 09:50:08 - OTMS - INFO - Attempting to load custom table 'audit_log'
2025-12-10 09:50:08 - OTMS - INFO - Reflecting table 'audit_log' from flex database...
2025-12-10 09:50:08 - OTMS - INFO - Successfully created model for table 'audit_log' from flex database
2025-12-10 09:50:08 - OTMS - INFO - Successfully loaded custom table model for 'audit_log'
2025-12-10 09:50:08 - OTMS - INFO - Retrieved 11 columns for data source 'audit_log'
2025-12-10 09:50:08 - OTMS - INFO - Attempting to load custom table 'audit_log'
2025-12-10 09:50:08 - OTMS - INFO - Reflecting table 'audit_log' from flex database...
2025-12-10 09:50:08 - OTMS - INFO - Successfully created model for table 'audit_log' from flex database
2025-12-10 09:50:08 - OTMS - INFO - Successfully loaded custom table model for 'audit_log'
2025-12-10 09:50:08 - OTMS - INFO - Retrieved 11 columns for data source 'audit_log'
2025-12-10 09:50:14 - OTMS - INFO - Loaded 68 tables from primary database
2025-12-10 09:50:14 - OTMS - INFO - Loaded 68 tables from flexible database
2025-12-10 09:50:15 - OTMS - INFO - Added 0 additional custom tables from location_config
2025-12-10 09:50:15 - OTMS - INFO - Attempting to load custom table 'audit_log'
2025-12-10 09:50:15 - OTMS - INFO - Reflecting table 'audit_log' from flex database...
2025-12-10 09:50:15 - OTMS - INFO - Successfully created model for table 'audit_log' from flex database
2025-12-10 09:50:15 - OTMS - INFO - Successfully loaded custom table model for 'audit_log'
2025-12-10 09:50:15 - OTMS - INFO - Retrieved 11 columns for data source 'audit_log'
2025-12-10 09:50:15 - OTMS - INFO - Attempting to load custom table 'audit_log'
2025-12-10 09:50:15 - OTMS - INFO - Reflecting table 'audit_log' from flex database...
2025-12-10 09:50:15 - OTMS - INFO - Successfully created model for table 'audit_log' from flex database
2025-12-10 09:50:15 - OTMS - INFO - Successfully loaded custom table model for 'audit_log'
2025-12-10 09:50:15 - OTMS - INFO - Retrieved 11 columns for data source 'audit_log'
2025-12-10 09:50:17 - OTMS - INFO - Loaded 68 tables from primary database
2025-12-10 09:50:17 - OTMS - INFO - Loaded 68 tables from flexible database
2025-12-10 09:50:17 - OTMS - INFO - Added 0 additional custom tables from location_config
2025-12-10 09:50:17 - OTMS - INFO - Attempting to load custom table 'audit_log'
2025-12-10 09:50:17 - OTMS - INFO - Reflecting table 'audit_log' from flex database...
2025-12-10 09:50:17 - OTMS - INFO - Successfully created model for table 'audit_log' from flex database
2025-12-10 09:50:17 - OTMS - INFO - Successfully loaded custom table model for 'audit_log'
2025-12-10 09:50:17 - OTMS - INFO - Retrieved 11 columns for data source 'audit_log'
2025-12-10 09:50:17 - OTMS - INFO - Attempting to load custom table 'audit_log'
2025-12-10 09:50:17 - OTMS - INFO - Reflecting table 'audit_log' from flex database...
2025-12-10 09:50:17 - OTMS - INFO - Successfully created model for table 'audit_log' from flex database
2025-12-10 09:50:17 - OTMS - INFO - Successfully loaded custom table model for 'audit_log'
2025-12-10 09:50:17 - OTMS - INFO - Retrieved 11 columns for data source 'audit_log'
2025-12-10 10:08:04 - OTMS - INFO - Loaded 68 tables from primary database
2025-12-10 10:08:04 - OTMS - INFO - Loaded 68 tables from flexible database
2025-12-10 10:08:04 - OTMS - INFO - Added 0 additional custom tables from location_config
2025-12-10 10:08:04 - OTMS - INFO - Attempting to load custom table 'audit_log'
2025-12-10 10:08:04 - OTMS - INFO - Reflecting table 'audit_log' from flex database...
2025-12-10 10:08:04 - OTMS - INFO - Successfully created model for table 'audit_log' from flex database
2025-12-10 10:08:04 - OTMS - INFO - Successfully loaded custom table model for 'audit_log'
2025-12-10 10:08:04 - OTMS - INFO - Retrieved 11 columns for data source 'audit_log'
2025-12-10 10:08:04 - OTMS - INFO - Attempting to load custom table 'audit_log'
2025-12-10 10:08:04 - OTMS - INFO - Reflecting table 'audit_log' from flex database...
2025-12-10 10:08:04 - OTMS - INFO - Successfully created model for table 'audit_log' from flex database
2025-12-10 10:08:04 - OTMS - INFO - Successfully loaded custom table model for 'audit_log'
2025-12-10 10:08:04 - OTMS - INFO - Retrieved 11 columns for data source 'audit_log'
2025-12-10 10:08:40 - OTMS - INFO - Loaded 68 tables from primary database
2025-12-10 10:08:40 - OTMS - INFO - Loaded 68 tables from flexible database
2025-12-10 10:08:40 - OTMS - INFO - Added 0 additional custom tables from location_config
2025-12-10 10:08:40 - OTMS - INFO - Attempting to load custom table 'audit_log'
2025-12-10 10:08:40 - OTMS - INFO - Reflecting table 'audit_log' from flex database...
2025-12-10 10:08:40 - OTMS - INFO - Successfully created model for table 'audit_log' from flex database
2025-12-10 10:08:40 - OTMS - INFO - Successfully loaded custom table model for 'audit_log'
2025-12-10 10:08:40 - OTMS - INFO - Retrieved 11 columns for data source 'audit_log'
2025-12-10 10:08:40 - OTMS - INFO - Attempting to load custom table 'audit_log'
2025-12-10 10:08:40 - OTMS - INFO - Reflecting table 'audit_log' from flex database...
2025-12-10 10:08:40 - OTMS - INFO - Successfully created model for table 'audit_log' from flex database
2025-12-10 10:08:40 - OTMS - INFO - Successfully loaded custom table model for 'audit_log'
2025-12-10 10:08:40 - OTMS - INFO - Retrieved 11 columns for data source 'audit_log'
2025-12-10 10:08:55 - OTMS - INFO - Loaded 68 tables from primary database
2025-12-10 10:08:55 - OTMS - INFO - Loaded 68 tables from flexible database
2025-12-10 10:08:55 - OTMS - INFO - Added 0 additional custom tables from location_config
2025-12-10 10:08:55 - OTMS - INFO - Attempting to load custom table 'audit_log'
2025-12-10 10:08:55 - OTMS - INFO - Reflecting table 'audit_log' from flex database...
2025-12-10 10:08:55 - OTMS - INFO - Successfully created model for table 'audit_log' from flex database
2025-12-10 10:08:55 - OTMS - INFO - Successfully loaded custom table model for 'audit_log'
2025-12-10 10:08:55 - OTMS - INFO - Retrieved 11 columns for data source 'audit_log'
2025-12-10 10:08:55 - OTMS - INFO - Attempting to load custom table 'audit_log'
2025-12-10 10:08:55 - OTMS - INFO - Reflecting table 'audit_log' from flex database...
2025-12-10 10:08:55 - OTMS - INFO - Successfully created model for table 'audit_log' from flex database
2025-12-10 10:08:55 - OTMS - INFO - Successfully loaded custom table model for 'audit_log'
2025-12-10 10:08:55 - OTMS - INFO - Retrieved 11 columns for data source 'audit_log'
2025-12-10 10:09:01 - OTMS - INFO - Loaded 68 tables from primary database
2025-12-10 10:09:01 - OTMS - INFO - Loaded 68 tables from flexible database
2025-12-10 10:09:01 - OTMS - INFO - Added 0 additional custom tables from location_config
2025-12-10 10:09:01 - OTMS - INFO - Attempting to load custom table 'audit_log'
2025-12-10 10:09:01 - OTMS - INFO - Reflecting table 'audit_log' from flex database...
2025-12-10 10:09:01 - OTMS - INFO - Successfully created model for table 'audit_log' from flex database
2025-12-10 10:09:01 - OTMS - INFO - Successfully loaded custom table model for 'audit_log'
2025-12-10 10:09:01 - OTMS - INFO - Retrieved 11 columns for data source 'audit_log'
2025-12-10 10:09:01 - OTMS - INFO - Attempting to load custom table 'audit_log'
2025-12-10 10:09:01 - OTMS - INFO - Reflecting table 'audit_log' from flex database...
2025-12-10 10:09:01 - OTMS - INFO - Successfully created model for table 'audit_log' from flex database
2025-12-10 10:09:01 - OTMS - INFO - Successfully loaded custom table model for 'audit_log'
2025-12-10 10:09:01 - OTMS - INFO - Retrieved 11 columns for data source 'audit_log'
2025-12-10 10:09:11 - OTMS - INFO - Loaded 68 tables from primary database
2025-12-10 10:09:11 - OTMS - INFO - Loaded 68 tables from flexible database
2025-12-10 10:09:11 - OTMS - INFO - Added 0 additional custom tables from location_config
2025-12-10 10:09:11 - OTMS - INFO - Attempting to load custom table 'audit_log'
2025-12-10 10:09:11 - OTMS - INFO - Reflecting table 'audit_log' from flex database...
2025-12-10 10:09:12 - OTMS - INFO - Successfully created model for table 'audit_log' from flex database
2025-12-10 10:09:12 - OTMS - INFO - Successfully loaded custom table model for 'audit_log'
2025-12-10 10:09:12 - OTMS - INFO - Retrieved 11 columns for data source 'audit_log'
2025-12-10 10:09:12 - OTMS - INFO - Attempting to load custom table 'audit_log'
2025-12-10 10:09:12 - OTMS - INFO - Reflecting table 'audit_log' from flex database...
2025-12-10 10:09:12 - OTMS - INFO - Successfully created model for table 'audit_log' from flex database
2025-12-10 10:09:12 - OTMS - INFO - Successfully loaded custom table model for 'audit_log'
2025-12-10 10:09:12 - OTMS - INFO - Retrieved 11 columns for data source 'audit_log'
2025-12-10 10:09:14 - OTMS - INFO - Loaded 68 tables from primary database
2025-12-10 10:09:14 - OTMS - INFO - Loaded 68 tables from flexible database
2025-12-10 10:09:14 - OTMS - INFO - Added 0 additional custom tables from location_config
2025-12-10 10:09:14 - OTMS - INFO - Attempting to load custom table 'audit_log'
2025-12-10 10:09:14 - OTMS - INFO - Reflecting table 'audit_log' from flex database...
2025-12-10 10:09:15 - OTMS - INFO - Successfully created model for table 'audit_log' from flex database
2025-12-10 10:09:15 - OTMS - INFO - Successfully loaded custom table model for 'audit_log'
2025-12-10 10:09:15 - OTMS - INFO - Retrieved 11 columns for data source 'audit_log'
2025-12-10 10:09:15 - OTMS - INFO - Attempting to load custom table 'audit_log'
2025-12-10 10:09:15 - OTMS - INFO - Reflecting table 'audit_log' from flex database...
2025-12-10 10:09:15 - OTMS - INFO - Successfully created model for table 'audit_log' from flex database
2025-12-10 10:09:15 - OTMS - INFO - Successfully loaded custom table model for 'audit_log'
2025-12-10 10:09:15 - OTMS - INFO - Retrieved 11 columns for data source 'audit_log'
2025-12-10 10:09:16 - OTMS - INFO - Loaded 68 tables from primary database
2025-12-10 10:09:16 - OTMS - INFO - Loaded 68 tables from flexible database
2025-12-10 10:09:16 - OTMS - INFO - Added 0 additional custom tables from location_config
2025-12-10 10:09:16 - OTMS - INFO - Attempting to load custom table 'audit_log'
2025-12-10 10:09:16 - OTMS - INFO - Reflecting table 'audit_log' from flex database...
2025-12-10 10:09:16 - OTMS - INFO - Successfully created model for table 'audit_log' from flex database
2025-12-10 10:09:16 - OTMS - INFO - Successfully loaded custom table model for 'audit_log'
2025-12-10 10:09:16 - OTMS - INFO - Retrieved 11 columns for data source 'audit_log'
2025-12-10 10:09:16 - OTMS - INFO - Attempting to load custom table 'audit_log'
2025-12-10 10:09:16 - OTMS - INFO - Reflecting table 'audit_log' from flex database...
2025-12-10 10:09:16 - OTMS - INFO - Successfully created model for table 'audit_log' from flex database
2025-12-10 10:09:16 - OTMS - INFO - Successfully loaded custom table model for 'audit_log'
2025-12-10 10:09:16 - OTMS - INFO - Retrieved 11 columns for data source 'audit_log'
2025-12-10 10:09:33 - OTMS - INFO - Loaded 68 tables from primary database
2025-12-10 10:09:33 - OTMS - INFO - Loaded 68 tables from flexible database
2025-12-10 10:09:33 - OTMS - INFO - Added 0 additional custom tables from location_config
2025-12-10 10:09:33 - OTMS - INFO - Attempting to load custom table 'audit_log'
2025-12-10 10:09:33 - OTMS - INFO - Reflecting table 'audit_log' from flex database...
2025-12-10 10:09:33 - OTMS - INFO - Successfully created model for table 'audit_log' from flex database
2025-12-10 10:09:33 - OTMS - INFO - Successfully loaded custom table model for 'audit_log'
2025-12-10 10:09:33 - OTMS - INFO - Retrieved 11 columns for data source 'audit_log'
2025-12-10 10:09:33 - OTMS - INFO - Attempting to load custom table 'audit_log'
2025-12-10 10:09:33 - OTMS - INFO - Reflecting table 'audit_log' from flex database...
2025-12-10 10:09:33 - OTMS - INFO - Successfully created model for table 'audit_log' from flex database
2025-12-10 10:09:33 - OTMS - INFO - Successfully loaded custom table model for 'audit_log'
2025-12-10 10:09:33 - OTMS - INFO - Retrieved 11 columns for data source 'audit_log'
2025-12-10 10:09:37 - OTMS - INFO - Loaded 68 tables from primary database
2025-12-10 10:09:37 - OTMS - INFO - Loaded 68 tables from flexible database
2025-12-10 10:09:38 - OTMS - INFO - Added 0 additional custom tables from location_config
2025-12-10 10:09:38 - OTMS - INFO - Attempting to load custom table 'audit_log'
2025-12-10 10:09:38 - OTMS - INFO - Reflecting table 'audit_log' from flex database...
2025-12-10 10:09:38 - OTMS - INFO - Successfully created model for table 'audit_log' from flex database
2025-12-10 10:09:38 - OTMS - INFO - Successfully loaded custom table model for 'audit_log'
2025-12-10 10:09:38 - OTMS - INFO - Retrieved 11 columns for data source 'audit_log'
2025-12-10 10:09:38 - OTMS - INFO - Attempting to load custom table 'audit_log'
2025-12-10 10:09:38 - OTMS - INFO - Reflecting table 'audit_log' from flex database...
2025-12-10 10:09:38 - OTMS - INFO - Successfully created model for table 'audit_log' from flex database
2025-12-10 10:09:38 - OTMS - INFO - Successfully loaded custom table model for 'audit_log'
2025-12-10 10:09:38 - OTMS - INFO - Retrieved 11 columns for data source 'audit_log'
2025-12-10 10:09:41 - OTMS - INFO - Loaded 68 tables from primary database
2025-12-10 10:09:41 - OTMS - INFO - Loaded 68 tables from flexible database
2025-12-10 10:09:41 - OTMS - INFO - Added 0 additional custom tables from location_config
2025-12-10 10:09:41 - OTMS - INFO - Attempting to load custom table 'audit_log'
2025-12-10 10:09:41 - OTMS - INFO - Reflecting table 'audit_log' from flex database...
2025-12-10 10:09:41 - OTMS - INFO - Successfully created model for table 'audit_log' from flex database
2025-12-10 10:09:41 - OTMS - INFO - Successfully loaded custom table model for 'audit_log'
2025-12-10 10:09:41 - OTMS - INFO - Retrieved 11 columns for data source 'audit_log'
2025-12-10 10:09:41 - OTMS - INFO - Attempting to load custom table 'audit_log'
2025-12-10 10:09:41 - OTMS - INFO - Reflecting table 'audit_log' from flex database...
2025-12-10 10:09:41 - OTMS - INFO - Successfully created model for table 'audit_log' from flex database
2025-12-10 10:09:41 - OTMS - INFO - Successfully loaded custom table model for 'audit_log'
2025-12-10 10:09:41 - OTMS - INFO - Retrieved 11 columns for data source 'audit_log'
2025-12-10 10:09:47 - OTMS - INFO - Loaded 68 tables from primary database
2025-12-10 10:09:47 - OTMS - INFO - Loaded 68 tables from flexible database
2025-12-10 10:09:47 - OTMS - INFO - Added 0 additional custom tables from location_config
2025-12-10 10:09:47 - OTMS - INFO - Attempting to load custom table 'audit_log'
2025-12-10 10:09:47 - OTMS - INFO - Reflecting table 'audit_log' from flex database...
2025-12-10 10:09:47 - OTMS - INFO - Successfully created model for table 'audit_log' from flex database
2025-12-10 10:09:47 - OTMS - INFO - Successfully loaded custom table model for 'audit_log'
2025-12-10 10:09:47 - OTMS - INFO - Retrieved 11 columns for data source 'audit_log'
2025-12-10 10:09:47 - OTMS - INFO - Attempting to load custom table 'audit_log'
2025-12-10 10:09:47 - OTMS - INFO - Reflecting table 'audit_log' from flex database...
2025-12-10 10:09:47 - OTMS - INFO - Successfully created model for table 'audit_log' from flex database
2025-12-10 10:09:47 - OTMS - INFO - Successfully loaded custom table model for 'audit_log'
2025-12-10 10:09:47 - OTMS - INFO - Retrieved 11 columns for data source 'audit_log'
2025-12-10 10:09:55 - OTMS - INFO - Loaded 68 tables from primary database
2025-12-10 10:09:55 - OTMS - INFO - Loaded 68 tables from flexible database
2025-12-10 10:09:55 - OTMS - INFO - Added 0 additional custom tables from location_config
2025-12-10 10:09:55 - OTMS - INFO - Attempting to load custom table 'audit_log'
2025-12-10 10:09:55 - OTMS - INFO - Reflecting table 'audit_log' from flex database...
2025-12-10 10:09:55 - OTMS - INFO - Successfully created model for table 'audit_log' from flex database
2025-12-10 10:09:55 - OTMS - INFO - Successfully loaded custom table model for 'audit_log'
2025-12-10 10:09:55 - OTMS - INFO - Retrieved 11 columns for data source 'audit_log'
2025-12-10 10:09:55 - OTMS - INFO - Attempting to load custom table 'audit_log'
2025-12-10 10:09:55 - OTMS - INFO - Reflecting table 'audit_log' from flex database...
2025-12-10 10:09:55 - OTMS - INFO - Successfully created model for table 'audit_log' from flex database
2025-12-10 10:09:55 - OTMS - INFO - Successfully loaded custom table model for 'audit_log'
2025-12-10 10:09:55 - OTMS - INFO - Retrieved 11 columns for data source 'audit_log'
2025-12-10 10:10:04 - OTMS - INFO - Loaded 68 tables from primary database
2025-12-10 10:10:04 - OTMS - INFO - Loaded 68 tables from flexible database
2025-12-10 10:10:04 - OTMS - INFO - Added 0 additional custom tables from location_config
2025-12-10 10:10:04 - OTMS - INFO - Attempting to load custom table 'audit_log'
2025-12-10 10:10:04 - OTMS - INFO - Reflecting table 'audit_log' from flex database...
2025-12-10 10:10:04 - OTMS - INFO - Successfully created model for table 'audit_log' from flex database
2025-12-10 10:10:04 - OTMS - INFO - Successfully loaded custom table model for 'audit_log'
2025-12-10 10:10:04 - OTMS - INFO - Retrieved 11 columns for data source 'audit_log'
2025-12-10 10:10:04 - OTMS - INFO - Attempting to load custom table 'audit_log'
2025-12-10 10:10:04 - OTMS - INFO - Reflecting table 'audit_log' from flex database...
2025-12-10 10:10:04 - OTMS - INFO - Successfully created model for table 'audit_log' from flex database
2025-12-10 10:10:04 - OTMS - INFO - Successfully loaded custom table model for 'audit_log'
2025-12-10 10:10:04 - OTMS - INFO - Retrieved 11 columns for data source 'audit_log'
2025-12-10 10:10:06 - OTMS - INFO - Loaded 68 tables from primary database
2025-12-10 10:10:06 - OTMS - INFO - Loaded 68 tables from flexible database
2025-12-10 10:10:06 - OTMS - INFO - Added 0 additional custom tables from location_config
2025-12-10 10:10:06 - OTMS - INFO - Attempting to load custom table 'audit_log'
2025-12-10 10:10:06 - OTMS - INFO - Reflecting table 'audit_log' from flex database...
2025-12-10 10:10:06 - OTMS - INFO - Successfully created model for table 'audit_log' from flex database
2025-12-10 10:10:06 - OTMS - INFO - Successfully loaded custom table model for 'audit_log'
2025-12-10 10:10:06 - OTMS - INFO - Retrieved 11 columns for data source 'audit_log'
2025-12-10 10:10:06 - OTMS - INFO - Attempting to load custom table 'audit_log'
2025-12-10 10:10:06 - OTMS - INFO - Reflecting table 'audit_log' from flex database...
2025-12-10 10:10:06 - OTMS - INFO - Successfully created model for table 'audit_log' from flex database
2025-12-10 10:10:06 - OTMS - INFO - Successfully loaded custom table model for 'audit_log'
2025-12-10 10:10:06 - OTMS - INFO - Retrieved 11 columns for data source 'audit_log'
2025-12-10 10:10:08 - OTMS - INFO - Loaded 68 tables from primary database
2025-12-10 10:10:08 - OTMS - INFO - Loaded 68 tables from flexible database
2025-12-10 10:10:08 - OTMS - INFO - Added 0 additional custom tables from location_config
2025-12-10 10:10:08 - OTMS - INFO - Attempting to load custom table 'audit_log'
2025-12-10 10:10:08 - OTMS - INFO - Reflecting table 'audit_log' from flex database...
2025-12-10 10:10:08 - OTMS - INFO - Successfully created model for table 'audit_log' from flex database
2025-12-10 10:10:08 - OTMS - INFO - Successfully loaded custom table model for 'audit_log'
2025-12-10 10:10:08 - OTMS - INFO - Retrieved 11 columns for data source 'audit_log'
2025-12-10 10:10:08 - OTMS - INFO - Attempting to load custom table 'audit_log'
2025-12-10 10:10:08 - OTMS - INFO - Reflecting table 'audit_log' from flex database...
2025-12-10 10:10:08 - OTMS - INFO - Successfully created model for table 'audit_log' from flex database
2025-12-10 10:10:08 - OTMS - INFO - Successfully loaded custom table model for 'audit_log'
2025-12-10 10:10:08 - OTMS - INFO - Retrieved 11 columns for data source 'audit_log'
2025-12-10 10:10:43 - OTMS - INFO - Loaded 68 tables from primary database
2025-12-10 10:10:43 - OTMS - INFO - Loaded 68 tables from flexible database
2025-12-10 10:10:43 - OTMS - INFO - Added 0 additional custom tables from location_config
2025-12-10 10:10:43 - OTMS - INFO - Attempting to load custom table 'audit_log'
2025-12-10 10:10:43 - OTMS - INFO - Reflecting table 'audit_log' from flex database...
2025-12-10 10:10:43 - OTMS - INFO - Successfully created model for table 'audit_log' from flex database
2025-12-10 10:10:43 - OTMS - INFO - Successfully loaded custom table model for 'audit_log'
2025-12-10 10:10:43 - OTMS - INFO - Retrieved 11 columns for data source 'audit_log'
2025-12-10 10:10:43 - OTMS - INFO - Attempting to load custom table 'audit_log'
2025-12-10 10:10:43 - OTMS - INFO - Reflecting table 'audit_log' from flex database...
2025-12-10 10:10:43 - OTMS - INFO - Successfully created model for table 'audit_log' from flex database
2025-12-10 10:10:43 - OTMS - INFO - Successfully loaded custom table model for 'audit_log'
2025-12-10 10:10:43 - OTMS - INFO - Retrieved 11 columns for data source 'audit_log'
2025-12-10 10:11:23 - OTMS - INFO - Loaded 68 tables from primary database
2025-12-10 10:11:23 - OTMS - INFO - Loaded 68 tables from flexible database
2025-12-10 10:11:23 - OTMS - INFO - Added 0 additional custom tables from location_config
2025-12-10 10:11:23 - OTMS - INFO - Attempting to load custom table 'audit_log'
2025-12-10 10:11:23 - OTMS - INFO - Reflecting table 'audit_log' from flex database...
2025-12-10 10:11:23 - OTMS - INFO - Successfully created model for table 'audit_log' from flex database
2025-12-10 10:11:23 - OTMS - INFO - Successfully loaded custom table model for 'audit_log'
2025-12-10 10:11:23 - OTMS - INFO - Retrieved 11 columns for data source 'audit_log'
2025-12-10 10:11:23 - OTMS - INFO - Attempting to load custom table 'audit_log'
2025-12-10 10:11:23 - OTMS - INFO - Reflecting table 'audit_log' from flex database...
2025-12-10 10:11:23 - OTMS - INFO - Successfully created model for table 'audit_log' from flex database
2025-12-10 10:11:23 - OTMS - INFO - Successfully loaded custom table model for 'audit_log'
2025-12-10 10:11:23 - OTMS - INFO - Retrieved 11 columns for data source 'audit_log'
2025-12-10 10:11:25 - OTMS - INFO - Loaded 68 tables from primary database
2025-12-10 10:11:25 - OTMS - INFO - Loaded 68 tables from flexible database
2025-12-10 10:11:25 - OTMS - INFO - Added 0 additional custom tables from location_config
2025-12-10 10:11:25 - OTMS - INFO - Attempting to load custom table 'audit_log'
2025-12-10 10:11:25 - OTMS - INFO - Reflecting table 'audit_log' from flex database...
2025-12-10 10:11:25 - OTMS - INFO - Successfully created model for table 'audit_log' from flex database
2025-12-10 10:11:25 - OTMS - INFO - Successfully loaded custom table model for 'audit_log'
2025-12-10 10:11:25 - OTMS - INFO - Retrieved 11 columns for data source 'audit_log'
2025-12-10 10:11:25 - OTMS - INFO - Attempting to load custom table 'audit_log'
2025-12-10 10:11:25 - OTMS - INFO - Reflecting table 'audit_log' from flex database...
2025-12-10 10:11:25 - OTMS - INFO - Successfully created model for table 'audit_log' from flex database
2025-12-10 10:11:25 - OTMS - INFO - Successfully loaded custom table model for 'audit_log'
2025-12-10 10:11:25 - OTMS - INFO - Retrieved 11 columns for data source 'audit_log'
2025-12-10 10:11:30 - OTMS - INFO - Loaded 68 tables from primary database
2025-12-10 10:11:30 - OTMS - INFO - Loaded 68 tables from flexible database
2025-12-10 10:11:30 - OTMS - INFO - Added 0 additional custom tables from location_config
2025-12-10 10:11:30 - OTMS - INFO - Attempting to load custom table 'audit_log'
2025-12-10 10:11:30 - OTMS - INFO - Reflecting table 'audit_log' from flex database...
2025-12-10 10:11:30 - OTMS - INFO - Successfully created model for table 'audit_log' from flex database
2025-12-10 10:11:30 - OTMS - INFO - Successfully loaded custom table model for 'audit_log'
2025-12-10 10:11:30 - OTMS - INFO - Retrieved 11 columns for data source 'audit_log'
2025-12-10 10:11:30 - OTMS - INFO - Attempting to load custom table 'audit_log'
2025-12-10 10:11:30 - OTMS - INFO - Reflecting table 'audit_log' from flex database...
2025-12-10 10:11:30 - OTMS - INFO - Successfully created model for table 'audit_log' from flex database
2025-12-10 10:11:30 - OTMS - INFO - Successfully loaded custom table model for 'audit_log'
2025-12-10 10:11:30 - OTMS - INFO - Retrieved 11 columns for data source 'audit_log'
2025-12-10 10:11:33 - OTMS - INFO - Loaded 68 tables from primary database
2025-12-10 10:11:33 - OTMS - INFO - Loaded 68 tables from flexible database
2025-12-10 10:11:33 - OTMS - INFO - Added 0 additional custom tables from location_config
2025-12-10 10:11:33 - OTMS - INFO - Attempting to load custom table 'audit_log'
2025-12-10 10:11:33 - OTMS - INFO - Reflecting table 'audit_log' from flex database...
2025-12-10 10:11:33 - OTMS - INFO - Successfully created model for table 'audit_log' from flex database
2025-12-10 10:11:33 - OTMS - INFO - Successfully loaded custom table model for 'audit_log'
2025-12-10 10:11:33 - OTMS - INFO - Retrieved 11 columns for data source 'audit_log'
2025-12-10 10:11:33 - OTMS - INFO - Attempting to load custom table 'audit_log'
2025-12-10 10:11:33 - OTMS - INFO - Reflecting table 'audit_log' from flex database...
2025-12-10 10:11:33 - OTMS - INFO - Successfully created model for table 'audit_log' from flex database
2025-12-10 10:11:33 - OTMS - INFO - Successfully loaded custom table model for 'audit_log'
2025-12-10 10:11:33 - OTMS - INFO - Retrieved 11 columns for data source 'audit_log'
2025-12-10 10:11:34 - OTMS - INFO - Loaded 68 tables from primary database
2025-12-10 10:11:34 - OTMS - INFO - Loaded 68 tables from flexible database
2025-12-10 10:11:34 - OTMS - INFO - Added 0 additional custom tables from location_config
2025-12-10 10:11:34 - OTMS - INFO - Attempting to load custom table 'audit_log'
2025-12-10 10:11:34 - OTMS - INFO - Reflecting table 'audit_log' from flex database...
2025-12-10 10:11:34 - OTMS - INFO - Successfully created model for table 'audit_log' from flex database
2025-12-10 10:11:34 - OTMS - INFO - Successfully loaded custom table model for 'audit_log'
2025-12-10 10:11:34 - OTMS - INFO - Retrieved 11 columns for data source 'audit_log'
2025-12-10 10:11:34 - OTMS - INFO - Attempting to load custom table 'audit_log'
2025-12-10 10:11:34 - OTMS - INFO - Reflecting table 'audit_log' from flex database...
2025-12-10 10:11:34 - OTMS - INFO - Successfully created model for table 'audit_log' from flex database
2025-12-10 10:11:34 - OTMS - INFO - Successfully loaded custom table model for 'audit_log'
2025-12-10 10:11:34 - OTMS - INFO - Retrieved 11 columns for data source 'audit_log'
2025-12-10 10:11:36 - OTMS - INFO - Attempting to create custom table 'export_utapate_terminal_export_data_tulja_kalyani' for location_id=9
2025-12-10 10:11:36 - OTMS - INFO - Database connection verified for table 'export_utapate_terminal_export_data_tulja_kalyani' creation
2025-12-10 10:11:36 - OTMS - INFO - Table 'export_utapate_terminal_export_data_tulja_kalyani' does not exist. Creating new table...
2025-12-10 10:11:36 - OTMS - INFO - Processing 5 custom column definitions for table 'export_utapate_terminal_export_data_tulja_kalyani'
2025-12-10 10:11:36 - OTMS - INFO - Added column 'bl_date_utapate' (date) to table 'export_utapate_terminal_export_data_tulja_kalyani'
2025-12-10 10:11:36 - OTMS - INFO - Added column 'vessel_name' (text) to table 'export_utapate_terminal_export_data_tulja_kalyani'
2025-12-10 10:11:36 - OTMS - INFO - Added column 'quantity_bbls' (number) to table 'export_utapate_terminal_export_data_tulja_kalyani'
2025-12-10 10:11:36 - OTMS - INFO - Added column 'consignor' (text) to table 'export_utapate_terminal_export_data_tulja_kalyani'
2025-12-10 10:11:36 - OTMS - INFO - Added column 'consignee' (text) to table 'export_utapate_terminal_export_data_tulja_kalyani'
2025-12-10 10:11:36 - OTMS - INFO - Creating table 'export_utapate_terminal_export_data_tulja_kalyani' with 12 columns in database...
2025-12-10 10:11:36 - OTMS - INFO - ✅ Successfully created table 'export_utapate_terminal_export_data_tulja_kalyani'
2025-12-10 10:11:36 - OTMS - INFO - Loaded 69 tables from primary database
2025-12-10 10:11:36 - OTMS - INFO - Loaded 69 tables from flexible database
2025-12-10 10:11:36 - OTMS - INFO - Added 0 additional custom tables from location_config
2025-12-10 10:11:36 - OTMS - INFO - Attempting to load custom table 'export_utapate_terminal_export_data_tulja_kalyani'
2025-12-10 10:11:36 - OTMS - INFO - Reflecting table 'export_utapate_terminal_export_data_tulja_kalyani' from flex database...
2025-12-10 10:11:36 - OTMS - INFO - Successfully created model for table 'export_utapate_terminal_export_data_tulja_kalyani' from flex database
2025-12-10 10:11:36 - OTMS - INFO - Successfully loaded custom table model for 'export_utapate_terminal_export_data_tulja_kalyani'
2025-12-10 10:11:36 - OTMS - INFO - Retrieved 12 columns for data source 'export_utapate_terminal_export_data_tulja_kalyani'
2025-12-10 10:11:36 - OTMS - INFO - Attempting to load custom table 'audit_log'
2025-12-10 10:11:36 - OTMS - INFO - Reflecting table 'audit_log' from flex database...
2025-12-10 10:11:36 - OTMS - INFO - Successfully created model for table 'audit_log' from flex database
2025-12-10 10:11:36 - OTMS - INFO - Successfully loaded custom table model for 'audit_log'
2025-12-10 10:11:36 - OTMS - INFO - Retrieved 11 columns for data source 'audit_log'
2025-12-10 10:11:50 - OTMS - INFO - Loaded 69 tables from primary database
2025-12-10 10:11:50 - OTMS - INFO - Loaded 69 tables from flexible database
2025-12-10 10:11:50 - OTMS - INFO - Added 0 additional custom tables from location_config
2025-12-10 10:11:50 - OTMS - INFO - Attempting to load custom table 'export_utapate_terminal_export_data_tulja_kalyani'
2025-12-10 10:11:50 - OTMS - INFO - Reflecting table 'export_utapate_terminal_export_data_tulja_kalyani' from flex database...
2025-12-10 10:11:50 - OTMS - INFO - Successfully created model for table 'export_utapate_terminal_export_data_tulja_kalyani' from flex database
2025-12-10 10:11:50 - OTMS - INFO - Successfully loaded custom table model for 'export_utapate_terminal_export_data_tulja_kalyani'
2025-12-10 10:11:50 - OTMS - INFO - Retrieved 12 columns for data source 'export_utapate_terminal_export_data_tulja_kalyani'
2025-12-10 10:11:50 - OTMS - INFO - Attempting to load custom table 'audit_log'
2025-12-10 10:11:50 - OTMS - INFO - Reflecting table 'audit_log' from flex database...
2025-12-10 10:11:50 - OTMS - INFO - Successfully created model for table 'audit_log' from flex database
2025-12-10 10:11:50 - OTMS - INFO - Successfully loaded custom table model for 'audit_log'
2025-12-10 10:11:50 - OTMS - INFO - Retrieved 11 columns for data source 'audit_log'
2025-12-10 10:15:41 - OTMS - INFO - Reflecting table 'flex_meters_2' from flex database...
2025-12-10 10:15:41 - OTMS - INFO - Successfully created model for table 'flex_meters_2' from flex database
2025-12-10 10:15:44 - OTMS - INFO - Reflecting table 'flex_produced_water_2' from flex database...
2025-12-10 10:15:44 - OTMS - INFO - Successfully created model for table 'flex_produced_water_2' from flex database
2025-12-10 10:15:49 - OTMS - INFO - Reflecting table 'flex_meters_2' from flex database...
2025-12-10 10:15:49 - OTMS - INFO - Successfully created model for table 'flex_meters_2' from flex database
2025-12-10 10:15:49 - OTMS - INFO - Reflecting table 'flex_produced_water_2' from flex database...
2025-12-10 10:15:49 - OTMS - INFO - Successfully created model for table 'flex_produced_water_2' from flex database
2025-12-10 10:15:51 - OTMS - INFO - Reflecting table 'flex_meters_2' from flex database...
2025-12-10 10:15:51 - OTMS - INFO - Successfully created model for table 'flex_meters_2' from flex database
2025-12-10 10:15:51 - OTMS - INFO - Reflecting table 'flex_produced_water_2' from flex database...
2025-12-10 10:15:51 - OTMS - INFO - Successfully created model for table 'flex_produced_water_2' from flex database
2025-12-10 10:15:53 - OTMS - INFO - Reflecting table 'flex_meters_2' from flex database...
2025-12-10 10:15:53 - OTMS - INFO - Successfully created model for table 'flex_meters_2' from flex database
2025-12-10 10:15:53 - OTMS - INFO - Reflecting table 'flex_produced_water_2' from flex database...
2025-12-10 10:15:53 - OTMS - INFO - Successfully created model for table 'flex_produced_water_2' from flex database
2025-12-10 10:15:58 - OTMS - INFO - Reflecting table 'flex_meters_2' from flex database...
2025-12-10 10:15:58 - OTMS - INFO - Successfully created model for table 'flex_meters_2' from flex database
2025-12-10 10:15:58 - OTMS - INFO - Reflecting table 'flex_produced_water_2' from flex database...
2025-12-10 10:15:58 - OTMS - INFO - Successfully created model for table 'flex_produced_water_2' from flex database
2025-12-10 10:16:08 - OTMS - INFO - Reflecting table 'flex_meters_2' from flex database...
2025-12-10 10:16:08 - OTMS - INFO - Successfully created model for table 'flex_meters_2' from flex database
2025-12-10 10:16:08 - OTMS - INFO - Reflecting table 'flex_produced_water_2' from flex database...
2025-12-10 10:16:08 - OTMS - INFO - Successfully created model for table 'flex_produced_water_2' from flex database
2025-12-10 10:16:44 - OTMS - INFO - Reflecting table 'flex_meters_2' from flex database...
2025-12-10 10:16:44 - OTMS - INFO - Successfully created model for table 'flex_meters_2' from flex database
2025-12-10 10:16:44 - OTMS - INFO - Reflecting table 'flex_produced_water_2' from flex database...
2025-12-10 10:16:44 - OTMS - INFO - Successfully created model for table 'flex_produced_water_2' from flex database
2025-12-10 10:17:23 - OTMS - INFO - Reflecting table 'flex_meters_2' from flex database...
2025-12-10 10:17:23 - OTMS - INFO - Successfully created model for table 'flex_meters_2' from flex database
2025-12-10 10:17:23 - OTMS - INFO - Reflecting table 'flex_produced_water_2' from flex database...
2025-12-10 10:17:23 - OTMS - INFO - Successfully created model for table 'flex_produced_water_2' from flex database
2025-12-10 10:17:26 - OTMS - INFO - Reflecting table 'flex_meters_2' from flex database...
2025-12-10 10:17:26 - OTMS - INFO - Successfully created model for table 'flex_meters_2' from flex database
2025-12-10 10:17:26 - OTMS - INFO - Reflecting table 'flex_produced_water_2' from flex database...
2025-12-10 10:17:26 - OTMS - INFO - Successfully created model for table 'flex_produced_water_2' from flex database
2025-12-10 10:17:32 - OTMS - INFO - Reflecting table 'flex_meters_2' from flex database...
2025-12-10 10:17:32 - OTMS - INFO - Successfully created model for table 'flex_meters_2' from flex database
2025-12-10 10:17:32 - OTMS - INFO - Reflecting table 'flex_produced_water_2' from flex database...
2025-12-10 10:17:32 - OTMS - INFO - Successfully created model for table 'flex_produced_water_2' from flex database
2025-12-10 10:17:36 - OTMS - INFO - Reflecting table 'flex_meters_2' from flex database...
2025-12-10 10:17:36 - OTMS - INFO - Successfully created model for table 'flex_meters_2' from flex database
2025-12-10 10:17:37 - OTMS - INFO - Reflecting table 'flex_produced_water_2' from flex database...
2025-12-10 10:17:37 - OTMS - INFO - Successfully created model for table 'flex_produced_water_2' from flex database
2025-12-10 10:23:47 - OTMS - INFO - Loaded 69 tables from primary database
2025-12-10 10:23:47 - OTMS - INFO - Loaded 69 tables from flexible database
2025-12-10 10:23:47 - OTMS - INFO - Added 0 additional custom tables from location_config
2025-12-10 10:23:47 - OTMS - INFO - Attempting to load custom table 'export_utapate_terminal_export_data_tulja_kalyani'
2025-12-10 10:23:47 - OTMS - INFO - Reflecting table 'export_utapate_terminal_export_data_tulja_kalyani' from flex database...
2025-12-10 10:23:47 - OTMS - INFO - Successfully created model for table 'export_utapate_terminal_export_data_tulja_kalyani' from flex database
2025-12-10 10:23:47 - OTMS - INFO - Successfully loaded custom table model for 'export_utapate_terminal_export_data_tulja_kalyani'
2025-12-10 10:23:47 - OTMS - INFO - Retrieved 12 columns for data source 'export_utapate_terminal_export_data_tulja_kalyani'
2025-12-10 10:23:48 - OTMS - INFO - Attempting to load custom table 'audit_log'
2025-12-10 10:23:48 - OTMS - INFO - Reflecting table 'audit_log' from flex database...
2025-12-10 10:23:48 - OTMS - INFO - Successfully created model for table 'audit_log' from flex database
2025-12-10 10:23:48 - OTMS - INFO - Successfully loaded custom table model for 'audit_log'
2025-12-10 10:23:48 - OTMS - INFO - Retrieved 11 columns for data source 'audit_log'
2025-12-10 10:23:56 - OTMS - INFO - Loaded 69 tables from primary database
2025-12-10 10:23:56 - OTMS - INFO - Loaded 69 tables from flexible database
2025-12-10 10:23:56 - OTMS - INFO - Added 0 additional custom tables from location_config
2025-12-10 10:23:56 - OTMS - INFO - Attempting to load custom table 'export_utapate_terminal_export_data_tulja_kalyani'
2025-12-10 10:23:56 - OTMS - INFO - Reflecting table 'export_utapate_terminal_export_data_tulja_kalyani' from flex database...
2025-12-10 10:23:56 - OTMS - INFO - Successfully created model for table 'export_utapate_terminal_export_data_tulja_kalyani' from flex database
2025-12-10 10:23:56 - OTMS - INFO - Successfully loaded custom table model for 'export_utapate_terminal_export_data_tulja_kalyani'
2025-12-10 10:23:56 - OTMS - INFO - Retrieved 12 columns for data source 'export_utapate_terminal_export_data_tulja_kalyani'
2025-12-10 10:23:56 - OTMS - INFO - Attempting to load custom table 'audit_log'
2025-12-10 10:23:56 - OTMS - INFO - Reflecting table 'audit_log' from flex database...
2025-12-10 10:23:56 - OTMS - INFO - Successfully created model for table 'audit_log' from flex database
2025-12-10 10:23:56 - OTMS - INFO - Successfully loaded custom table model for 'audit_log'
2025-12-10 10:23:56 - OTMS - INFO - Retrieved 11 columns for data source 'audit_log'
2025-12-10 10:24:09 - OTMS - INFO - Loaded 69 tables from primary database
2025-12-10 10:24:09 - OTMS - INFO - Loaded 69 tables from flexible database
2025-12-10 10:24:09 - OTMS - INFO - Added 0 additional custom tables from location_config
2025-12-10 10:24:09 - OTMS - INFO - Attempting to load custom table 'export_utapate_terminal_export_data_tulja_kalyani'
2025-12-10 10:24:09 - OTMS - INFO - Reflecting table 'export_utapate_terminal_export_data_tulja_kalyani' from flex database...
2025-12-10 10:24:09 - OTMS - INFO - Successfully created model for table 'export_utapate_terminal_export_data_tulja_kalyani' from flex database
2025-12-10 10:24:09 - OTMS - INFO - Successfully loaded custom table model for 'export_utapate_terminal_export_data_tulja_kalyani'
2025-12-10 10:24:09 - OTMS - INFO - Retrieved 12 columns for data source 'export_utapate_terminal_export_data_tulja_kalyani'
2025-12-10 10:24:09 - OTMS - INFO - Attempting to load custom table 'audit_log'
2025-12-10 10:24:09 - OTMS - INFO - Reflecting table 'audit_log' from flex database...
2025-12-10 10:24:09 - OTMS - INFO - Successfully created model for table 'audit_log' from flex database
2025-12-10 10:24:09 - OTMS - INFO - Successfully loaded custom table model for 'audit_log'
2025-12-10 10:24:09 - OTMS - INFO - Retrieved 11 columns for data source 'audit_log'
2025-12-10 10:24:13 - OTMS - INFO - Loaded 69 tables from primary database
2025-12-10 10:24:13 - OTMS - INFO - Loaded 69 tables from flexible database
2025-12-10 10:24:13 - OTMS - INFO - Added 0 additional custom tables from location_config
2025-12-10 10:24:13 - OTMS - INFO - Attempting to load custom table 'export_utapate_terminal_export_data_tulja_kalyani'
2025-12-10 10:24:13 - OTMS - INFO - Reflecting table 'export_utapate_terminal_export_data_tulja_kalyani' from flex database...
2025-12-10 10:24:13 - OTMS - INFO - Successfully created model for table 'export_utapate_terminal_export_data_tulja_kalyani' from flex database
2025-12-10 10:24:13 - OTMS - INFO - Successfully loaded custom table model for 'export_utapate_terminal_export_data_tulja_kalyani'
2025-12-10 10:24:13 - OTMS - INFO - Retrieved 12 columns for data source 'export_utapate_terminal_export_data_tulja_kalyani'
2025-12-10 10:24:13 - OTMS - INFO - Attempting to load custom table 'audit_log'
2025-12-10 10:24:13 - OTMS - INFO - Reflecting table 'audit_log' from flex database...
2025-12-10 10:24:13 - OTMS - INFO - Successfully created model for table 'audit_log' from flex database
2025-12-10 10:24:13 - OTMS - INFO - Successfully loaded custom table model for 'audit_log'
2025-12-10 10:24:13 - OTMS - INFO - Retrieved 11 columns for data source 'audit_log'
2025-12-10 10:24:19 - OTMS - INFO - Loaded 69 tables from primary database
2025-12-10 10:24:19 - OTMS - INFO - Loaded 69 tables from flexible database
2025-12-10 10:24:19 - OTMS - INFO - Added 0 additional custom tables from location_config
2025-12-10 10:24:19 - OTMS - INFO - Attempting to load custom table 'export_utapate_terminal_export_data_tulja_kalyani'
2025-12-10 10:24:19 - OTMS - INFO - Reflecting table 'export_utapate_terminal_export_data_tulja_kalyani' from flex database...
2025-12-10 10:24:19 - OTMS - INFO - Successfully created model for table 'export_utapate_terminal_export_data_tulja_kalyani' from flex database
2025-12-10 10:24:19 - OTMS - INFO - Successfully loaded custom table model for 'export_utapate_terminal_export_data_tulja_kalyani'
2025-12-10 10:24:19 - OTMS - INFO - Retrieved 12 columns for data source 'export_utapate_terminal_export_data_tulja_kalyani'
2025-12-10 10:24:19 - OTMS - INFO - Attempting to load custom table 'audit_log'
2025-12-10 10:24:19 - OTMS - INFO - Reflecting table 'audit_log' from flex database...
2025-12-10 10:24:19 - OTMS - INFO - Successfully created model for table 'audit_log' from flex database
2025-12-10 10:24:19 - OTMS - INFO - Successfully loaded custom table model for 'audit_log'
2025-12-10 10:24:19 - OTMS - INFO - Retrieved 11 columns for data source 'audit_log'
2025-12-10 10:24:22 - OTMS - INFO - Loaded 69 tables from primary database
2025-12-10 10:24:22 - OTMS - INFO - Loaded 69 tables from flexible database
2025-12-10 10:24:22 - OTMS - INFO - Added 0 additional custom tables from location_config
2025-12-10 10:24:22 - OTMS - INFO - Attempting to load custom table 'export_utapate_terminal_export_data_tulja_kalyani'
2025-12-10 10:24:22 - OTMS - INFO - Reflecting table 'export_utapate_terminal_export_data_tulja_kalyani' from flex database...
2025-12-10 10:24:22 - OTMS - INFO - Successfully created model for table 'export_utapate_terminal_export_data_tulja_kalyani' from flex database
2025-12-10 10:24:22 - OTMS - INFO - Successfully loaded custom table model for 'export_utapate_terminal_export_data_tulja_kalyani'
2025-12-10 10:24:22 - OTMS - INFO - Retrieved 12 columns for data source 'export_utapate_terminal_export_data_tulja_kalyani'
2025-12-10 10:24:22 - OTMS - INFO - Attempting to load custom table 'audit_log'
2025-12-10 10:24:22 - OTMS - INFO - Reflecting table 'audit_log' from flex database...
2025-12-10 10:24:22 - OTMS - INFO - Successfully created model for table 'audit_log' from flex database
2025-12-10 10:24:22 - OTMS - INFO - Successfully loaded custom table model for 'audit_log'
2025-12-10 10:24:22 - OTMS - INFO - Retrieved 11 columns for data source 'audit_log'
2025-12-10 10:24:24 - OTMS - INFO - Loaded 69 tables from primary database
2025-12-10 10:24:24 - OTMS - INFO - Loaded 69 tables from flexible database
2025-12-10 10:24:24 - OTMS - INFO - Added 0 additional custom tables from location_config
2025-12-10 10:24:24 - OTMS - INFO - Attempting to load custom table 'export_utapate_terminal_export_data_tulja_kalyani'
2025-12-10 10:24:24 - OTMS - INFO - Reflecting table 'export_utapate_terminal_export_data_tulja_kalyani' from flex database...
2025-12-10 10:24:24 - OTMS - INFO - Successfully created model for table 'export_utapate_terminal_export_data_tulja_kalyani' from flex database
2025-12-10 10:24:24 - OTMS - INFO - Successfully loaded custom table model for 'export_utapate_terminal_export_data_tulja_kalyani'
2025-12-10 10:24:24 - OTMS - INFO - Retrieved 12 columns for data source 'export_utapate_terminal_export_data_tulja_kalyani'
2025-12-10 10:24:24 - OTMS - INFO - Attempting to load custom table 'audit_log'
2025-12-10 10:24:24 - OTMS - INFO - Reflecting table 'audit_log' from flex database...
2025-12-10 10:24:24 - OTMS - INFO - Successfully created model for table 'audit_log' from flex database
2025-12-10 10:24:24 - OTMS - INFO - Successfully loaded custom table model for 'audit_log'
2025-12-10 10:24:24 - OTMS - INFO - Retrieved 11 columns for data source 'audit_log'
2025-12-10 10:24:26 - OTMS - INFO - Loaded 69 tables from primary database
2025-12-10 10:24:26 - OTMS - INFO - Loaded 69 tables from flexible database
2025-12-10 10:24:26 - OTMS - INFO - Added 0 additional custom tables from location_config
2025-12-10 10:24:26 - OTMS - INFO - Attempting to load custom table 'export_utapate_terminal_export_data_tulja_kalyani'
2025-12-10 10:24:26 - OTMS - INFO - Reflecting table 'export_utapate_terminal_export_data_tulja_kalyani' from flex database...
2025-12-10 10:24:26 - OTMS - INFO - Successfully created model for table 'export_utapate_terminal_export_data_tulja_kalyani' from flex database
2025-12-10 10:24:26 - OTMS - INFO - Successfully loaded custom table model for 'export_utapate_terminal_export_data_tulja_kalyani'
2025-12-10 10:24:26 - OTMS - INFO - Retrieved 12 columns for data source 'export_utapate_terminal_export_data_tulja_kalyani'
2025-12-10 10:24:26 - OTMS - INFO - Attempting to load custom table 'audit_log'
2025-12-10 10:24:26 - OTMS - INFO - Reflecting table 'audit_log' from flex database...
2025-12-10 10:24:26 - OTMS - INFO - Successfully created model for table 'audit_log' from flex database
2025-12-10 10:24:26 - OTMS - INFO - Successfully loaded custom table model for 'audit_log'
2025-12-10 10:24:26 - OTMS - INFO - Retrieved 11 columns for data source 'audit_log'
2025-12-10 10:24:30 - OTMS - INFO - Loaded 69 tables from primary database
2025-12-10 10:24:30 - OTMS - INFO - Loaded 69 tables from flexible database
2025-12-10 10:24:30 - OTMS - INFO - Added 0 additional custom tables from location_config
2025-12-10 10:24:30 - OTMS - INFO - Attempting to load custom table 'export_utapate_terminal_export_data_tulja_kalyani'
2025-12-10 10:24:30 - OTMS - INFO - Reflecting table 'export_utapate_terminal_export_data_tulja_kalyani' from flex database...
2025-12-10 10:24:30 - OTMS - INFO - Successfully created model for table 'export_utapate_terminal_export_data_tulja_kalyani' from flex database
2025-12-10 10:24:30 - OTMS - INFO - Successfully loaded custom table model for 'export_utapate_terminal_export_data_tulja_kalyani'
2025-12-10 10:24:30 - OTMS - INFO - Retrieved 12 columns for data source 'export_utapate_terminal_export_data_tulja_kalyani'
2025-12-10 10:24:30 - OTMS - INFO - Attempting to load custom table 'audit_log'
2025-12-10 10:24:30 - OTMS - INFO - Reflecting table 'audit_log' from flex database...
2025-12-10 10:24:30 - OTMS - INFO - Successfully created model for table 'audit_log' from flex database
2025-12-10 10:24:30 - OTMS - INFO - Successfully loaded custom table model for 'audit_log'
2025-12-10 10:24:30 - OTMS - INFO - Retrieved 11 columns for data source 'audit_log'
2025-12-10 10:24:45 - OTMS - INFO - Loaded 69 tables from primary database
2025-12-10 10:24:45 - OTMS - INFO - Loaded 69 tables from flexible database
2025-12-10 10:24:45 - OTMS - INFO - Added 0 additional custom tables from location_config
2025-12-10 10:24:45 - OTMS - INFO - Attempting to load custom table 'export_utapate_terminal_export_data_tulja_kalyani'
2025-12-10 10:24:45 - OTMS - INFO - Reflecting table 'export_utapate_terminal_export_data_tulja_kalyani' from flex database...
2025-12-10 10:24:45 - OTMS - INFO - Successfully created model for table 'export_utapate_terminal_export_data_tulja_kalyani' from flex database
2025-12-10 10:24:45 - OTMS - INFO - Successfully loaded custom table model for 'export_utapate_terminal_export_data_tulja_kalyani'
2025-12-10 10:24:45 - OTMS - INFO - Retrieved 12 columns for data source 'export_utapate_terminal_export_data_tulja_kalyani'
2025-12-10 10:24:45 - OTMS - INFO - Attempting to load custom table 'audit_log'
2025-12-10 10:24:45 - OTMS - INFO - Reflecting table 'audit_log' from flex database...
2025-12-10 10:24:45 - OTMS - INFO - Successfully created model for table 'audit_log' from flex database
2025-12-10 10:24:45 - OTMS - INFO - Successfully loaded custom table model for 'audit_log'
2025-12-10 10:24:45 - OTMS - INFO - Retrieved 11 columns for data source 'audit_log'
2025-12-10 10:24:47 - OTMS - INFO - Loaded 69 tables from primary database
2025-12-10 10:24:47 - OTMS - INFO - Loaded 69 tables from flexible database
2025-12-10 10:24:47 - OTMS - INFO - Added 0 additional custom tables from location_config
2025-12-10 10:24:47 - OTMS - INFO - Attempting to load custom table 'export_utapate_terminal_export_data_tulja_kalyani'
2025-12-10 10:24:47 - OTMS - INFO - Reflecting table 'export_utapate_terminal_export_data_tulja_kalyani' from flex database...
2025-12-10 10:24:47 - OTMS - INFO - Successfully created model for table 'export_utapate_terminal_export_data_tulja_kalyani' from flex database
2025-12-10 10:24:47 - OTMS - INFO - Successfully loaded custom table model for 'export_utapate_terminal_export_data_tulja_kalyani'
2025-12-10 10:24:47 - OTMS - INFO - Retrieved 12 columns for data source 'export_utapate_terminal_export_data_tulja_kalyani'
2025-12-10 10:24:48 - OTMS - INFO - Attempting to load custom table 'audit_log'
2025-12-10 10:24:48 - OTMS - INFO - Reflecting table 'audit_log' from flex database...
2025-12-10 10:24:48 - OTMS - INFO - Successfully created model for table 'audit_log' from flex database
2025-12-10 10:24:48 - OTMS - INFO - Successfully loaded custom table model for 'audit_log'
2025-12-10 10:24:48 - OTMS - INFO - Retrieved 11 columns for data source 'audit_log'
2025-12-10 10:24:52 - OTMS - INFO - Loaded 69 tables from primary database
2025-12-10 10:24:52 - OTMS - INFO - Loaded 69 tables from flexible database
2025-12-10 10:24:52 - OTMS - INFO - Added 0 additional custom tables from location_config
2025-12-10 10:24:52 - OTMS - INFO - Attempting to load custom table 'export_utapate_terminal_export_data_tulja_kalyani'
2025-12-10 10:24:52 - OTMS - INFO - Reflecting table 'export_utapate_terminal_export_data_tulja_kalyani' from flex database...
2025-12-10 10:24:52 - OTMS - INFO - Successfully created model for table 'export_utapate_terminal_export_data_tulja_kalyani' from flex database
2025-12-10 10:24:52 - OTMS - INFO - Successfully loaded custom table model for 'export_utapate_terminal_export_data_tulja_kalyani'
2025-12-10 10:24:52 - OTMS - INFO - Retrieved 12 columns for data source 'export_utapate_terminal_export_data_tulja_kalyani'
2025-12-10 10:24:52 - OTMS - INFO - Attempting to load custom table 'audit_log'
2025-12-10 10:24:52 - OTMS - INFO - Reflecting table 'audit_log' from flex database...
2025-12-10 10:24:52 - OTMS - INFO - Successfully created model for table 'audit_log' from flex database
2025-12-10 10:24:52 - OTMS - INFO - Successfully loaded custom table model for 'audit_log'
2025-12-10 10:24:52 - OTMS - INFO - Retrieved 11 columns for data source 'audit_log'
2025-12-10 10:24:56 - OTMS - INFO - Loaded 69 tables from primary database
2025-12-10 10:24:56 - OTMS - INFO - Loaded 69 tables from flexible database
2025-12-10 10:24:56 - OTMS - INFO - Added 0 additional custom tables from location_config
2025-12-10 10:24:56 - OTMS - INFO - Attempting to load custom table 'export_utapate_terminal_export_data_tulja_kalyani'
2025-12-10 10:24:56 - OTMS - INFO - Reflecting table 'export_utapate_terminal_export_data_tulja_kalyani' from flex database...
2025-12-10 10:24:56 - OTMS - INFO - Successfully created model for table 'export_utapate_terminal_export_data_tulja_kalyani' from flex database
2025-12-10 10:24:56 - OTMS - INFO - Successfully loaded custom table model for 'export_utapate_terminal_export_data_tulja_kalyani'
2025-12-10 10:24:56 - OTMS - INFO - Retrieved 12 columns for data source 'export_utapate_terminal_export_data_tulja_kalyani'
2025-12-10 10:24:56 - OTMS - INFO - Attempting to load custom table 'audit_log'
2025-12-10 10:24:56 - OTMS - INFO - Reflecting table 'audit_log' from flex database...
2025-12-10 10:24:56 - OTMS - INFO - Successfully created model for table 'audit_log' from flex database
2025-12-10 10:24:56 - OTMS - INFO - Successfully loaded custom table model for 'audit_log'
2025-12-10 10:24:56 - OTMS - INFO - Retrieved 11 columns for data source 'audit_log'
2025-12-10 10:24:59 - OTMS - INFO - Loaded 69 tables from primary database
2025-12-10 10:24:59 - OTMS - INFO - Loaded 69 tables from flexible database
2025-12-10 10:24:59 - OTMS - INFO - Added 0 additional custom tables from location_config
2025-12-10 10:24:59 - OTMS - INFO - Attempting to load custom table 'export_utapate_terminal_export_data_tulja_kalyani'
2025-12-10 10:24:59 - OTMS - INFO - Reflecting table 'export_utapate_terminal_export_data_tulja_kalyani' from flex database...
2025-12-10 10:24:59 - OTMS - INFO - Successfully created model for table 'export_utapate_terminal_export_data_tulja_kalyani' from flex database
2025-12-10 10:24:59 - OTMS - INFO - Successfully loaded custom table model for 'export_utapate_terminal_export_data_tulja_kalyani'
2025-12-10 10:24:59 - OTMS - INFO - Retrieved 12 columns for data source 'export_utapate_terminal_export_data_tulja_kalyani'
2025-12-10 10:24:59 - OTMS - INFO - Attempting to load custom table 'audit_log'
2025-12-10 10:24:59 - OTMS - INFO - Reflecting table 'audit_log' from flex database...
2025-12-10 10:24:59 - OTMS - INFO - Successfully created model for table 'audit_log' from flex database
2025-12-10 10:24:59 - OTMS - INFO - Successfully loaded custom table model for 'audit_log'
2025-12-10 10:24:59 - OTMS - INFO - Retrieved 11 columns for data source 'audit_log'
2025-12-10 10:25:04 - OTMS - INFO - Loaded 69 tables from primary database
2025-12-10 10:25:04 - OTMS - INFO - Loaded 69 tables from flexible database
2025-12-10 10:25:04 - OTMS - INFO - Added 0 additional custom tables from location_config
2025-12-10 10:25:04 - OTMS - INFO - Attempting to load custom table 'export_utapate_terminal_export_data_tulja_kalyani'
2025-12-10 10:25:04 - OTMS - INFO - Reflecting table 'export_utapate_terminal_export_data_tulja_kalyani' from flex database...
2025-12-10 10:25:04 - OTMS - INFO - Successfully created model for table 'export_utapate_terminal_export_data_tulja_kalyani' from flex database
2025-12-10 10:25:04 - OTMS - INFO - Successfully loaded custom table model for 'export_utapate_terminal_export_data_tulja_kalyani'
2025-12-10 10:25:04 - OTMS - INFO - Retrieved 12 columns for data source 'export_utapate_terminal_export_data_tulja_kalyani'
2025-12-10 10:25:04 - OTMS - INFO - Attempting to load custom table 'audit_log'
2025-12-10 10:25:04 - OTMS - INFO - Reflecting table 'audit_log' from flex database...
2025-12-10 10:25:04 - OTMS - INFO - Successfully created model for table 'audit_log' from flex database
2025-12-10 10:25:04 - OTMS - INFO - Successfully loaded custom table model for 'audit_log'
2025-12-10 10:25:04 - OTMS - INFO - Retrieved 11 columns for data source 'audit_log'
2025-12-10 10:25:11 - OTMS - INFO - Loaded 69 tables from primary database
2025-12-10 10:25:11 - OTMS - INFO - Loaded 69 tables from flexible database
2025-12-10 10:25:11 - OTMS - INFO - Added 0 additional custom tables from location_config
2025-12-10 10:25:11 - OTMS - INFO - Attempting to load custom table 'export_utapate_terminal_export_data_tulja_kalyani'
2025-12-10 10:25:11 - OTMS - INFO - Reflecting table 'export_utapate_terminal_export_data_tulja_kalyani' from flex database...
2025-12-10 10:25:11 - OTMS - INFO - Successfully created model for table 'export_utapate_terminal_export_data_tulja_kalyani' from flex database
2025-12-10 10:25:11 - OTMS - INFO - Successfully loaded custom table model for 'export_utapate_terminal_export_data_tulja_kalyani'
2025-12-10 10:25:11 - OTMS - INFO - Retrieved 12 columns for data source 'export_utapate_terminal_export_data_tulja_kalyani'
2025-12-10 10:25:11 - OTMS - INFO - Attempting to load custom table 'audit_log'
2025-12-10 10:25:11 - OTMS - INFO - Reflecting table 'audit_log' from flex database...
2025-12-10 10:25:11 - OTMS - INFO - Successfully created model for table 'audit_log' from flex database
2025-12-10 10:25:11 - OTMS - INFO - Successfully loaded custom table model for 'audit_log'
2025-12-10 10:25:11 - OTMS - INFO - Retrieved 11 columns for data source 'audit_log'
2025-12-10 10:25:13 - OTMS - INFO - Loaded 69 tables from primary database
2025-12-10 10:25:13 - OTMS - INFO - Loaded 69 tables from flexible database
2025-12-10 10:25:13 - OTMS - INFO - Added 0 additional custom tables from location_config
2025-12-10 10:25:13 - OTMS - INFO - Attempting to load custom table 'export_utapate_terminal_export_data_tulja_kalyani'
2025-12-10 10:25:13 - OTMS - INFO - Reflecting table 'export_utapate_terminal_export_data_tulja_kalyani' from flex database...
2025-12-10 10:25:13 - OTMS - INFO - Successfully created model for table 'export_utapate_terminal_export_data_tulja_kalyani' from flex database
2025-12-10 10:25:13 - OTMS - INFO - Successfully loaded custom table model for 'export_utapate_terminal_export_data_tulja_kalyani'
2025-12-10 10:25:13 - OTMS - INFO - Retrieved 12 columns for data source 'export_utapate_terminal_export_data_tulja_kalyani'
2025-12-10 10:25:13 - OTMS - INFO - Attempting to load custom table 'audit_log'
2025-12-10 10:25:13 - OTMS - INFO - Reflecting table 'audit_log' from flex database...
2025-12-10 10:25:13 - OTMS - INFO - Successfully created model for table 'audit_log' from flex database
2025-12-10 10:25:13 - OTMS - INFO - Successfully loaded custom table model for 'audit_log'
2025-12-10 10:25:13 - OTMS - INFO - Retrieved 11 columns for data source 'audit_log'
2025-12-10 10:25:17 - OTMS - INFO - Loaded 69 tables from primary database
2025-12-10 10:25:17 - OTMS - INFO - Loaded 69 tables from flexible database
2025-12-10 10:25:17 - OTMS - INFO - Added 0 additional custom tables from location_config
2025-12-10 10:25:17 - OTMS - INFO - Attempting to load custom table 'export_utapate_terminal_export_data_tulja_kalyani'
2025-12-10 10:25:17 - OTMS - INFO - Reflecting table 'export_utapate_terminal_export_data_tulja_kalyani' from flex database...
2025-12-10 10:25:17 - OTMS - INFO - Successfully created model for table 'export_utapate_terminal_export_data_tulja_kalyani' from flex database
2025-12-10 10:25:17 - OTMS - INFO - Successfully loaded custom table model for 'export_utapate_terminal_export_data_tulja_kalyani'
2025-12-10 10:25:17 - OTMS - INFO - Retrieved 12 columns for data source 'export_utapate_terminal_export_data_tulja_kalyani'
2025-12-10 10:25:17 - OTMS - INFO - Attempting to load custom table 'audit_log'
2025-12-10 10:25:17 - OTMS - INFO - Reflecting table 'audit_log' from flex database...
2025-12-10 10:25:17 - OTMS - INFO - Successfully created model for table 'audit_log' from flex database
2025-12-10 10:25:17 - OTMS - INFO - Successfully loaded custom table model for 'audit_log'
2025-12-10 10:25:17 - OTMS - INFO - Retrieved 11 columns for data source 'audit_log'
2025-12-10 10:25:23 - OTMS - INFO - Loaded 69 tables from primary database
2025-12-10 10:25:23 - OTMS - INFO - Loaded 69 tables from flexible database
2025-12-10 10:25:23 - OTMS - INFO - Added 0 additional custom tables from location_config
2025-12-10 10:25:23 - OTMS - INFO - Attempting to load custom table 'export_utapate_terminal_export_data_tulja_kalyani'
2025-12-10 10:25:23 - OTMS - INFO - Reflecting table 'export_utapate_terminal_export_data_tulja_kalyani' from flex database...
2025-12-10 10:25:23 - OTMS - INFO - Successfully created model for table 'export_utapate_terminal_export_data_tulja_kalyani' from flex database
2025-12-10 10:25:23 - OTMS - INFO - Successfully loaded custom table model for 'export_utapate_terminal_export_data_tulja_kalyani'
2025-12-10 10:25:23 - OTMS - INFO - Retrieved 12 columns for data source 'export_utapate_terminal_export_data_tulja_kalyani'
2025-12-10 10:25:23 - OTMS - INFO - Attempting to load custom table 'audit_log'
2025-12-10 10:25:23 - OTMS - INFO - Reflecting table 'audit_log' from flex database...
2025-12-10 10:25:23 - OTMS - INFO - Successfully created model for table 'audit_log' from flex database
2025-12-10 10:25:23 - OTMS - INFO - Successfully loaded custom table model for 'audit_log'
2025-12-10 10:25:23 - OTMS - INFO - Retrieved 11 columns for data source 'audit_log'
2025-12-10 10:25:25 - OTMS - INFO - Loaded 69 tables from primary database
2025-12-10 10:25:25 - OTMS - INFO - Loaded 69 tables from flexible database
2025-12-10 10:25:25 - OTMS - INFO - Added 0 additional custom tables from location_config
2025-12-10 10:25:25 - OTMS - INFO - Attempting to load custom table 'export_utapate_terminal_export_data_tulja_kalyani'
2025-12-10 10:25:25 - OTMS - INFO - Reflecting table 'export_utapate_terminal_export_data_tulja_kalyani' from flex database...
2025-12-10 10:25:25 - OTMS - INFO - Successfully created model for table 'export_utapate_terminal_export_data_tulja_kalyani' from flex database
2025-12-10 10:25:25 - OTMS - INFO - Successfully loaded custom table model for 'export_utapate_terminal_export_data_tulja_kalyani'
2025-12-10 10:25:25 - OTMS - INFO - Retrieved 12 columns for data source 'export_utapate_terminal_export_data_tulja_kalyani'
2025-12-10 10:25:25 - OTMS - INFO - Attempting to load custom table 'audit_log'
2025-12-10 10:25:25 - OTMS - INFO - Reflecting table 'audit_log' from flex database...
2025-12-10 10:25:25 - OTMS - INFO - Successfully created model for table 'audit_log' from flex database
2025-12-10 10:25:25 - OTMS - INFO - Successfully loaded custom table model for 'audit_log'
2025-12-10 10:25:25 - OTMS - INFO - Retrieved 11 columns for data source 'audit_log'
2025-12-10 10:25:26 - OTMS - INFO - Attempting to create custom table 'export_utapate_terminal_export_data_tulja_kalyani' for location_id=2
2025-12-10 10:25:26 - OTMS - INFO - Database connection verified for table 'export_utapate_terminal_export_data_tulja_kalyani' creation
2025-12-10 10:25:26 - OTMS - INFO - Table 'export_utapate_terminal_export_data_tulja_kalyani' already exists. Skipping creation.
2025-12-10 10:25:26 - OTMS - INFO - Loaded 69 tables from primary database
2025-12-10 10:25:26 - OTMS - INFO - Loaded 69 tables from flexible database
2025-12-10 10:25:26 - OTMS - INFO - Added 0 additional custom tables from location_config
2025-12-10 10:25:26 - OTMS - INFO - Attempting to load custom table 'export_utapate_terminal_export_data_tulja_kalyani'
2025-12-10 10:25:26 - OTMS - INFO - Reflecting table 'export_utapate_terminal_export_data_tulja_kalyani' from flex database...
2025-12-10 10:25:26 - OTMS - INFO - Successfully created model for table 'export_utapate_terminal_export_data_tulja_kalyani' from flex database
2025-12-10 10:25:26 - OTMS - INFO - Successfully loaded custom table model for 'export_utapate_terminal_export_data_tulja_kalyani'
2025-12-10 10:25:26 - OTMS - INFO - Retrieved 12 columns for data source 'export_utapate_terminal_export_data_tulja_kalyani'
2025-12-10 10:25:27 - OTMS - INFO - Attempting to load custom table 'audit_log'
2025-12-10 10:25:27 - OTMS - INFO - Reflecting table 'audit_log' from flex database...
2025-12-10 10:25:27 - OTMS - INFO - Successfully created model for table 'audit_log' from flex database
2025-12-10 10:25:27 - OTMS - INFO - Successfully loaded custom table model for 'audit_log'
2025-12-10 10:25:27 - OTMS - INFO - Retrieved 11 columns for data source 'audit_log'
2025-12-10 10:25:33 - OTMS - INFO - Reflecting table 'export_utapate_terminal_export_data_tulja_kalyani' from flex database...
2025-12-10 10:25:33 - OTMS - INFO - Successfully created model for table 'export_utapate_terminal_export_data_tulja_kalyani' from flex database
2025-12-10 10:26:25 - OTMS - INFO - Reflecting table 'export_utapate_terminal_export_data_tulja_kalyani' from flex database...
2025-12-10 10:26:25 - OTMS - INFO - Successfully created model for table 'export_utapate_terminal_export_data_tulja_kalyani' from flex database
2025-12-10 10:26:26 - OTMS - INFO - Reflecting table 'export_utapate_terminal_export_data_tulja_kalyani' from flex database...
2025-12-10 10:26:26 - OTMS - INFO - Successfully created model for table 'export_utapate_terminal_export_data_tulja_kalyani' from flex database
2025-12-10 10:35:15 - OTMS - INFO - Reflecting table 'export_utapate_terminal_export_data_tulja_kalyani' from flex database...
2025-12-10 10:35:15 - OTMS - INFO - Successfully created model for table 'export_utapate_terminal_export_data_tulja_kalyani' from flex database
2025-12-10 10:35:34 - OTMS - INFO - Reflecting table 'export_utapate_terminal_export_data_tulja_kalyani' from flex database...
2025-12-10 10:35:34 - OTMS - INFO - Successfully created model for table 'export_utapate_terminal_export_data_tulja_kalyani' from flex database
2025-12-10 10:38:15 - OTMS - INFO - Reflecting table 'export_utapate_terminal_export_data_tulja_kalyani' from flex database...
2025-12-10 10:38:15 - OTMS - INFO - Successfully created model for table 'export_utapate_terminal_export_data_tulja_kalyani' from flex database
2025-12-10 10:38:15 - OTMS - INFO - Reflecting table 'export_utapate_terminal_export_data_tulja_kalyani' from flex database...
2025-12-10 10:38:15 - OTMS - INFO - Successfully created model for table 'export_utapate_terminal_export_data_tulja_kalyani' from flex database
2025-12-10 10:41:14 - OTMS - INFO - Reflecting table 'export_utapate_terminal_export_data_tulja_kalyani' from flex database...
2025-12-10 10:41:14 - OTMS - INFO - Successfully created model for table 'export_utapate_terminal_export_data_tulja_kalyani' from flex database
2025-12-10 10:46:13 - OTMS - INFO - Reflecting table 'export_utapate_terminal_export_data_tulja_kalyani' from flex database...
2025-12-10 10:46:13 - OTMS - INFO - Successfully created model for table 'export_utapate_terminal_export_data_tulja_kalyani' from flex database
2025-12-10 10:46:15 - OTMS - INFO - Reflecting table 'export_utapate_terminal_export_data_tulja_kalyani' from flex database...
2025-12-10 10:46:15 - OTMS - INFO - Successfully created model for table 'export_utapate_terminal_export_data_tulja_kalyani' from flex database
2025-12-10 10:46:15 - OTMS - INFO - Reflecting table 'export_utapate_terminal_export_data_tulja_kalyani' from flex database...
2025-12-10 10:46:15 - OTMS - INFO - Successfully created model for table 'export_utapate_terminal_export_data_tulja_kalyani' from flex database
2025-12-10 10:46:17 - OTMS - INFO - Reflecting table 'export_utapate_terminal_export_data_tulja_kalyani' from flex database...
2025-12-10 10:46:17 - OTMS - INFO - Successfully created model for table 'export_utapate_terminal_export_data_tulja_kalyani' from flex database
2025-12-10 10:46:19 - OTMS - INFO - Reflecting table 'export_utapate_terminal_export_data_tulja_kalyani' from flex database...
2025-12-10 10:46:19 - OTMS - INFO - Successfully created model for table 'export_utapate_terminal_export_data_tulja_kalyani' from flex database
2025-12-10 10:46:19 - OTMS - INFO - Reflecting table 'export_utapate_terminal_export_data_tulja_kalyani' from flex database...
2025-12-10 10:46:19 - OTMS - INFO - Successfully created model for table 'export_utapate_terminal_export_data_tulja_kalyani' from flex database
2025-12-10 10:47:54 - OTMS - INFO - Reflecting table 'export_utapate_terminal_export_data_tulja_kalyani' from flex database...
2025-12-10 10:47:54 - OTMS - INFO - Successfully created model for table 'export_utapate_terminal_export_data_tulja_kalyani' from flex database
2025-12-10 10:48:03 - OTMS - INFO - Reflecting table 'export_utapate_terminal_export_data_tulja_kalyani' from flex database...
2025-12-10 10:48:03 - OTMS - INFO - Successfully created model for table 'export_utapate_terminal_export_data_tulja_kalyani' from flex database
2025-12-10 10:53:44 - OTMS - INFO - Reflecting table 'export_utapate_terminal_export_data_tulja_kalyani' from flex database...
2025-12-10 10:53:44 - OTMS - INFO - Successfully created model for table 'export_utapate_terminal_export_data_tulja_kalyani' from flex database
2025-12-10 10:54:02 - OTMS - INFO - Reflecting table 'export_utapate_terminal_export_data_tulja_kalyani' from flex database...
2025-12-10 10:54:02 - OTMS - INFO - Successfully created model for table 'export_utapate_terminal_export_data_tulja_kalyani' from flex database
2025-12-10 10:54:25 - OTMS - INFO - Reflecting table 'export_utapate_terminal_export_data_tulja_kalyani' from flex database...
2025-12-10 10:54:25 - OTMS - INFO - Successfully created model for table 'export_utapate_terminal_export_data_tulja_kalyani' from flex database
2025-12-10 10:54:38 - OTMS - INFO - Reflecting table 'export_utapate_terminal_export_data_tulja_kalyani' from flex database...
2025-12-10 10:54:38 - OTMS - INFO - Successfully created model for table 'export_utapate_terminal_export_data_tulja_kalyani' from flex database
2025-12-10 10:55:35 - OTMS - INFO - Loaded 69 tables from primary database
2025-12-10 10:55:35 - OTMS - INFO - Loaded 69 tables from flexible database
2025-12-10 10:55:35 - OTMS - INFO - Added 0 additional custom tables from location_config
2025-12-10 10:55:35 - OTMS - INFO - Attempting to load custom table 'export_utapate_terminal_export_data_tulja_kalyani'
2025-12-10 10:55:35 - OTMS - INFO - Reflecting table 'export_utapate_terminal_export_data_tulja_kalyani' from flex database...
2025-12-10 10:55:35 - OTMS - INFO - Successfully created model for table 'export_utapate_terminal_export_data_tulja_kalyani' from flex database
2025-12-10 10:55:35 - OTMS - INFO - Successfully loaded custom table model for 'export_utapate_terminal_export_data_tulja_kalyani'
2025-12-10 10:55:35 - OTMS - INFO - Retrieved 12 columns for data source 'export_utapate_terminal_export_data_tulja_kalyani'
2025-12-10 10:55:35 - OTMS - INFO - Attempting to load custom table 'audit_log'
2025-12-10 10:55:35 - OTMS - INFO - Reflecting table 'audit_log' from flex database...
2025-12-10 10:55:35 - OTMS - INFO - Successfully created model for table 'audit_log' from flex database
2025-12-10 10:55:35 - OTMS - INFO - Successfully loaded custom table model for 'audit_log'
2025-12-10 10:55:35 - OTMS - INFO - Retrieved 11 columns for data source 'audit_log'
2025-12-10 10:55:50 - OTMS - INFO - Loaded 69 tables from primary database
2025-12-10 10:55:50 - OTMS - INFO - Loaded 69 tables from flexible database
2025-12-10 10:55:50 - OTMS - INFO - Added 0 additional custom tables from location_config
2025-12-10 10:55:50 - OTMS - INFO - Attempting to load custom table 'export_utapate_terminal_export_data_tulja_kalyani'
2025-12-10 10:55:50 - OTMS - INFO - Reflecting table 'export_utapate_terminal_export_data_tulja_kalyani' from flex database...
2025-12-10 10:55:50 - OTMS - INFO - Successfully created model for table 'export_utapate_terminal_export_data_tulja_kalyani' from flex database
2025-12-10 10:55:50 - OTMS - INFO - Successfully loaded custom table model for 'export_utapate_terminal_export_data_tulja_kalyani'
2025-12-10 10:55:50 - OTMS - INFO - Retrieved 12 columns for data source 'export_utapate_terminal_export_data_tulja_kalyani'
2025-12-10 10:55:50 - OTMS - INFO - Attempting to load custom table 'audit_log'
2025-12-10 10:55:50 - OTMS - INFO - Reflecting table 'audit_log' from flex database...
2025-12-10 10:55:50 - OTMS - INFO - Successfully created model for table 'audit_log' from flex database
2025-12-10 10:55:50 - OTMS - INFO - Successfully loaded custom table model for 'audit_log'
2025-12-10 10:55:50 - OTMS - INFO - Retrieved 11 columns for data source 'audit_log'
2025-12-10 10:56:02 - OTMS - INFO - Loaded 69 tables from primary database
2025-12-10 10:56:02 - OTMS - INFO - Loaded 69 tables from flexible database
2025-12-10 10:56:02 - OTMS - INFO - Added 0 additional custom tables from location_config
2025-12-10 10:56:02 - OTMS - INFO - Attempting to load custom table 'export_utapate_terminal_export_data_tulja_kalyani'
2025-12-10 10:56:02 - OTMS - INFO - Reflecting table 'export_utapate_terminal_export_data_tulja_kalyani' from flex database...
2025-12-10 10:56:02 - OTMS - INFO - Successfully created model for table 'export_utapate_terminal_export_data_tulja_kalyani' from flex database
2025-12-10 10:56:02 - OTMS - INFO - Successfully loaded custom table model for 'export_utapate_terminal_export_data_tulja_kalyani'
2025-12-10 10:56:02 - OTMS - INFO - Retrieved 12 columns for data source 'export_utapate_terminal_export_data_tulja_kalyani'
2025-12-10 10:56:02 - OTMS - INFO - Attempting to load custom table 'audit_log'
2025-12-10 10:56:02 - OTMS - INFO - Reflecting table 'audit_log' from flex database...
2025-12-10 10:56:02 - OTMS - INFO - Successfully created model for table 'audit_log' from flex database
2025-12-10 10:56:02 - OTMS - INFO - Successfully loaded custom table model for 'audit_log'
2025-12-10 10:56:02 - OTMS - INFO - Retrieved 11 columns for data source 'audit_log'
2025-12-10 10:56:07 - OTMS - INFO - Loaded 69 tables from primary database
2025-12-10 10:56:07 - OTMS - INFO - Loaded 69 tables from flexible database
2025-12-10 10:56:07 - OTMS - INFO - Added 0 additional custom tables from location_config
2025-12-10 10:56:07 - OTMS - INFO - Attempting to load custom table 'export_utapate_terminal_export_data_tulja_kalyani'
2025-12-10 10:56:07 - OTMS - INFO - Reflecting table 'export_utapate_terminal_export_data_tulja_kalyani' from flex database...
2025-12-10 10:56:07 - OTMS - INFO - Successfully created model for table 'export_utapate_terminal_export_data_tulja_kalyani' from flex database
2025-12-10 10:56:07 - OTMS - INFO - Successfully loaded custom table model for 'export_utapate_terminal_export_data_tulja_kalyani'
2025-12-10 10:56:07 - OTMS - INFO - Retrieved 12 columns for data source 'export_utapate_terminal_export_data_tulja_kalyani'
2025-12-10 10:56:07 - OTMS - INFO - Attempting to load custom table 'audit_log'
2025-12-10 10:56:07 - OTMS - INFO - Reflecting table 'audit_log' from flex database...
2025-12-10 10:56:07 - OTMS - INFO - Successfully created model for table 'audit_log' from flex database
2025-12-10 10:56:07 - OTMS - INFO - Successfully loaded custom table model for 'audit_log'
2025-12-10 10:56:07 - OTMS - INFO - Retrieved 11 columns for data source 'audit_log'
2025-12-10 10:56:09 - OTMS - INFO - Loaded 69 tables from primary database
2025-12-10 10:56:09 - OTMS - INFO - Loaded 69 tables from flexible database
2025-12-10 10:56:09 - OTMS - INFO - Added 0 additional custom tables from location_config
2025-12-10 10:56:09 - OTMS - INFO - Attempting to load custom table 'export_utapate_terminal_export_data_tulja_kalyani'
2025-12-10 10:56:09 - OTMS - INFO - Reflecting table 'export_utapate_terminal_export_data_tulja_kalyani' from flex database...
2025-12-10 10:56:09 - OTMS - INFO - Successfully created model for table 'export_utapate_terminal_export_data_tulja_kalyani' from flex database
2025-12-10 10:56:09 - OTMS - INFO - Successfully loaded custom table model for 'export_utapate_terminal_export_data_tulja_kalyani'
2025-12-10 10:56:09 - OTMS - INFO - Retrieved 12 columns for data source 'export_utapate_terminal_export_data_tulja_kalyani'
2025-12-10 10:56:09 - OTMS - INFO - Attempting to load custom table 'audit_log'
2025-12-10 10:56:09 - OTMS - INFO - Reflecting table 'audit_log' from flex database...
2025-12-10 10:56:09 - OTMS - INFO - Successfully created model for table 'audit_log' from flex database
2025-12-10 10:56:09 - OTMS - INFO - Successfully loaded custom table model for 'audit_log'
2025-12-10 10:56:09 - OTMS - INFO - Retrieved 11 columns for data source 'audit_log'
2025-12-10 10:56:15 - OTMS - INFO - Loaded 69 tables from primary database
2025-12-10 10:56:15 - OTMS - INFO - Loaded 69 tables from flexible database
2025-12-10 10:56:15 - OTMS - INFO - Added 0 additional custom tables from location_config
2025-12-10 10:56:15 - OTMS - INFO - Attempting to load custom table 'export_utapate_terminal_export_data_tulja_kalyani'
2025-12-10 10:56:15 - OTMS - INFO - Reflecting table 'export_utapate_terminal_export_data_tulja_kalyani' from flex database...
2025-12-10 10:56:15 - OTMS - INFO - Successfully created model for table 'export_utapate_terminal_export_data_tulja_kalyani' from flex database
2025-12-10 10:56:15 - OTMS - INFO - Successfully loaded custom table model for 'export_utapate_terminal_export_data_tulja_kalyani'
2025-12-10 10:56:15 - OTMS - INFO - Retrieved 12 columns for data source 'export_utapate_terminal_export_data_tulja_kalyani'
2025-12-10 10:56:15 - OTMS - INFO - Attempting to load custom table 'audit_log'
2025-12-10 10:56:15 - OTMS - INFO - Reflecting table 'audit_log' from flex database...
2025-12-10 10:56:15 - OTMS - INFO - Successfully created model for table 'audit_log' from flex database
2025-12-10 10:56:15 - OTMS - INFO - Successfully loaded custom table model for 'audit_log'
2025-12-10 10:56:15 - OTMS - INFO - Retrieved 11 columns for data source 'audit_log'
2025-12-10 10:59:12 - OTMS - INFO - Loaded 69 tables from primary database
2025-12-10 10:59:12 - OTMS - INFO - Loaded 69 tables from flexible database
2025-12-10 10:59:12 - OTMS - INFO - Added 0 additional custom tables from location_config
2025-12-10 10:59:12 - OTMS - INFO - Attempting to load custom table 'export_utapate_terminal_export_data_tulja_kalyani'
2025-12-10 10:59:12 - OTMS - INFO - Reflecting table 'export_utapate_terminal_export_data_tulja_kalyani' from flex database...
2025-12-10 10:59:12 - OTMS - INFO - Successfully created model for table 'export_utapate_terminal_export_data_tulja_kalyani' from flex database
2025-12-10 10:59:12 - OTMS - INFO - Successfully loaded custom table model for 'export_utapate_terminal_export_data_tulja_kalyani'
2025-12-10 10:59:12 - OTMS - INFO - Retrieved 12 columns for data source 'export_utapate_terminal_export_data_tulja_kalyani'
2025-12-10 10:59:12 - OTMS - INFO - Attempting to load custom table 'audit_log'
2025-12-10 10:59:12 - OTMS - INFO - Reflecting table 'audit_log' from flex database...
2025-12-10 10:59:12 - OTMS - INFO - Successfully created model for table 'audit_log' from flex database
2025-12-10 10:59:12 - OTMS - INFO - Successfully loaded custom table model for 'audit_log'
2025-12-10 10:59:12 - OTMS - INFO - Retrieved 11 columns for data source 'audit_log'
2025-12-10 10:59:14 - OTMS - INFO - Loaded 69 tables from primary database
2025-12-10 10:59:14 - OTMS - INFO - Loaded 69 tables from flexible database
2025-12-10 10:59:14 - OTMS - INFO - Added 0 additional custom tables from location_config
2025-12-10 10:59:14 - OTMS - INFO - Attempting to load custom table 'export_utapate_terminal_export_data_tulja_kalyani'
2025-12-10 10:59:14 - OTMS - INFO - Reflecting table 'export_utapate_terminal_export_data_tulja_kalyani' from flex database...
2025-12-10 10:59:14 - OTMS - INFO - Successfully created model for table 'export_utapate_terminal_export_data_tulja_kalyani' from flex database
2025-12-10 10:59:14 - OTMS - INFO - Successfully loaded custom table model for 'export_utapate_terminal_export_data_tulja_kalyani'
2025-12-10 10:59:14 - OTMS - INFO - Retrieved 12 columns for data source 'export_utapate_terminal_export_data_tulja_kalyani'
2025-12-10 10:59:14 - OTMS - INFO - Attempting to load custom table 'audit_log'
2025-12-10 10:59:14 - OTMS - INFO - Reflecting table 'audit_log' from flex database...
2025-12-10 10:59:14 - OTMS - INFO - Successfully created model for table 'audit_log' from flex database
2025-12-10 10:59:14 - OTMS - INFO - Successfully loaded custom table model for 'audit_log'
2025-12-10 10:59:14 - OTMS - INFO - Retrieved 11 columns for data source 'audit_log'
2025-12-10 10:59:17 - OTMS - INFO - Loaded 69 tables from primary database
2025-12-10 10:59:17 - OTMS - INFO - Loaded 69 tables from flexible database
2025-12-10 10:59:17 - OTMS - INFO - Added 0 additional custom tables from location_config
2025-12-10 10:59:19 - OTMS - INFO - Loaded 69 tables from primary database
2025-12-10 10:59:19 - OTMS - INFO - Loaded 69 tables from flexible database
2025-12-10 10:59:19 - OTMS - INFO - Added 0 additional custom tables from location_config
2025-12-10 10:59:19 - OTMS - INFO - Attempting to load custom table 'export_utapate_terminal_export_data_tulja_kalyani'
2025-12-10 10:59:19 - OTMS - INFO - Reflecting table 'export_utapate_terminal_export_data_tulja_kalyani' from flex database...
2025-12-10 10:59:19 - OTMS - INFO - Successfully created model for table 'export_utapate_terminal_export_data_tulja_kalyani' from flex database
2025-12-10 10:59:19 - OTMS - INFO - Successfully loaded custom table model for 'export_utapate_terminal_export_data_tulja_kalyani'
2025-12-10 10:59:19 - OTMS - INFO - Retrieved 12 columns for data source 'export_utapate_terminal_export_data_tulja_kalyani'
2025-12-10 10:59:19 - OTMS - INFO - Attempting to load custom table 'audit_log'
2025-12-10 10:59:19 - OTMS - INFO - Reflecting table 'audit_log' from flex database...
2025-12-10 10:59:19 - OTMS - INFO - Successfully created model for table 'audit_log' from flex database
2025-12-10 10:59:19 - OTMS - INFO - Successfully loaded custom table model for 'audit_log'
2025-12-10 10:59:19 - OTMS - INFO - Retrieved 11 columns for data source 'audit_log'
2025-12-10 10:59:23 - OTMS - INFO - Reflecting table 'export_utapate_terminal_export_data_tulja_kalyani' from flex database...
2025-12-10 10:59:23 - OTMS - INFO - Successfully created model for table 'export_utapate_terminal_export_data_tulja_kalyani' from flex database
2025-12-10 10:59:23 - OTMS - INFO - Loaded 69 tables from primary database
2025-12-10 10:59:23 - OTMS - INFO - Loaded 69 tables from flexible database
2025-12-10 10:59:23 - OTMS - INFO - Added 0 additional custom tables from location_config
2025-12-10 10:59:23 - OTMS - INFO - Attempting to load custom table 'export_utapate_terminal_export_data_tulja_kalyani'
2025-12-10 10:59:23 - OTMS - INFO - Reflecting table 'export_utapate_terminal_export_data_tulja_kalyani' from flex database...
2025-12-10 10:59:23 - OTMS - INFO - Successfully created model for table 'export_utapate_terminal_export_data_tulja_kalyani' from flex database
2025-12-10 10:59:23 - OTMS - INFO - Successfully loaded custom table model for 'export_utapate_terminal_export_data_tulja_kalyani'
2025-12-10 10:59:23 - OTMS - INFO - Retrieved 13 columns for data source 'export_utapate_terminal_export_data_tulja_kalyani'
2025-12-10 10:59:23 - OTMS - INFO - Attempting to load custom table 'audit_log'
2025-12-10 10:59:23 - OTMS - INFO - Reflecting table 'audit_log' from flex database...
2025-12-10 10:59:23 - OTMS - INFO - Successfully created model for table 'audit_log' from flex database
2025-12-10 10:59:23 - OTMS - INFO - Successfully loaded custom table model for 'audit_log'
2025-12-10 10:59:23 - OTMS - INFO - Retrieved 11 columns for data source 'audit_log'
2025-12-10 10:59:29 - OTMS - INFO - Loaded 69 tables from primary database
2025-12-10 10:59:29 - OTMS - INFO - Loaded 69 tables from flexible database
2025-12-10 10:59:29 - OTMS - INFO - Added 0 additional custom tables from location_config
2025-12-10 10:59:29 - OTMS - INFO - Attempting to load custom table 'export_utapate_terminal_export_data_tulja_kalyani'
2025-12-10 10:59:29 - OTMS - INFO - Reflecting table 'export_utapate_terminal_export_data_tulja_kalyani' from flex database...
2025-12-10 10:59:29 - OTMS - INFO - Successfully created model for table 'export_utapate_terminal_export_data_tulja_kalyani' from flex database
2025-12-10 10:59:29 - OTMS - INFO - Successfully loaded custom table model for 'export_utapate_terminal_export_data_tulja_kalyani'
2025-12-10 10:59:29 - OTMS - INFO - Retrieved 13 columns for data source 'export_utapate_terminal_export_data_tulja_kalyani'
2025-12-10 10:59:29 - OTMS - INFO - Attempting to load custom table 'audit_log'
2025-12-10 10:59:29 - OTMS - INFO - Reflecting table 'audit_log' from flex database...
2025-12-10 10:59:29 - OTMS - INFO - Successfully created model for table 'audit_log' from flex database
2025-12-10 10:59:29 - OTMS - INFO - Successfully loaded custom table model for 'audit_log'
2025-12-10 10:59:29 - OTMS - INFO - Retrieved 11 columns for data source 'audit_log'
2025-12-10 10:59:43 - OTMS - INFO - Reflecting table 'export_utapate_terminal_export_data_tulja_kalyani' from flex database...
2025-12-10 10:59:43 - OTMS - INFO - Successfully created model for table 'export_utapate_terminal_export_data_tulja_kalyani' from flex database
2025-12-10 11:01:02 - OTMS - INFO - Reflecting table 'export_utapate_terminal_export_data_tulja_kalyani' from flex database...
2025-12-10 11:01:02 - OTMS - INFO - Successfully created model for table 'export_utapate_terminal_export_data_tulja_kalyani' from flex database
2025-12-10 11:13:45 - OTMS - INFO - Reflecting table 'export_utapate_terminal_export_data_tulja_kalyani' from flex database...
2025-12-10 11:13:45 - OTMS - INFO - Successfully created model for table 'export_utapate_terminal_export_data_tulja_kalyani' from flex database
2025-12-10 11:16:38 - OTMS - INFO - Reflecting table 'export_utapate_terminal_export_data_tulja_kalyani' from flex database...
2025-12-10 11:16:38 - OTMS - INFO - Successfully created model for table 'export_utapate_terminal_export_data_tulja_kalyani' from flex database
2025-12-10 11:16:46 - OTMS - INFO - Reflecting table 'export_utapate_terminal_export_data_tulja_kalyani' from flex database...
2025-12-10 11:16:46 - OTMS - INFO - Successfully created model for table 'export_utapate_terminal_export_data_tulja_kalyani' from flex database
2025-12-10 11:17:23 - OTMS - INFO - Reflecting table 'export_utapate_terminal_export_data_tulja_kalyani' from flex database...
2025-12-10 11:17:23 - OTMS - INFO - Successfully created model for table 'export_utapate_terminal_export_data_tulja_kalyani' from flex database
2025-12-10 11:17:51 - OTMS - INFO - Loaded 69 tables from primary database
2025-12-10 11:17:51 - OTMS - INFO - Loaded 69 tables from flexible database
2025-12-10 11:17:51 - OTMS - INFO - Added 0 additional custom tables from location_config
2025-12-10 11:17:51 - OTMS - INFO - Attempting to load custom table 'export_utapate_terminal_export_data_tulja_kalyani'
2025-12-10 11:17:51 - OTMS - INFO - Reflecting table 'export_utapate_terminal_export_data_tulja_kalyani' from flex database...
2025-12-10 11:17:51 - OTMS - INFO - Successfully created model for table 'export_utapate_terminal_export_data_tulja_kalyani' from flex database
2025-12-10 11:17:51 - OTMS - INFO - Successfully loaded custom table model for 'export_utapate_terminal_export_data_tulja_kalyani'
2025-12-10 11:17:51 - OTMS - INFO - Retrieved 13 columns for data source 'export_utapate_terminal_export_data_tulja_kalyani'
2025-12-10 11:17:51 - OTMS - INFO - Attempting to load custom table 'audit_log'
2025-12-10 11:17:51 - OTMS - INFO - Reflecting table 'audit_log' from flex database...
2025-12-10 11:17:51 - OTMS - INFO - Successfully created model for table 'audit_log' from flex database
2025-12-10 11:17:51 - OTMS - INFO - Successfully loaded custom table model for 'audit_log'
2025-12-10 11:17:51 - OTMS - INFO - Retrieved 11 columns for data source 'audit_log'
2025-12-10 11:18:04 - OTMS - INFO - Loaded 69 tables from primary database
2025-12-10 11:18:04 - OTMS - INFO - Loaded 69 tables from flexible database
2025-12-10 11:18:04 - OTMS - INFO - Added 0 additional custom tables from location_config
2025-12-10 11:18:04 - OTMS - INFO - Attempting to load custom table 'export_utapate_terminal_export_data_tulja_kalyani'
2025-12-10 11:18:04 - OTMS - INFO - Reflecting table 'export_utapate_terminal_export_data_tulja_kalyani' from flex database...
2025-12-10 11:18:04 - OTMS - INFO - Successfully created model for table 'export_utapate_terminal_export_data_tulja_kalyani' from flex database
2025-12-10 11:18:04 - OTMS - INFO - Successfully loaded custom table model for 'export_utapate_terminal_export_data_tulja_kalyani'
2025-12-10 11:18:04 - OTMS - INFO - Retrieved 13 columns for data source 'export_utapate_terminal_export_data_tulja_kalyani'
2025-12-10 11:18:04 - OTMS - INFO - Attempting to load custom table 'audit_log'
2025-12-10 11:18:04 - OTMS - INFO - Reflecting table 'audit_log' from flex database...
2025-12-10 11:18:04 - OTMS - INFO - Successfully created model for table 'audit_log' from flex database
2025-12-10 11:18:04 - OTMS - INFO - Successfully loaded custom table model for 'audit_log'
2025-12-10 11:18:04 - OTMS - INFO - Retrieved 11 columns for data source 'audit_log'
2025-12-10 11:18:08 - OTMS - INFO - Loaded 69 tables from primary database
2025-12-10 11:18:08 - OTMS - INFO - Loaded 69 tables from flexible database
2025-12-10 11:18:08 - OTMS - INFO - Added 0 additional custom tables from location_config
2025-12-10 11:18:08 - OTMS - INFO - Attempting to load custom table 'export_utapate_terminal_export_data_tulja_kalyani'
2025-12-10 11:18:08 - OTMS - INFO - Reflecting table 'export_utapate_terminal_export_data_tulja_kalyani' from flex database...
2025-12-10 11:18:08 - OTMS - INFO - Successfully created model for table 'export_utapate_terminal_export_data_tulja_kalyani' from flex database
2025-12-10 11:18:08 - OTMS - INFO - Successfully loaded custom table model for 'export_utapate_terminal_export_data_tulja_kalyani'
2025-12-10 11:18:08 - OTMS - INFO - Retrieved 13 columns for data source 'export_utapate_terminal_export_data_tulja_kalyani'
2025-12-10 11:18:08 - OTMS - INFO - Attempting to load custom table 'audit_log'
2025-12-10 11:18:08 - OTMS - INFO - Reflecting table 'audit_log' from flex database...
2025-12-10 11:18:08 - OTMS - INFO - Successfully created model for table 'audit_log' from flex database
2025-12-10 11:18:08 - OTMS - INFO - Successfully loaded custom table model for 'audit_log'
2025-12-10 11:18:08 - OTMS - INFO - Retrieved 11 columns for data source 'audit_log'
2025-12-10 11:18:12 - OTMS - INFO - Reflecting table 'export_utapate_terminal_export_data_tulja_kalyani' from flex database...
2025-12-10 11:18:12 - OTMS - INFO - Successfully created model for table 'export_utapate_terminal_export_data_tulja_kalyani' from flex database
2025-12-10 11:18:30 - OTMS - INFO - Loaded 69 tables from primary database
2025-12-10 11:18:30 - OTMS - INFO - Loaded 69 tables from flexible database
2025-12-10 11:18:30 - OTMS - INFO - Added 0 additional custom tables from location_config
2025-12-10 11:18:30 - OTMS - INFO - Attempting to load custom table 'export_utapate_terminal_export_data_tulja_kalyani'
2025-12-10 11:18:30 - OTMS - INFO - Reflecting table 'export_utapate_terminal_export_data_tulja_kalyani' from flex database...
2025-12-10 11:18:30 - OTMS - INFO - Successfully created model for table 'export_utapate_terminal_export_data_tulja_kalyani' from flex database
2025-12-10 11:18:30 - OTMS - INFO - Successfully loaded custom table model for 'export_utapate_terminal_export_data_tulja_kalyani'
2025-12-10 11:18:30 - OTMS - INFO - Retrieved 13 columns for data source 'export_utapate_terminal_export_data_tulja_kalyani'
2025-12-10 11:18:30 - OTMS - INFO - Attempting to load custom table 'audit_log'
2025-12-10 11:18:30 - OTMS - INFO - Reflecting table 'audit_log' from flex database...
2025-12-10 11:18:30 - OTMS - INFO - Successfully created model for table 'audit_log' from flex database
2025-12-10 11:18:30 - OTMS - INFO - Successfully loaded custom table model for 'audit_log'
2025-12-10 11:18:30 - OTMS - INFO - Retrieved 11 columns for data source 'audit_log'
2025-12-10 11:18:38 - OTMS - INFO - Loaded 69 tables from primary database
2025-12-10 11:18:38 - OTMS - INFO - Loaded 69 tables from flexible database
2025-12-10 11:18:38 - OTMS - INFO - Added 0 additional custom tables from location_config
2025-12-10 11:18:38 - OTMS - INFO - Attempting to load custom table 'export_utapate_terminal_export_data_tulja_kalyani'
2025-12-10 11:18:38 - OTMS - INFO - Reflecting table 'export_utapate_terminal_export_data_tulja_kalyani' from flex database...
2025-12-10 11:18:38 - OTMS - INFO - Successfully created model for table 'export_utapate_terminal_export_data_tulja_kalyani' from flex database
2025-12-10 11:18:38 - OTMS - INFO - Successfully loaded custom table model for 'export_utapate_terminal_export_data_tulja_kalyani'
2025-12-10 11:18:38 - OTMS - INFO - Retrieved 13 columns for data source 'export_utapate_terminal_export_data_tulja_kalyani'
2025-12-10 11:18:38 - OTMS - INFO - Attempting to load custom table 'audit_log'
2025-12-10 11:18:38 - OTMS - INFO - Reflecting table 'audit_log' from flex database...
2025-12-10 11:18:38 - OTMS - INFO - Successfully created model for table 'audit_log' from flex database
2025-12-10 11:18:38 - OTMS - INFO - Successfully loaded custom table model for 'audit_log'
2025-12-10 11:18:38 - OTMS - INFO - Retrieved 11 columns for data source 'audit_log'
2025-12-10 11:24:08 - OTMS - INFO - Loaded 68 tables from primary database
2025-12-10 11:24:08 - OTMS - INFO - Loaded 68 tables from flexible database
2025-12-10 11:24:08 - OTMS - INFO - Added 0 additional custom tables from location_config
2025-12-10 11:24:08 - OTMS - INFO - Attempting to load custom table 'audit_log'
2025-12-10 11:24:08 - OTMS - INFO - Reflecting table 'audit_log' from flex database...
2025-12-10 11:24:08 - OTMS - INFO - Successfully created model for table 'audit_log' from flex database
2025-12-10 11:24:08 - OTMS - INFO - Successfully loaded custom table model for 'audit_log'
2025-12-10 11:24:08 - OTMS - INFO - Retrieved 11 columns for data source 'audit_log'
2025-12-10 11:24:08 - OTMS - INFO - Attempting to load custom table 'audit_log'
2025-12-10 11:24:08 - OTMS - INFO - Reflecting table 'audit_log' from flex database...
2025-12-10 11:24:08 - OTMS - INFO - Successfully created model for table 'audit_log' from flex database
2025-12-10 11:24:08 - OTMS - INFO - Successfully loaded custom table model for 'audit_log'
2025-12-10 11:24:08 - OTMS - INFO - Retrieved 11 columns for data source 'audit_log'
2025-12-10 14:44:31 - OTMS - INFO - Loaded 68 tables from primary database
2025-12-10 14:44:31 - OTMS - INFO - Loaded 68 tables from flexible database
2025-12-10 14:44:31 - OTMS - INFO - Added 0 additional custom tables from location_config
2025-12-10 14:44:31 - OTMS - INFO - Attempting to load custom table 'audit_log'
2025-12-10 14:44:31 - OTMS - INFO - Reflecting table 'audit_log' from flex database...
2025-12-10 14:44:31 - OTMS - INFO - Successfully created model for table 'audit_log' from flex database
2025-12-10 14:44:31 - OTMS - INFO - Successfully loaded custom table model for 'audit_log'
2025-12-10 14:44:31 - OTMS - INFO - Retrieved 11 columns for data source 'audit_log'
2025-12-10 14:44:31 - OTMS - INFO - Attempting to load custom table 'audit_log'
2025-12-10 14:44:31 - OTMS - INFO - Reflecting table 'audit_log' from flex database...
2025-12-10 14:44:31 - OTMS - INFO - Successfully created model for table 'audit_log' from flex database
2025-12-10 14:44:31 - OTMS - INFO - Successfully loaded custom table model for 'audit_log'
2025-12-10 14:44:31 - OTMS - INFO - Retrieved 11 columns for data source 'audit_log'
2025-12-10 14:45:31 - OTMS - INFO - Loaded 68 tables from primary database
2025-12-10 14:45:31 - OTMS - INFO - Loaded 68 tables from flexible database
2025-12-10 14:45:31 - OTMS - INFO - Added 0 additional custom tables from location_config
2025-12-10 14:45:31 - OTMS - INFO - Attempting to load custom table 'audit_log'
2025-12-10 14:45:31 - OTMS - INFO - Reflecting table 'audit_log' from flex database...
2025-12-10 14:45:31 - OTMS - INFO - Successfully created model for table 'audit_log' from flex database
2025-12-10 14:45:31 - OTMS - INFO - Successfully loaded custom table model for 'audit_log'
2025-12-10 14:45:31 - OTMS - INFO - Retrieved 11 columns for data source 'audit_log'
2025-12-10 14:45:31 - OTMS - INFO - Attempting to load custom table 'audit_log'
2025-12-10 14:45:31 - OTMS - INFO - Reflecting table 'audit_log' from flex database...
2025-12-10 14:45:31 - OTMS - INFO - Successfully created model for table 'audit_log' from flex database
2025-12-10 14:45:31 - OTMS - INFO - Successfully loaded custom table model for 'audit_log'
2025-12-10 14:45:31 - OTMS - INFO - Retrieved 11 columns for data source 'audit_log'
2025-12-10 14:45:34 - OTMS - INFO - Loaded 68 tables from primary database
2025-12-10 14:45:34 - OTMS - INFO - Loaded 68 tables from flexible database
2025-12-10 14:45:34 - OTMS - INFO - Added 0 additional custom tables from location_config
2025-12-10 14:45:34 - OTMS - INFO - Attempting to load custom table 'audit_log'
2025-12-10 14:45:34 - OTMS - INFO - Reflecting table 'audit_log' from flex database...
2025-12-10 14:45:34 - OTMS - INFO - Successfully created model for table 'audit_log' from flex database
2025-12-10 14:45:34 - OTMS - INFO - Successfully loaded custom table model for 'audit_log'
2025-12-10 14:45:34 - OTMS - INFO - Retrieved 11 columns for data source 'audit_log'
2025-12-10 14:45:34 - OTMS - INFO - Attempting to load custom table 'audit_log'
2025-12-10 14:45:34 - OTMS - INFO - Reflecting table 'audit_log' from flex database...
2025-12-10 14:45:35 - OTMS - INFO - Successfully created model for table 'audit_log' from flex database
2025-12-10 14:45:35 - OTMS - INFO - Successfully loaded custom table model for 'audit_log'
2025-12-10 14:45:35 - OTMS - INFO - Retrieved 11 columns for data source 'audit_log'
2025-12-10 14:45:40 - OTMS - INFO - Loaded 68 tables from primary database
2025-12-10 14:45:40 - OTMS - INFO - Loaded 68 tables from flexible database
2025-12-10 14:45:40 - OTMS - INFO - Added 0 additional custom tables from location_config
2025-12-10 14:45:40 - OTMS - INFO - Attempting to load custom table 'audit_log'
2025-12-10 14:45:40 - OTMS - INFO - Reflecting table 'audit_log' from flex database...
2025-12-10 14:45:40 - OTMS - INFO - Successfully created model for table 'audit_log' from flex database
2025-12-10 14:45:40 - OTMS - INFO - Successfully loaded custom table model for 'audit_log'
2025-12-10 14:45:40 - OTMS - INFO - Retrieved 11 columns for data source 'audit_log'
2025-12-10 14:45:40 - OTMS - INFO - Attempting to load custom table 'audit_log'
2025-12-10 14:45:40 - OTMS - INFO - Reflecting table 'audit_log' from flex database...
2025-12-10 14:45:40 - OTMS - INFO - Successfully created model for table 'audit_log' from flex database
2025-12-10 14:45:40 - OTMS - INFO - Successfully loaded custom table model for 'audit_log'
2025-12-10 14:45:40 - OTMS - INFO - Retrieved 11 columns for data source 'audit_log'
2025-12-10 14:45:43 - OTMS - INFO - Loaded 68 tables from primary database
2025-12-10 14:45:43 - OTMS - INFO - Loaded 68 tables from flexible database
2025-12-10 14:45:43 - OTMS - INFO - Added 0 additional custom tables from location_config
2025-12-10 14:45:43 - OTMS - INFO - Attempting to load custom table 'audit_log'
2025-12-10 14:45:43 - OTMS - INFO - Reflecting table 'audit_log' from flex database...
2025-12-10 14:45:43 - OTMS - INFO - Successfully created model for table 'audit_log' from flex database
2025-12-10 14:45:43 - OTMS - INFO - Successfully loaded custom table model for 'audit_log'
2025-12-10 14:45:43 - OTMS - INFO - Retrieved 11 columns for data source 'audit_log'
2025-12-10 14:45:43 - OTMS - INFO - Attempting to load custom table 'audit_log'
2025-12-10 14:45:43 - OTMS - INFO - Reflecting table 'audit_log' from flex database...
2025-12-10 14:45:43 - OTMS - INFO - Successfully created model for table 'audit_log' from flex database
2025-12-10 14:45:43 - OTMS - INFO - Successfully loaded custom table model for 'audit_log'
2025-12-10 14:45:43 - OTMS - INFO - Retrieved 11 columns for data source 'audit_log'
2025-12-10 14:45:46 - OTMS - INFO - Loaded 68 tables from primary database
2025-12-10 14:45:46 - OTMS - INFO - Loaded 68 tables from flexible database
2025-12-10 14:45:46 - OTMS - INFO - Added 0 additional custom tables from location_config
2025-12-10 14:45:46 - OTMS - INFO - Attempting to load custom table 'audit_log'
2025-12-10 14:45:46 - OTMS - INFO - Reflecting table 'audit_log' from flex database...
2025-12-10 14:45:46 - OTMS - INFO - Successfully created model for table 'audit_log' from flex database
2025-12-10 14:45:46 - OTMS - INFO - Successfully loaded custom table model for 'audit_log'
2025-12-10 14:45:46 - OTMS - INFO - Retrieved 11 columns for data source 'audit_log'
2025-12-10 14:45:46 - OTMS - INFO - Attempting to load custom table 'audit_log'
2025-12-10 14:45:46 - OTMS - INFO - Reflecting table 'audit_log' from flex database...
2025-12-10 14:45:46 - OTMS - INFO - Successfully created model for table 'audit_log' from flex database
2025-12-10 14:45:46 - OTMS - INFO - Successfully loaded custom table model for 'audit_log'
2025-12-10 14:45:46 - OTMS - INFO - Retrieved 11 columns for data source 'audit_log'
2025-12-10 14:45:47 - OTMS - INFO - Loaded 68 tables from primary database
2025-12-10 14:45:47 - OTMS - INFO - Loaded 68 tables from flexible database
2025-12-10 14:45:47 - OTMS - INFO - Added 0 additional custom tables from location_config
2025-12-10 14:45:47 - OTMS - INFO - Attempting to load custom table 'audit_log'
2025-12-10 14:45:47 - OTMS - INFO - Reflecting table 'audit_log' from flex database...
2025-12-10 14:45:47 - OTMS - INFO - Successfully created model for table 'audit_log' from flex database
2025-12-10 14:45:47 - OTMS - INFO - Successfully loaded custom table model for 'audit_log'
2025-12-10 14:45:47 - OTMS - INFO - Retrieved 11 columns for data source 'audit_log'
2025-12-10 14:45:47 - OTMS - INFO - Attempting to load custom table 'audit_log'
2025-12-10 14:45:47 - OTMS - INFO - Reflecting table 'audit_log' from flex database...
2025-12-10 14:45:47 - OTMS - INFO - Successfully created model for table 'audit_log' from flex database
2025-12-10 14:45:47 - OTMS - INFO - Successfully loaded custom table model for 'audit_log'
2025-12-10 14:45:47 - OTMS - INFO - Retrieved 11 columns for data source 'audit_log'
2025-12-10 14:45:54 - OTMS - INFO - Loaded 68 tables from primary database
2025-12-10 14:45:54 - OTMS - INFO - Loaded 68 tables from flexible database
2025-12-10 14:45:54 - OTMS - INFO - Added 0 additional custom tables from location_config
2025-12-10 14:45:54 - OTMS - INFO - Attempting to load custom table 'audit_log'
2025-12-10 14:45:54 - OTMS - INFO - Reflecting table 'audit_log' from flex database...
2025-12-10 14:45:54 - OTMS - INFO - Successfully created model for table 'audit_log' from flex database
2025-12-10 14:45:54 - OTMS - INFO - Successfully loaded custom table model for 'audit_log'
2025-12-10 14:45:54 - OTMS - INFO - Retrieved 11 columns for data source 'audit_log'
2025-12-10 14:45:54 - OTMS - INFO - Attempting to load custom table 'audit_log'
2025-12-10 14:45:54 - OTMS - INFO - Reflecting table 'audit_log' from flex database...
2025-12-10 14:45:54 - OTMS - INFO - Successfully created model for table 'audit_log' from flex database
2025-12-10 14:45:54 - OTMS - INFO - Successfully loaded custom table model for 'audit_log'
2025-12-10 14:45:54 - OTMS - INFO - Retrieved 11 columns for data source 'audit_log'
2025-12-10 14:45:58 - OTMS - INFO - Loaded 68 tables from primary database
2025-12-10 14:45:58 - OTMS - INFO - Loaded 68 tables from flexible database
2025-12-10 14:45:58 - OTMS - INFO - Added 0 additional custom tables from location_config
2025-12-10 14:45:58 - OTMS - INFO - Attempting to load custom table 'audit_log'
2025-12-10 14:45:58 - OTMS - INFO - Reflecting table 'audit_log' from flex database...
2025-12-10 14:45:58 - OTMS - INFO - Successfully created model for table 'audit_log' from flex database
2025-12-10 14:45:58 - OTMS - INFO - Successfully loaded custom table model for 'audit_log'
2025-12-10 14:45:58 - OTMS - INFO - Retrieved 11 columns for data source 'audit_log'
2025-12-10 14:45:58 - OTMS - INFO - Attempting to load custom table 'audit_log'
2025-12-10 14:45:58 - OTMS - INFO - Reflecting table 'audit_log' from flex database...
2025-12-10 14:45:58 - OTMS - INFO - Successfully created model for table 'audit_log' from flex database
2025-12-10 14:45:58 - OTMS - INFO - Successfully loaded custom table model for 'audit_log'
2025-12-10 14:45:58 - OTMS - INFO - Retrieved 11 columns for data source 'audit_log'
2025-12-10 14:46:00 - OTMS - INFO - Loaded 68 tables from primary database
2025-12-10 14:46:00 - OTMS - INFO - Loaded 68 tables from flexible database
2025-12-10 14:46:00 - OTMS - INFO - Added 0 additional custom tables from location_config
2025-12-10 14:46:00 - OTMS - INFO - Attempting to load custom table 'audit_log'
2025-12-10 14:46:00 - OTMS - INFO - Reflecting table 'audit_log' from flex database...
2025-12-10 14:46:00 - OTMS - INFO - Successfully created model for table 'audit_log' from flex database
2025-12-10 14:46:00 - OTMS - INFO - Successfully loaded custom table model for 'audit_log'
2025-12-10 14:46:00 - OTMS - INFO - Retrieved 11 columns for data source 'audit_log'
2025-12-10 14:46:00 - OTMS - INFO - Attempting to load custom table 'audit_log'
2025-12-10 14:46:00 - OTMS - INFO - Reflecting table 'audit_log' from flex database...
2025-12-10 14:46:00 - OTMS - INFO - Successfully created model for table 'audit_log' from flex database
2025-12-10 14:46:00 - OTMS - INFO - Successfully loaded custom table model for 'audit_log'
2025-12-10 14:46:00 - OTMS - INFO - Retrieved 11 columns for data source 'audit_log'
2025-12-10 14:46:05 - OTMS - INFO - Loaded 68 tables from primary database
2025-12-10 14:46:05 - OTMS - INFO - Loaded 68 tables from flexible database
2025-12-10 14:46:05 - OTMS - INFO - Added 0 additional custom tables from location_config
2025-12-10 14:46:05 - OTMS - INFO - Attempting to load custom table 'audit_log'
2025-12-10 14:46:05 - OTMS - INFO - Reflecting table 'audit_log' from flex database...
2025-12-10 14:46:05 - OTMS - INFO - Successfully created model for table 'audit_log' from flex database
2025-12-10 14:46:05 - OTMS - INFO - Successfully loaded custom table model for 'audit_log'
2025-12-10 14:46:05 - OTMS - INFO - Retrieved 11 columns for data source 'audit_log'
2025-12-10 14:46:05 - OTMS - INFO - Attempting to load custom table 'audit_log'
2025-12-10 14:46:05 - OTMS - INFO - Reflecting table 'audit_log' from flex database...
2025-12-10 14:46:05 - OTMS - INFO - Successfully created model for table 'audit_log' from flex database
2025-12-10 14:46:05 - OTMS - INFO - Successfully loaded custom table model for 'audit_log'
2025-12-10 14:46:05 - OTMS - INFO - Retrieved 11 columns for data source 'audit_log'
2025-12-10 14:46:12 - OTMS - INFO - Loaded 68 tables from primary database
2025-12-10 14:46:12 - OTMS - INFO - Loaded 68 tables from flexible database
2025-12-10 14:46:12 - OTMS - INFO - Added 0 additional custom tables from location_config
2025-12-10 14:46:12 - OTMS - INFO - Attempting to load custom table 'audit_log'
2025-12-10 14:46:12 - OTMS - INFO - Reflecting table 'audit_log' from flex database...
2025-12-10 14:46:12 - OTMS - INFO - Successfully created model for table 'audit_log' from flex database
2025-12-10 14:46:12 - OTMS - INFO - Successfully loaded custom table model for 'audit_log'
2025-12-10 14:46:12 - OTMS - INFO - Retrieved 11 columns for data source 'audit_log'
2025-12-10 14:46:12 - OTMS - INFO - Attempting to load custom table 'audit_log'
2025-12-10 14:46:12 - OTMS - INFO - Reflecting table 'audit_log' from flex database...
2025-12-10 14:46:12 - OTMS - INFO - Successfully created model for table 'audit_log' from flex database
2025-12-10 14:46:12 - OTMS - INFO - Successfully loaded custom table model for 'audit_log'
2025-12-10 14:46:12 - OTMS - INFO - Retrieved 11 columns for data source 'audit_log'
2025-12-10 14:46:17 - OTMS - INFO - Loaded 68 tables from primary database
2025-12-10 14:46:17 - OTMS - INFO - Loaded 68 tables from flexible database
2025-12-10 14:46:17 - OTMS - INFO - Added 0 additional custom tables from location_config
2025-12-10 14:46:17 - OTMS - INFO - Attempting to load custom table 'audit_log'
2025-12-10 14:46:17 - OTMS - INFO - Reflecting table 'audit_log' from flex database...
2025-12-10 14:46:17 - OTMS - INFO - Successfully created model for table 'audit_log' from flex database
2025-12-10 14:46:17 - OTMS - INFO - Successfully loaded custom table model for 'audit_log'
2025-12-10 14:46:17 - OTMS - INFO - Retrieved 11 columns for data source 'audit_log'
2025-12-10 14:46:17 - OTMS - INFO - Attempting to load custom table 'audit_log'
2025-12-10 14:46:17 - OTMS - INFO - Reflecting table 'audit_log' from flex database...
2025-12-10 14:46:17 - OTMS - INFO - Successfully created model for table 'audit_log' from flex database
2025-12-10 14:46:17 - OTMS - INFO - Successfully loaded custom table model for 'audit_log'
2025-12-10 14:46:17 - OTMS - INFO - Retrieved 11 columns for data source 'audit_log'
2025-12-10 14:46:19 - OTMS - INFO - Loaded 68 tables from primary database
2025-12-10 14:46:19 - OTMS - INFO - Loaded 68 tables from flexible database
2025-12-10 14:46:19 - OTMS - INFO - Added 0 additional custom tables from location_config
2025-12-10 14:46:19 - OTMS - INFO - Attempting to load custom table 'audit_log'
2025-12-10 14:46:19 - OTMS - INFO - Reflecting table 'audit_log' from flex database...
2025-12-10 14:46:19 - OTMS - INFO - Successfully created model for table 'audit_log' from flex database
2025-12-10 14:46:19 - OTMS - INFO - Successfully loaded custom table model for 'audit_log'
2025-12-10 14:46:19 - OTMS - INFO - Retrieved 11 columns for data source 'audit_log'
2025-12-10 14:46:19 - OTMS - INFO - Attempting to load custom table 'audit_log'
2025-12-10 14:46:19 - OTMS - INFO - Reflecting table 'audit_log' from flex database...
2025-12-10 14:46:19 - OTMS - INFO - Successfully created model for table 'audit_log' from flex database
2025-12-10 14:46:19 - OTMS - INFO - Successfully loaded custom table model for 'audit_log'
2025-12-10 14:46:19 - OTMS - INFO - Retrieved 11 columns for data source 'audit_log'
2025-12-10 14:46:20 - OTMS - INFO - Loaded 68 tables from primary database
2025-12-10 14:46:20 - OTMS - INFO - Loaded 68 tables from flexible database
2025-12-10 14:46:20 - OTMS - INFO - Added 0 additional custom tables from location_config
2025-12-10 14:46:20 - OTMS - INFO - Attempting to load custom table 'audit_log'
2025-12-10 14:46:20 - OTMS - INFO - Reflecting table 'audit_log' from flex database...
2025-12-10 14:46:20 - OTMS - INFO - Successfully created model for table 'audit_log' from flex database
2025-12-10 14:46:20 - OTMS - INFO - Successfully loaded custom table model for 'audit_log'
2025-12-10 14:46:20 - OTMS - INFO - Retrieved 11 columns for data source 'audit_log'
2025-12-10 14:46:20 - OTMS - INFO - Attempting to load custom table 'audit_log'
2025-12-10 14:46:20 - OTMS - INFO - Reflecting table 'audit_log' from flex database...
2025-12-10 14:46:21 - OTMS - INFO - Successfully created model for table 'audit_log' from flex database
2025-12-10 14:46:21 - OTMS - INFO - Successfully loaded custom table model for 'audit_log'
2025-12-10 14:46:21 - OTMS - INFO - Retrieved 11 columns for data source 'audit_log'
2025-12-10 14:46:28 - OTMS - INFO - Loaded 68 tables from primary database
2025-12-10 14:46:28 - OTMS - INFO - Loaded 68 tables from flexible database
2025-12-10 14:46:28 - OTMS - INFO - Added 0 additional custom tables from location_config
2025-12-10 14:46:28 - OTMS - INFO - Attempting to load custom table 'audit_log'
2025-12-10 14:46:28 - OTMS - INFO - Reflecting table 'audit_log' from flex database...
2025-12-10 14:46:28 - OTMS - INFO - Successfully created model for table 'audit_log' from flex database
2025-12-10 14:46:28 - OTMS - INFO - Successfully loaded custom table model for 'audit_log'
2025-12-10 14:46:28 - OTMS - INFO - Retrieved 11 columns for data source 'audit_log'
2025-12-10 14:46:28 - OTMS - INFO - Attempting to load custom table 'audit_log'
2025-12-10 14:46:28 - OTMS - INFO - Reflecting table 'audit_log' from flex database...
2025-12-10 14:46:28 - OTMS - INFO - Successfully created model for table 'audit_log' from flex database
2025-12-10 14:46:28 - OTMS - INFO - Successfully loaded custom table model for 'audit_log'
2025-12-10 14:46:28 - OTMS - INFO - Retrieved 11 columns for data source 'audit_log'
2025-12-10 14:46:30 - OTMS - INFO - Loaded 68 tables from primary database
2025-12-10 14:46:30 - OTMS - INFO - Loaded 68 tables from flexible database
2025-12-10 14:46:30 - OTMS - INFO - Added 0 additional custom tables from location_config
2025-12-10 14:46:30 - OTMS - INFO - Attempting to load custom table 'audit_log'
2025-12-10 14:46:30 - OTMS - INFO - Reflecting table 'audit_log' from flex database...
2025-12-10 14:46:30 - OTMS - INFO - Successfully created model for table 'audit_log' from flex database
2025-12-10 14:46:30 - OTMS - INFO - Successfully loaded custom table model for 'audit_log'
2025-12-10 14:46:30 - OTMS - INFO - Retrieved 11 columns for data source 'audit_log'
2025-12-10 14:46:30 - OTMS - INFO - Attempting to load custom table 'audit_log'
2025-12-10 14:46:30 - OTMS - INFO - Reflecting table 'audit_log' from flex database...
2025-12-10 14:46:30 - OTMS - INFO - Successfully created model for table 'audit_log' from flex database
2025-12-10 14:46:30 - OTMS - INFO - Successfully loaded custom table model for 'audit_log'
2025-12-10 14:46:30 - OTMS - INFO - Retrieved 11 columns for data source 'audit_log'
2025-12-10 14:46:32 - OTMS - INFO - Loaded 68 tables from primary database
2025-12-10 14:46:32 - OTMS - INFO - Loaded 68 tables from flexible database
2025-12-10 14:46:32 - OTMS - INFO - Added 0 additional custom tables from location_config
2025-12-10 14:46:32 - OTMS - INFO - Attempting to load custom table 'audit_log'
2025-12-10 14:46:32 - OTMS - INFO - Reflecting table 'audit_log' from flex database...
2025-12-10 14:46:32 - OTMS - INFO - Successfully created model for table 'audit_log' from flex database
2025-12-10 14:46:32 - OTMS - INFO - Successfully loaded custom table model for 'audit_log'
2025-12-10 14:46:32 - OTMS - INFO - Retrieved 11 columns for data source 'audit_log'
2025-12-10 14:46:32 - OTMS - INFO - Attempting to load custom table 'audit_log'
2025-12-10 14:46:32 - OTMS - INFO - Reflecting table 'audit_log' from flex database...
2025-12-10 14:46:32 - OTMS - INFO - Successfully created model for table 'audit_log' from flex database
2025-12-10 14:46:32 - OTMS - INFO - Successfully loaded custom table model for 'audit_log'
2025-12-10 14:46:32 - OTMS - INFO - Retrieved 11 columns for data source 'audit_log'
2025-12-10 14:46:36 - OTMS - INFO - Loaded 68 tables from primary database
2025-12-10 14:46:36 - OTMS - INFO - Loaded 68 tables from flexible database
2025-12-10 14:46:36 - OTMS - INFO - Added 0 additional custom tables from location_config
2025-12-10 14:46:36 - OTMS - INFO - Attempting to load custom table 'audit_log'
2025-12-10 14:46:36 - OTMS - INFO - Reflecting table 'audit_log' from flex database...
2025-12-10 14:46:36 - OTMS - INFO - Successfully created model for table 'audit_log' from flex database
2025-12-10 14:46:36 - OTMS - INFO - Successfully loaded custom table model for 'audit_log'
2025-12-10 14:46:36 - OTMS - INFO - Retrieved 11 columns for data source 'audit_log'
2025-12-10 14:46:36 - OTMS - INFO - Attempting to load custom table 'audit_log'
2025-12-10 14:46:36 - OTMS - INFO - Reflecting table 'audit_log' from flex database...
2025-12-10 14:46:36 - OTMS - INFO - Successfully created model for table 'audit_log' from flex database
2025-12-10 14:46:36 - OTMS - INFO - Successfully loaded custom table model for 'audit_log'
2025-12-10 14:46:36 - OTMS - INFO - Retrieved 11 columns for data source 'audit_log'
2025-12-10 14:46:43 - OTMS - INFO - Loaded 68 tables from primary database
2025-12-10 14:46:43 - OTMS - INFO - Loaded 68 tables from flexible database
2025-12-10 14:46:43 - OTMS - INFO - Added 0 additional custom tables from location_config
2025-12-10 14:46:43 - OTMS - INFO - Attempting to load custom table 'audit_log'
2025-12-10 14:46:43 - OTMS - INFO - Reflecting table 'audit_log' from flex database...
2025-12-10 14:46:43 - OTMS - INFO - Successfully created model for table 'audit_log' from flex database
2025-12-10 14:46:43 - OTMS - INFO - Successfully loaded custom table model for 'audit_log'
2025-12-10 14:46:43 - OTMS - INFO - Retrieved 11 columns for data source 'audit_log'
2025-12-10 14:46:43 - OTMS - INFO - Attempting to load custom table 'audit_log'
2025-12-10 14:46:43 - OTMS - INFO - Reflecting table 'audit_log' from flex database...
2025-12-10 14:46:43 - OTMS - INFO - Successfully created model for table 'audit_log' from flex database
2025-12-10 14:46:43 - OTMS - INFO - Successfully loaded custom table model for 'audit_log'
2025-12-10 14:46:43 - OTMS - INFO - Retrieved 11 columns for data source 'audit_log'
2025-12-10 14:46:44 - OTMS - INFO - Loaded 68 tables from primary database
2025-12-10 14:46:44 - OTMS - INFO - Loaded 68 tables from flexible database
2025-12-10 14:46:44 - OTMS - INFO - Added 0 additional custom tables from location_config
2025-12-10 14:46:44 - OTMS - INFO - Attempting to load custom table 'audit_log'
2025-12-10 14:46:44 - OTMS - INFO - Reflecting table 'audit_log' from flex database...
2025-12-10 14:46:44 - OTMS - INFO - Successfully created model for table 'audit_log' from flex database
2025-12-10 14:46:44 - OTMS - INFO - Successfully loaded custom table model for 'audit_log'
2025-12-10 14:46:44 - OTMS - INFO - Retrieved 11 columns for data source 'audit_log'
2025-12-10 14:46:44 - OTMS - INFO - Attempting to load custom table 'audit_log'
2025-12-10 14:46:44 - OTMS - INFO - Reflecting table 'audit_log' from flex database...
2025-12-10 14:46:44 - OTMS - INFO - Successfully created model for table 'audit_log' from flex database
2025-12-10 14:46:44 - OTMS - INFO - Successfully loaded custom table model for 'audit_log'
2025-12-10 14:46:44 - OTMS - INFO - Retrieved 11 columns for data source 'audit_log'
2025-12-10 14:46:46 - OTMS - INFO - Loaded 68 tables from primary database
2025-12-10 14:46:46 - OTMS - INFO - Loaded 68 tables from flexible database
2025-12-10 14:46:46 - OTMS - INFO - Added 0 additional custom tables from location_config
2025-12-10 14:46:46 - OTMS - INFO - Attempting to load custom table 'audit_log'
2025-12-10 14:46:46 - OTMS - INFO - Reflecting table 'audit_log' from flex database...
2025-12-10 14:46:46 - OTMS - INFO - Successfully created model for table 'audit_log' from flex database
2025-12-10 14:46:46 - OTMS - INFO - Successfully loaded custom table model for 'audit_log'
2025-12-10 14:46:46 - OTMS - INFO - Retrieved 11 columns for data source 'audit_log'
2025-12-10 14:46:47 - OTMS - INFO - Attempting to load custom table 'audit_log'
2025-12-10 14:46:47 - OTMS - INFO - Reflecting table 'audit_log' from flex database...
2025-12-10 14:46:47 - OTMS - INFO - Successfully created model for table 'audit_log' from flex database
2025-12-10 14:46:47 - OTMS - INFO - Successfully loaded custom table model for 'audit_log'
2025-12-10 14:46:47 - OTMS - INFO - Retrieved 11 columns for data source 'audit_log'
2025-12-10 14:46:49 - OTMS - INFO - Loaded 68 tables from primary database
2025-12-10 14:46:49 - OTMS - INFO - Loaded 68 tables from flexible database
2025-12-10 14:46:49 - OTMS - INFO - Added 0 additional custom tables from location_config
2025-12-10 14:46:49 - OTMS - INFO - Attempting to load custom table 'audit_log'
2025-12-10 14:46:49 - OTMS - INFO - Reflecting table 'audit_log' from flex database...
2025-12-10 14:46:49 - OTMS - INFO - Successfully created model for table 'audit_log' from flex database
2025-12-10 14:46:49 - OTMS - INFO - Successfully loaded custom table model for 'audit_log'
2025-12-10 14:46:49 - OTMS - INFO - Retrieved 11 columns for data source 'audit_log'
2025-12-10 14:46:49 - OTMS - INFO - Attempting to load custom table 'audit_log'
2025-12-10 14:46:49 - OTMS - INFO - Reflecting table 'audit_log' from flex database...
2025-12-10 14:46:49 - OTMS - INFO - Successfully created model for table 'audit_log' from flex database
2025-12-10 14:46:49 - OTMS - INFO - Successfully loaded custom table model for 'audit_log'
2025-12-10 14:46:49 - OTMS - INFO - Retrieved 11 columns for data source 'audit_log'
2025-12-10 14:46:56 - OTMS - INFO - Loaded 68 tables from primary database
2025-12-10 14:46:56 - OTMS - INFO - Loaded 68 tables from flexible database
2025-12-10 14:46:56 - OTMS - INFO - Added 0 additional custom tables from location_config
2025-12-10 14:46:56 - OTMS - INFO - Attempting to load custom table 'audit_log'
2025-12-10 14:46:56 - OTMS - INFO - Reflecting table 'audit_log' from flex database...
2025-12-10 14:46:56 - OTMS - INFO - Successfully created model for table 'audit_log' from flex database
2025-12-10 14:46:56 - OTMS - INFO - Successfully loaded custom table model for 'audit_log'
2025-12-10 14:46:56 - OTMS - INFO - Retrieved 11 columns for data source 'audit_log'
2025-12-10 14:46:56 - OTMS - INFO - Attempting to load custom table 'audit_log'
2025-12-10 14:46:56 - OTMS - INFO - Reflecting table 'audit_log' from flex database...
2025-12-10 14:46:56 - OTMS - INFO - Successfully created model for table 'audit_log' from flex database
2025-12-10 14:46:56 - OTMS - INFO - Successfully loaded custom table model for 'audit_log'
2025-12-10 14:46:56 - OTMS - INFO - Retrieved 11 columns for data source 'audit_log'
2025-12-10 14:46:57 - OTMS - INFO - Loaded 68 tables from primary database
2025-12-10 14:46:57 - OTMS - INFO - Loaded 68 tables from flexible database
2025-12-10 14:46:57 - OTMS - INFO - Added 0 additional custom tables from location_config
2025-12-10 14:46:57 - OTMS - INFO - Attempting to load custom table 'audit_log'
2025-12-10 14:46:57 - OTMS - INFO - Reflecting table 'audit_log' from flex database...
2025-12-10 14:46:57 - OTMS - INFO - Successfully created model for table 'audit_log' from flex database
2025-12-10 14:46:57 - OTMS - INFO - Successfully loaded custom table model for 'audit_log'
2025-12-10 14:46:57 - OTMS - INFO - Retrieved 11 columns for data source 'audit_log'
2025-12-10 14:46:57 - OTMS - INFO - Attempting to load custom table 'audit_log'
2025-12-10 14:46:57 - OTMS - INFO - Reflecting table 'audit_log' from flex database...
2025-12-10 14:46:58 - OTMS - INFO - Successfully created model for table 'audit_log' from flex database
2025-12-10 14:46:58 - OTMS - INFO - Successfully loaded custom table model for 'audit_log'
2025-12-10 14:46:58 - OTMS - INFO - Retrieved 11 columns for data source 'audit_log'
2025-12-10 14:47:00 - OTMS - INFO - Loaded 68 tables from primary database
2025-12-10 14:47:00 - OTMS - INFO - Loaded 68 tables from flexible database
2025-12-10 14:47:00 - OTMS - INFO - Added 0 additional custom tables from location_config
2025-12-10 14:47:00 - OTMS - INFO - Attempting to load custom table 'audit_log'
2025-12-10 14:47:00 - OTMS - INFO - Reflecting table 'audit_log' from flex database...
2025-12-10 14:47:00 - OTMS - INFO - Successfully created model for table 'audit_log' from flex database
2025-12-10 14:47:00 - OTMS - INFO - Successfully loaded custom table model for 'audit_log'
2025-12-10 14:47:00 - OTMS - INFO - Retrieved 11 columns for data source 'audit_log'
2025-12-10 14:47:00 - OTMS - INFO - Attempting to load custom table 'audit_log'
2025-12-10 14:47:00 - OTMS - INFO - Reflecting table 'audit_log' from flex database...
2025-12-10 14:47:00 - OTMS - INFO - Successfully created model for table 'audit_log' from flex database
2025-12-10 14:47:00 - OTMS - INFO - Successfully loaded custom table model for 'audit_log'
2025-12-10 14:47:00 - OTMS - INFO - Retrieved 11 columns for data source 'audit_log'
2025-12-10 14:47:10 - OTMS - INFO - Loaded 68 tables from primary database
2025-12-10 14:47:10 - OTMS - INFO - Loaded 68 tables from flexible database
2025-12-10 14:47:10 - OTMS - INFO - Added 0 additional custom tables from location_config
2025-12-10 14:47:10 - OTMS - INFO - Attempting to load custom table 'audit_log'
2025-12-10 14:47:10 - OTMS - INFO - Reflecting table 'audit_log' from flex database...
2025-12-10 14:47:10 - OTMS - INFO - Successfully created model for table 'audit_log' from flex database
2025-12-10 14:47:10 - OTMS - INFO - Successfully loaded custom table model for 'audit_log'
2025-12-10 14:47:10 - OTMS - INFO - Retrieved 11 columns for data source 'audit_log'
2025-12-10 14:47:10 - OTMS - INFO - Attempting to create custom table 'export_utapate_terminal_export_data_tulja_kalyani' for location_id=2
2025-12-10 14:47:10 - OTMS - INFO - Database connection verified for table 'export_utapate_terminal_export_data_tulja_kalyani' creation
2025-12-10 14:47:10 - OTMS - INFO - Table 'export_utapate_terminal_export_data_tulja_kalyani' does not exist. Creating new table...
2025-12-10 14:47:10 - OTMS - INFO - Processing 5 custom column definitions for table 'export_utapate_terminal_export_data_tulja_kalyani'
2025-12-10 14:47:10 - OTMS - INFO - Added column 'bl_date' (date) to table 'export_utapate_terminal_export_data_tulja_kalyani'
2025-12-10 14:47:10 - OTMS - INFO - Added column 'vessel_name' (text) to table 'export_utapate_terminal_export_data_tulja_kalyani'
2025-12-10 14:47:10 - OTMS - INFO - Added column 'quantity_bbls' (number) to table 'export_utapate_terminal_export_data_tulja_kalyani'
2025-12-10 14:47:10 - OTMS - INFO - Added column 'consignee' (dropdown) to table 'export_utapate_terminal_export_data_tulja_kalyani'
2025-12-10 14:47:10 - OTMS - INFO - Added column 'consignor' (dropdown) to table 'export_utapate_terminal_export_data_tulja_kalyani'
2025-12-10 14:47:10 - OTMS - INFO - Creating table 'export_utapate_terminal_export_data_tulja_kalyani' with 12 columns in database...
2025-12-10 14:47:10 - OTMS - INFO - ✅ Successfully created table 'export_utapate_terminal_export_data_tulja_kalyani'
2025-12-10 14:47:10 - OTMS - INFO - Loaded 69 tables from primary database
2025-12-10 14:47:10 - OTMS - INFO - Loaded 69 tables from flexible database
2025-12-10 14:47:10 - OTMS - INFO - Added 0 additional custom tables from location_config
2025-12-10 14:47:10 - OTMS - INFO - Attempting to load custom table 'export_utapate_terminal_export_data_tulja_kalyani'
2025-12-10 14:47:10 - OTMS - INFO - Reflecting table 'export_utapate_terminal_export_data_tulja_kalyani' from flex database...
2025-12-10 14:47:10 - OTMS - INFO - Successfully created model for table 'export_utapate_terminal_export_data_tulja_kalyani' from flex database
2025-12-10 14:47:10 - OTMS - INFO - Successfully loaded custom table model for 'export_utapate_terminal_export_data_tulja_kalyani'
2025-12-10 14:47:10 - OTMS - INFO - Retrieved 12 columns for data source 'export_utapate_terminal_export_data_tulja_kalyani'
2025-12-10 14:47:11 - OTMS - INFO - Attempting to load custom table 'audit_log'
2025-12-10 14:47:11 - OTMS - INFO - Reflecting table 'audit_log' from flex database...
2025-12-10 14:47:11 - OTMS - INFO - Successfully created model for table 'audit_log' from flex database
2025-12-10 14:47:11 - OTMS - INFO - Successfully loaded custom table model for 'audit_log'
2025-12-10 14:47:11 - OTMS - INFO - Retrieved 11 columns for data source 'audit_log'
2025-12-10 14:47:15 - OTMS - INFO - Reflecting table 'export_utapate_terminal_export_data_tulja_kalyani' from flex database...
2025-12-10 14:47:15 - OTMS - INFO - Successfully created model for table 'export_utapate_terminal_export_data_tulja_kalyani' from flex database
2025-12-10 14:48:15 - OTMS - INFO - Reflecting table 'export_utapate_terminal_export_data_tulja_kalyani' from flex database...
2025-12-10 14:48:15 - OTMS - INFO - Successfully created model for table 'export_utapate_terminal_export_data_tulja_kalyani' from flex database
2025-12-10 14:48:15 - OTMS - INFO - Reflecting table 'export_utapate_terminal_export_data_tulja_kalyani' from flex database...
2025-12-10 14:48:15 - OTMS - INFO - Successfully created model for table 'export_utapate_terminal_export_data_tulja_kalyani' from flex database
2025-12-10 14:48:22 - OTMS - INFO - Reflecting table 'export_utapate_terminal_export_data_tulja_kalyani' from flex database...
2025-12-10 14:48:22 - OTMS - INFO - Successfully created model for table 'export_utapate_terminal_export_data_tulja_kalyani' from flex database
2025-12-10 14:48:22 - OTMS - INFO - Reflecting table 'export_utapate_terminal_export_data_tulja_kalyani' from flex database...
2025-12-10 14:48:22 - OTMS - INFO - Successfully created model for table 'export_utapate_terminal_export_data_tulja_kalyani' from flex database
2025-12-10 14:48:44 - OTMS - INFO - Reflecting table 'export_utapate_terminal_export_data_tulja_kalyani' from flex database...
2025-12-10 14:48:44 - OTMS - INFO - Successfully created model for table 'export_utapate_terminal_export_data_tulja_kalyani' from flex database
2025-12-10 14:48:44 - OTMS - INFO - Reflecting table 'export_utapate_terminal_export_data_tulja_kalyani' from flex database...
2025-12-10 14:48:44 - OTMS - INFO - Successfully created model for table 'export_utapate_terminal_export_data_tulja_kalyani' from flex database
2025-12-10 14:56:56 - OTMS - INFO - Reflecting table 'export_utapate_terminal_export_data_tulja_kalyani' from flex database...
2025-12-10 14:56:56 - OTMS - INFO - Successfully created model for table 'export_utapate_terminal_export_data_tulja_kalyani' from flex database
2025-12-10 14:58:43 - OTMS - INFO - Reflecting table 'export_utapate_terminal_export_data_tulja_kalyani' from flex database...
2025-12-10 14:58:43 - OTMS - INFO - Successfully created model for table 'export_utapate_terminal_export_data_tulja_kalyani' from flex database
2025-12-10 14:59:01 - OTMS - INFO - Loaded 69 tables from primary database
2025-12-10 14:59:01 - OTMS - INFO - Loaded 69 tables from flexible database
2025-12-10 14:59:01 - OTMS - INFO - Added 0 additional custom tables from location_config
2025-12-10 14:59:01 - OTMS - INFO - Attempting to load custom table 'export_utapate_terminal_export_data_tulja_kalyani'
2025-12-10 14:59:01 - OTMS - INFO - Reflecting table 'export_utapate_terminal_export_data_tulja_kalyani' from flex database...
2025-12-10 14:59:01 - OTMS - INFO - Successfully created model for table 'export_utapate_terminal_export_data_tulja_kalyani' from flex database
2025-12-10 14:59:01 - OTMS - INFO - Successfully loaded custom table model for 'export_utapate_terminal_export_data_tulja_kalyani'
2025-12-10 14:59:01 - OTMS - INFO - Retrieved 12 columns for data source 'export_utapate_terminal_export_data_tulja_kalyani'
2025-12-10 14:59:01 - OTMS - INFO - Attempting to load custom table 'audit_log'
2025-12-10 14:59:01 - OTMS - INFO - Reflecting table 'audit_log' from flex database...
2025-12-10 14:59:01 - OTMS - INFO - Successfully created model for table 'audit_log' from flex database
2025-12-10 14:59:01 - OTMS - INFO - Successfully loaded custom table model for 'audit_log'
2025-12-10 14:59:01 - OTMS - INFO - Retrieved 11 columns for data source 'audit_log'
2025-12-10 14:59:48 - OTMS - INFO - Loaded 69 tables from primary database
2025-12-10 14:59:48 - OTMS - INFO - Loaded 69 tables from flexible database
2025-12-10 14:59:48 - OTMS - INFO - Added 0 additional custom tables from location_config
2025-12-10 14:59:48 - OTMS - INFO - Attempting to load custom table 'export_utapate_terminal_export_data_tulja_kalyani'
2025-12-10 14:59:48 - OTMS - INFO - Reflecting table 'export_utapate_terminal_export_data_tulja_kalyani' from flex database...
2025-12-10 14:59:48 - OTMS - INFO - Successfully created model for table 'export_utapate_terminal_export_data_tulja_kalyani' from flex database
2025-12-10 14:59:48 - OTMS - INFO - Successfully loaded custom table model for 'export_utapate_terminal_export_data_tulja_kalyani'
2025-12-10 14:59:48 - OTMS - INFO - Retrieved 12 columns for data source 'export_utapate_terminal_export_data_tulja_kalyani'
2025-12-10 14:59:48 - OTMS - INFO - Attempting to load custom table 'audit_log'
2025-12-10 14:59:48 - OTMS - INFO - Reflecting table 'audit_log' from flex database...
2025-12-10 14:59:48 - OTMS - INFO - Successfully created model for table 'audit_log' from flex database
2025-12-10 14:59:48 - OTMS - INFO - Successfully loaded custom table model for 'audit_log'
2025-12-10 14:59:48 - OTMS - INFO - Retrieved 11 columns for data source 'audit_log'
2025-12-10 14:59:49 - OTMS - INFO - Loaded 69 tables from primary database
2025-12-10 14:59:49 - OTMS - INFO - Loaded 69 tables from flexible database
2025-12-10 14:59:49 - OTMS - INFO - Added 0 additional custom tables from location_config
2025-12-10 14:59:49 - OTMS - INFO - Attempting to load custom table 'export_utapate_terminal_export_data_tulja_kalyani'
2025-12-10 14:59:49 - OTMS - INFO - Reflecting table 'export_utapate_terminal_export_data_tulja_kalyani' from flex database...
2025-12-10 14:59:49 - OTMS - INFO - Successfully created model for table 'export_utapate_terminal_export_data_tulja_kalyani' from flex database
2025-12-10 14:59:49 - OTMS - INFO - Successfully loaded custom table model for 'export_utapate_terminal_export_data_tulja_kalyani'
2025-12-10 14:59:49 - OTMS - INFO - Retrieved 12 columns for data source 'export_utapate_terminal_export_data_tulja_kalyani'
2025-12-10 14:59:49 - OTMS - INFO - Attempting to load custom table 'audit_log'
2025-12-10 14:59:49 - OTMS - INFO - Reflecting table 'audit_log' from flex database...
2025-12-10 14:59:49 - OTMS - INFO - Successfully created model for table 'audit_log' from flex database
2025-12-10 14:59:49 - OTMS - INFO - Successfully loaded custom table model for 'audit_log'
2025-12-10 14:59:49 - OTMS - INFO - Retrieved 11 columns for data source 'audit_log'
2025-12-10 15:00:20 - OTMS - INFO - Loaded 69 tables from primary database
2025-12-10 15:00:20 - OTMS - INFO - Loaded 69 tables from flexible database
2025-12-10 15:00:20 - OTMS - INFO - Added 0 additional custom tables from location_config
2025-12-10 15:00:20 - OTMS - INFO - Attempting to load custom table 'export_utapate_terminal_export_data_tulja_kalyani'
2025-12-10 15:00:20 - OTMS - INFO - Reflecting table 'export_utapate_terminal_export_data_tulja_kalyani' from flex database...
2025-12-10 15:00:20 - OTMS - INFO - Successfully created model for table 'export_utapate_terminal_export_data_tulja_kalyani' from flex database
2025-12-10 15:00:20 - OTMS - INFO - Successfully loaded custom table model for 'export_utapate_terminal_export_data_tulja_kalyani'
2025-12-10 15:00:20 - OTMS - INFO - Retrieved 12 columns for data source 'export_utapate_terminal_export_data_tulja_kalyani'
2025-12-10 15:00:20 - OTMS - INFO - Attempting to load custom table 'audit_log'
2025-12-10 15:00:20 - OTMS - INFO - Reflecting table 'audit_log' from flex database...
2025-12-10 15:00:20 - OTMS - INFO - Successfully created model for table 'audit_log' from flex database
2025-12-10 15:00:20 - OTMS - INFO - Successfully loaded custom table model for 'audit_log'
2025-12-10 15:00:20 - OTMS - INFO - Retrieved 11 columns for data source 'audit_log'
2025-12-10 15:00:25 - OTMS - INFO - Loaded 69 tables from primary database
2025-12-10 15:00:25 - OTMS - INFO - Loaded 69 tables from flexible database
2025-12-10 15:00:25 - OTMS - INFO - Added 0 additional custom tables from location_config
2025-12-10 15:00:25 - OTMS - INFO - Attempting to load custom table 'export_utapate_terminal_export_data_tulja_kalyani'
2025-12-10 15:00:25 - OTMS - INFO - Reflecting table 'export_utapate_terminal_export_data_tulja_kalyani' from flex database...
2025-12-10 15:00:25 - OTMS - INFO - Successfully created model for table 'export_utapate_terminal_export_data_tulja_kalyani' from flex database
2025-12-10 15:00:25 - OTMS - INFO - Successfully loaded custom table model for 'export_utapate_terminal_export_data_tulja_kalyani'
2025-12-10 15:00:25 - OTMS - INFO - Retrieved 12 columns for data source 'export_utapate_terminal_export_data_tulja_kalyani'
2025-12-10 15:00:25 - OTMS - INFO - Attempting to load custom table 'audit_log'
2025-12-10 15:00:25 - OTMS - INFO - Reflecting table 'audit_log' from flex database...
2025-12-10 15:00:25 - OTMS - INFO - Successfully created model for table 'audit_log' from flex database
2025-12-10 15:00:25 - OTMS - INFO - Successfully loaded custom table model for 'audit_log'
2025-12-10 15:00:25 - OTMS - INFO - Retrieved 11 columns for data source 'audit_log'
2025-12-10 15:00:28 - OTMS - INFO - Loaded 69 tables from primary database
2025-12-10 15:00:28 - OTMS - INFO - Loaded 69 tables from flexible database
2025-12-10 15:00:28 - OTMS - INFO - Added 0 additional custom tables from location_config
2025-12-10 15:00:28 - OTMS - INFO - Attempting to load custom table 'export_utapate_terminal_export_data_tulja_kalyani'
2025-12-10 15:00:28 - OTMS - INFO - Reflecting table 'export_utapate_terminal_export_data_tulja_kalyani' from flex database...
2025-12-10 15:00:28 - OTMS - INFO - Successfully created model for table 'export_utapate_terminal_export_data_tulja_kalyani' from flex database
2025-12-10 15:00:28 - OTMS - INFO - Successfully loaded custom table model for 'export_utapate_terminal_export_data_tulja_kalyani'
2025-12-10 15:00:28 - OTMS - INFO - Retrieved 12 columns for data source 'export_utapate_terminal_export_data_tulja_kalyani'
2025-12-10 15:00:28 - OTMS - INFO - Attempting to load custom table 'audit_log'
2025-12-10 15:00:28 - OTMS - INFO - Reflecting table 'audit_log' from flex database...
2025-12-10 15:00:28 - OTMS - INFO - Successfully created model for table 'audit_log' from flex database
2025-12-10 15:00:28 - OTMS - INFO - Successfully loaded custom table model for 'audit_log'
2025-12-10 15:00:28 - OTMS - INFO - Retrieved 11 columns for data source 'audit_log'
2025-12-10 15:00:29 - OTMS - INFO - Loaded 69 tables from primary database
2025-12-10 15:00:29 - OTMS - INFO - Loaded 69 tables from flexible database
2025-12-10 15:00:29 - OTMS - INFO - Added 0 additional custom tables from location_config
2025-12-10 15:00:29 - OTMS - INFO - Attempting to load custom table 'export_utapate_terminal_export_data_tulja_kalyani'
2025-12-10 15:00:29 - OTMS - INFO - Reflecting table 'export_utapate_terminal_export_data_tulja_kalyani' from flex database...
2025-12-10 15:00:29 - OTMS - INFO - Successfully created model for table 'export_utapate_terminal_export_data_tulja_kalyani' from flex database
2025-12-10 15:00:29 - OTMS - INFO - Successfully loaded custom table model for 'export_utapate_terminal_export_data_tulja_kalyani'
2025-12-10 15:00:29 - OTMS - INFO - Retrieved 12 columns for data source 'export_utapate_terminal_export_data_tulja_kalyani'
2025-12-10 15:00:30 - OTMS - INFO - Attempting to load custom table 'audit_log'
2025-12-10 15:00:30 - OTMS - INFO - Reflecting table 'audit_log' from flex database...
2025-12-10 15:00:30 - OTMS - INFO - Successfully created model for table 'audit_log' from flex database
2025-12-10 15:00:30 - OTMS - INFO - Successfully loaded custom table model for 'audit_log'
2025-12-10 15:00:30 - OTMS - INFO - Retrieved 11 columns for data source 'audit_log'
2025-12-10 15:00:39 - OTMS - INFO - Loaded 69 tables from primary database
2025-12-10 15:00:39 - OTMS - INFO - Loaded 69 tables from flexible database
2025-12-10 15:00:39 - OTMS - INFO - Added 0 additional custom tables from location_config
2025-12-10 15:00:39 - OTMS - INFO - Attempting to load custom table 'export_utapate_terminal_export_data_tulja_kalyani'
2025-12-10 15:00:39 - OTMS - INFO - Reflecting table 'export_utapate_terminal_export_data_tulja_kalyani' from flex database...
2025-12-10 15:00:39 - OTMS - INFO - Successfully created model for table 'export_utapate_terminal_export_data_tulja_kalyani' from flex database
2025-12-10 15:00:39 - OTMS - INFO - Successfully loaded custom table model for 'export_utapate_terminal_export_data_tulja_kalyani'
2025-12-10 15:00:39 - OTMS - INFO - Retrieved 12 columns for data source 'export_utapate_terminal_export_data_tulja_kalyani'
2025-12-10 15:00:39 - OTMS - INFO - Attempting to load custom table 'audit_log'
2025-12-10 15:00:39 - OTMS - INFO - Reflecting table 'audit_log' from flex database...
2025-12-10 15:00:39 - OTMS - INFO - Successfully created model for table 'audit_log' from flex database
2025-12-10 15:00:39 - OTMS - INFO - Successfully loaded custom table model for 'audit_log'
2025-12-10 15:00:39 - OTMS - INFO - Retrieved 11 columns for data source 'audit_log'
2025-12-10 15:00:43 - OTMS - INFO - Loaded 69 tables from primary database
2025-12-10 15:00:43 - OTMS - INFO - Loaded 69 tables from flexible database
2025-12-10 15:00:43 - OTMS - INFO - Added 0 additional custom tables from location_config
2025-12-10 15:00:43 - OTMS - INFO - Attempting to load custom table 'export_utapate_terminal_export_data_tulja_kalyani'
2025-12-10 15:00:43 - OTMS - INFO - Reflecting table 'export_utapate_terminal_export_data_tulja_kalyani' from flex database...
2025-12-10 15:00:43 - OTMS - INFO - Successfully created model for table 'export_utapate_terminal_export_data_tulja_kalyani' from flex database
2025-12-10 15:00:43 - OTMS - INFO - Successfully loaded custom table model for 'export_utapate_terminal_export_data_tulja_kalyani'
2025-12-10 15:00:43 - OTMS - INFO - Retrieved 12 columns for data source 'export_utapate_terminal_export_data_tulja_kalyani'
2025-12-10 15:00:43 - OTMS - INFO - Attempting to load custom table 'audit_log'
2025-12-10 15:00:43 - OTMS - INFO - Reflecting table 'audit_log' from flex database...
2025-12-10 15:00:43 - OTMS - INFO - Successfully created model for table 'audit_log' from flex database
2025-12-10 15:00:43 - OTMS - INFO - Successfully loaded custom table model for 'audit_log'
2025-12-10 15:00:43 - OTMS - INFO - Retrieved 11 columns for data source 'audit_log'
2025-12-10 15:00:47 - OTMS - INFO - Loaded 69 tables from primary database
2025-12-10 15:00:47 - OTMS - INFO - Loaded 69 tables from flexible database
2025-12-10 15:00:47 - OTMS - INFO - Added 0 additional custom tables from location_config
2025-12-10 15:00:47 - OTMS - INFO - Attempting to load custom table 'export_utapate_terminal_export_data_tulja_kalyani'
2025-12-10 15:00:47 - OTMS - INFO - Reflecting table 'export_utapate_terminal_export_data_tulja_kalyani' from flex database...
2025-12-10 15:00:47 - OTMS - INFO - Successfully created model for table 'export_utapate_terminal_export_data_tulja_kalyani' from flex database
2025-12-10 15:00:47 - OTMS - INFO - Successfully loaded custom table model for 'export_utapate_terminal_export_data_tulja_kalyani'
2025-12-10 15:00:47 - OTMS - INFO - Retrieved 12 columns for data source 'export_utapate_terminal_export_data_tulja_kalyani'
2025-12-10 15:00:47 - OTMS - INFO - Attempting to load custom table 'audit_log'
2025-12-10 15:00:47 - OTMS - INFO - Reflecting table 'audit_log' from flex database...
2025-12-10 15:00:47 - OTMS - INFO - Successfully created model for table 'audit_log' from flex database
2025-12-10 15:00:47 - OTMS - INFO - Successfully loaded custom table model for 'audit_log'
2025-12-10 15:00:47 - OTMS - INFO - Retrieved 11 columns for data source 'audit_log'
2025-12-10 15:00:51 - OTMS - INFO - Loaded 69 tables from primary database
2025-12-10 15:00:51 - OTMS - INFO - Loaded 69 tables from flexible database
2025-12-10 15:00:51 - OTMS - INFO - Added 0 additional custom tables from location_config
2025-12-10 15:00:51 - OTMS - INFO - Attempting to load custom table 'export_utapate_terminal_export_data_tulja_kalyani'
2025-12-10 15:00:51 - OTMS - INFO - Reflecting table 'export_utapate_terminal_export_data_tulja_kalyani' from flex database...
2025-12-10 15:00:51 - OTMS - INFO - Successfully created model for table 'export_utapate_terminal_export_data_tulja_kalyani' from flex database
2025-12-10 15:00:51 - OTMS - INFO - Successfully loaded custom table model for 'export_utapate_terminal_export_data_tulja_kalyani'
2025-12-10 15:00:51 - OTMS - INFO - Retrieved 12 columns for data source 'export_utapate_terminal_export_data_tulja_kalyani'
2025-12-10 15:00:51 - OTMS - INFO - Attempting to load custom table 'audit_log'
2025-12-10 15:00:51 - OTMS - INFO - Reflecting table 'audit_log' from flex database...
2025-12-10 15:00:51 - OTMS - INFO - Successfully created model for table 'audit_log' from flex database
2025-12-10 15:00:51 - OTMS - INFO - Successfully loaded custom table model for 'audit_log'
2025-12-10 15:00:51 - OTMS - INFO - Retrieved 11 columns for data source 'audit_log'
2025-12-10 15:00:52 - OTMS - INFO - Loaded 69 tables from primary database
2025-12-10 15:00:52 - OTMS - INFO - Loaded 69 tables from flexible database
2025-12-10 15:00:52 - OTMS - INFO - Added 0 additional custom tables from location_config
2025-12-10 15:00:52 - OTMS - INFO - Attempting to load custom table 'export_utapate_terminal_export_data_tulja_kalyani'
2025-12-10 15:00:52 - OTMS - INFO - Reflecting table 'export_utapate_terminal_export_data_tulja_kalyani' from flex database...
2025-12-10 15:00:52 - OTMS - INFO - Successfully created model for table 'export_utapate_terminal_export_data_tulja_kalyani' from flex database
2025-12-10 15:00:52 - OTMS - INFO - Successfully loaded custom table model for 'export_utapate_terminal_export_data_tulja_kalyani'
2025-12-10 15:00:52 - OTMS - INFO - Retrieved 12 columns for data source 'export_utapate_terminal_export_data_tulja_kalyani'
2025-12-10 15:00:52 - OTMS - INFO - Attempting to load custom table 'audit_log'
2025-12-10 15:00:52 - OTMS - INFO - Reflecting table 'audit_log' from flex database...
2025-12-10 15:00:52 - OTMS - INFO - Successfully created model for table 'audit_log' from flex database
2025-12-10 15:00:52 - OTMS - INFO - Successfully loaded custom table model for 'audit_log'
2025-12-10 15:00:52 - OTMS - INFO - Retrieved 11 columns for data source 'audit_log'
2025-12-10 15:00:54 - OTMS - INFO - Loaded 69 tables from primary database
2025-12-10 15:00:54 - OTMS - INFO - Loaded 69 tables from flexible database
2025-12-10 15:00:54 - OTMS - INFO - Added 0 additional custom tables from location_config
2025-12-10 15:00:54 - OTMS - INFO - Attempting to load custom table 'export_utapate_terminal_export_data_tulja_kalyani'
2025-12-10 15:00:54 - OTMS - INFO - Reflecting table 'export_utapate_terminal_export_data_tulja_kalyani' from flex database...
2025-12-10 15:00:54 - OTMS - INFO - Successfully created model for table 'export_utapate_terminal_export_data_tulja_kalyani' from flex database
2025-12-10 15:00:54 - OTMS - INFO - Successfully loaded custom table model for 'export_utapate_terminal_export_data_tulja_kalyani'
2025-12-10 15:00:54 - OTMS - INFO - Retrieved 12 columns for data source 'export_utapate_terminal_export_data_tulja_kalyani'
2025-12-10 15:00:54 - OTMS - INFO - Attempting to load custom table 'audit_log'
2025-12-10 15:00:54 - OTMS - INFO - Reflecting table 'audit_log' from flex database...
2025-12-10 15:00:54 - OTMS - INFO - Successfully created model for table 'audit_log' from flex database
2025-12-10 15:00:54 - OTMS - INFO - Successfully loaded custom table model for 'audit_log'
2025-12-10 15:00:54 - OTMS - INFO - Retrieved 11 columns for data source 'audit_log'
2025-12-10 15:00:56 - OTMS - INFO - Reflecting table 'export_utapate_terminal_export_data_tulja_kalyani' from flex database...
2025-12-10 15:00:56 - OTMS - INFO - Successfully created model for table 'export_utapate_terminal_export_data_tulja_kalyani' from flex database
2025-12-10 15:00:57 - OTMS - INFO - Loaded 69 tables from primary database
2025-12-10 15:00:57 - OTMS - INFO - Loaded 69 tables from flexible database
2025-12-10 15:00:57 - OTMS - INFO - Added 0 additional custom tables from location_config
2025-12-10 15:00:57 - OTMS - INFO - Attempting to load custom table 'export_utapate_terminal_export_data_tulja_kalyani'
2025-12-10 15:00:57 - OTMS - INFO - Reflecting table 'export_utapate_terminal_export_data_tulja_kalyani' from flex database...
2025-12-10 15:00:57 - OTMS - INFO - Successfully created model for table 'export_utapate_terminal_export_data_tulja_kalyani' from flex database
2025-12-10 15:00:57 - OTMS - INFO - Successfully loaded custom table model for 'export_utapate_terminal_export_data_tulja_kalyani'
2025-12-10 15:00:57 - OTMS - INFO - Retrieved 13 columns for data source 'export_utapate_terminal_export_data_tulja_kalyani'
2025-12-10 15:00:57 - OTMS - INFO - Attempting to load custom table 'audit_log'
2025-12-10 15:00:57 - OTMS - INFO - Reflecting table 'audit_log' from flex database...
2025-12-10 15:00:57 - OTMS - INFO - Successfully created model for table 'audit_log' from flex database
2025-12-10 15:00:57 - OTMS - INFO - Successfully loaded custom table model for 'audit_log'
2025-12-10 15:00:57 - OTMS - INFO - Retrieved 11 columns for data source 'audit_log'
2025-12-10 15:00:58 - OTMS - INFO - Loaded 69 tables from primary database
2025-12-10 15:00:58 - OTMS - INFO - Loaded 69 tables from flexible database
2025-12-10 15:00:58 - OTMS - INFO - Added 0 additional custom tables from location_config
2025-12-10 15:00:58 - OTMS - INFO - Attempting to load custom table 'export_utapate_terminal_export_data_tulja_kalyani'
2025-12-10 15:00:58 - OTMS - INFO - Reflecting table 'export_utapate_terminal_export_data_tulja_kalyani' from flex database...
2025-12-10 15:00:58 - OTMS - INFO - Successfully created model for table 'export_utapate_terminal_export_data_tulja_kalyani' from flex database
2025-12-10 15:00:58 - OTMS - INFO - Successfully loaded custom table model for 'export_utapate_terminal_export_data_tulja_kalyani'
2025-12-10 15:00:58 - OTMS - INFO - Retrieved 13 columns for data source 'export_utapate_terminal_export_data_tulja_kalyani'
2025-12-10 15:00:58 - OTMS - INFO - Attempting to load custom table 'audit_log'
2025-12-10 15:00:58 - OTMS - INFO - Reflecting table 'audit_log' from flex database...
2025-12-10 15:00:58 - OTMS - INFO - Successfully created model for table 'audit_log' from flex database
2025-12-10 15:00:58 - OTMS - INFO - Successfully loaded custom table model for 'audit_log'
2025-12-10 15:00:58 - OTMS - INFO - Retrieved 11 columns for data source 'audit_log'
2025-12-10 15:02:44 - OTMS - INFO - Reflecting table 'export_utapate_terminal_export_data_tulja_kalyani' from flex database...
2025-12-10 15:02:44 - OTMS - INFO - Successfully created model for table 'export_utapate_terminal_export_data_tulja_kalyani' from flex database
2025-12-10 15:03:06 - OTMS - INFO - Reflecting table 'export_utapate_terminal_export_data_tulja_kalyani' from flex database...
2025-12-10 15:03:06 - OTMS - INFO - Successfully created model for table 'export_utapate_terminal_export_data_tulja_kalyani' from flex database
2025-12-10 15:03:06 - OTMS - INFO - Reflecting table 'export_utapate_terminal_export_data_tulja_kalyani' from flex database...
2025-12-10 15:03:06 - OTMS - INFO - Successfully created model for table 'export_utapate_terminal_export_data_tulja_kalyani' from flex database
2025-12-10 15:10:57 - OTMS - INFO - Reflecting table 'export_utapate_terminal_export_data_tulja_kalyani' from flex database...
2025-12-10 15:10:57 - OTMS - INFO - Successfully created model for table 'export_utapate_terminal_export_data_tulja_kalyani' from flex database
2025-12-10 15:10:57 - OTMS - INFO - Reflecting table 'export_utapate_terminal_export_data_tulja_kalyani' from flex database...
2025-12-10 15:10:57 - OTMS - INFO - Successfully created model for table 'export_utapate_terminal_export_data_tulja_kalyani' from flex database
2025-12-10 15:10:57 - OTMS - INFO - Reflecting table 'export_utapate_terminal_export_data_tulja_kalyani' from flex database...
2025-12-10 15:10:57 - OTMS - INFO - Successfully created model for table 'export_utapate_terminal_export_data_tulja_kalyani' from flex database
2025-12-10 15:10:58 - OTMS - INFO - Reflecting table 'export_utapate_terminal_export_data_tulja_kalyani' from flex database...
2025-12-10 15:10:58 - OTMS - INFO - Successfully created model for table 'export_utapate_terminal_export_data_tulja_kalyani' from flex database
2025-12-10 15:10:58 - OTMS - INFO - Reflecting table 'export_utapate_terminal_export_data_tulja_kalyani' from flex database...
2025-12-10 15:10:58 - OTMS - INFO - Successfully created model for table 'export_utapate_terminal_export_data_tulja_kalyani' from flex database
2025-12-10 15:19:20 - OTMS - INFO - Reflecting table 'export_utapate_terminal_export_data_tulja_kalyani' from flex database...
2025-12-10 15:19:20 - OTMS - INFO - Successfully created model for table 'export_utapate_terminal_export_data_tulja_kalyani' from flex database
2025-12-10 15:19:43 - OTMS - INFO - Reflecting table 'export_utapate_terminal_export_data_tulja_kalyani' from flex database...
2025-12-10 15:19:43 - OTMS - INFO - Successfully created model for table 'export_utapate_terminal_export_data_tulja_kalyani' from flex database
2025-12-10 15:19:58 - OTMS - INFO - Reflecting table 'export_utapate_terminal_export_data_tulja_kalyani' from flex database...
2025-12-10 15:19:58 - OTMS - INFO - Successfully created model for table 'export_utapate_terminal_export_data_tulja_kalyani' from flex database
2025-12-10 15:20:08 - OTMS - INFO - Reflecting table 'export_utapate_terminal_export_data_tulja_kalyani' from flex database...
2025-12-10 15:20:08 - OTMS - INFO - Successfully created model for table 'export_utapate_terminal_export_data_tulja_kalyani' from flex database
2025-12-10 15:21:35 - OTMS - INFO - Reflecting table 'export_utapate_terminal_export_data_tulja_kalyani' from flex database...
2025-12-10 15:21:35 - OTMS - INFO - Successfully created model for table 'export_utapate_terminal_export_data_tulja_kalyani' from flex database
2025-12-10 15:21:37 - OTMS - INFO - Reflecting table 'export_utapate_terminal_export_data_tulja_kalyani' from flex database...
2025-12-10 15:21:37 - OTMS - INFO - Successfully created model for table 'export_utapate_terminal_export_data_tulja_kalyani' from flex database
2025-12-10 15:21:40 - OTMS - INFO - Reflecting table 'export_utapate_terminal_export_data_tulja_kalyani' from flex database...
2025-12-10 15:21:40 - OTMS - INFO - Successfully created model for table 'export_utapate_terminal_export_data_tulja_kalyani' from flex database
2025-12-10 15:23:34 - OTMS - INFO - Reflecting table 'export_utapate_terminal_export_data_tulja_kalyani' from flex database...
2025-12-10 15:23:34 - OTMS - INFO - Successfully created model for table 'export_utapate_terminal_export_data_tulja_kalyani' from flex database
2025-12-10 15:23:36 - OTMS - INFO - Reflecting table 'export_utapate_terminal_export_data_tulja_kalyani' from flex database...
2025-12-10 15:23:36 - OTMS - INFO - Successfully created model for table 'export_utapate_terminal_export_data_tulja_kalyani' from flex database
2025-12-10 15:23:36 - OTMS - INFO - Reflecting table 'export_utapate_terminal_export_data_tulja_kalyani' from flex database...
2025-12-10 15:23:36 - OTMS - INFO - Successfully created model for table 'export_utapate_terminal_export_data_tulja_kalyani' from flex database
2025-12-10 15:23:38 - OTMS - INFO - Reflecting table 'export_utapate_terminal_export_data_tulja_kalyani' from flex database...
2025-12-10 15:23:38 - OTMS - INFO - Successfully created model for table 'export_utapate_terminal_export_data_tulja_kalyani' from flex database
2025-12-10 15:23:40 - OTMS - INFO - Reflecting table 'export_utapate_terminal_export_data_tulja_kalyani' from flex database...
2025-12-10 15:23:40 - OTMS - INFO - Successfully created model for table 'export_utapate_terminal_export_data_tulja_kalyani' from flex database
2025-12-10 15:23:40 - OTMS - INFO - Reflecting table 'export_utapate_terminal_export_data_tulja_kalyani' from flex database...
2025-12-10 15:23:40 - OTMS - INFO - Successfully created model for table 'export_utapate_terminal_export_data_tulja_kalyani' from flex database
2025-12-10 15:23:42 - OTMS - INFO - Reflecting table 'export_utapate_terminal_export_data_tulja_kalyani' from flex database...
2025-12-10 15:23:42 - OTMS - INFO - Successfully created model for table 'export_utapate_terminal_export_data_tulja_kalyani' from flex database
2025-12-10 15:23:43 - OTMS - INFO - Reflecting table 'export_utapate_terminal_export_data_tulja_kalyani' from flex database...
2025-12-10 15:23:43 - OTMS - INFO - Successfully created model for table 'export_utapate_terminal_export_data_tulja_kalyani' from flex database
2025-12-10 15:23:43 - OTMS - INFO - Reflecting table 'export_utapate_terminal_export_data_tulja_kalyani' from flex database...
2025-12-10 15:23:43 - OTMS - INFO - Successfully created model for table 'export_utapate_terminal_export_data_tulja_kalyani' from flex database
2025-12-10 15:24:30 - OTMS - INFO - Loaded 69 tables from primary database
2025-12-10 15:24:30 - OTMS - INFO - Loaded 69 tables from flexible database
2025-12-10 15:24:30 - OTMS - INFO - Added 0 additional custom tables from location_config
2025-12-10 15:24:30 - OTMS - INFO - Attempting to load custom table 'export_utapate_terminal_export_data_tulja_kalyani'
2025-12-10 15:24:30 - OTMS - INFO - Reflecting table 'export_utapate_terminal_export_data_tulja_kalyani' from flex database...
2025-12-10 15:24:30 - OTMS - INFO - Successfully created model for table 'export_utapate_terminal_export_data_tulja_kalyani' from flex database
2025-12-10 15:24:30 - OTMS - INFO - Successfully loaded custom table model for 'export_utapate_terminal_export_data_tulja_kalyani'
2025-12-10 15:24:30 - OTMS - INFO - Retrieved 13 columns for data source 'export_utapate_terminal_export_data_tulja_kalyani'
2025-12-10 15:24:30 - OTMS - INFO - Attempting to load custom table 'audit_log'
2025-12-10 15:24:30 - OTMS - INFO - Reflecting table 'audit_log' from flex database...
2025-12-10 15:24:30 - OTMS - INFO - Successfully created model for table 'audit_log' from flex database
2025-12-10 15:24:30 - OTMS - INFO - Successfully loaded custom table model for 'audit_log'
2025-12-10 15:24:30 - OTMS - INFO - Retrieved 11 columns for data source 'audit_log'
2025-12-10 15:24:37 - OTMS - INFO - Loaded 69 tables from primary database
2025-12-10 15:24:37 - OTMS - INFO - Loaded 69 tables from flexible database
2025-12-10 15:24:37 - OTMS - INFO - Added 0 additional custom tables from location_config
2025-12-10 15:24:37 - OTMS - INFO - Attempting to load custom table 'export_utapate_terminal_export_data_tulja_kalyani'
2025-12-10 15:24:37 - OTMS - INFO - Reflecting table 'export_utapate_terminal_export_data_tulja_kalyani' from flex database...
2025-12-10 15:24:37 - OTMS - INFO - Successfully created model for table 'export_utapate_terminal_export_data_tulja_kalyani' from flex database
2025-12-10 15:24:37 - OTMS - INFO - Successfully loaded custom table model for 'export_utapate_terminal_export_data_tulja_kalyani'
2025-12-10 15:24:37 - OTMS - INFO - Retrieved 13 columns for data source 'export_utapate_terminal_export_data_tulja_kalyani'
2025-12-10 15:24:37 - OTMS - INFO - Attempting to load custom table 'audit_log'
2025-12-10 15:24:37 - OTMS - INFO - Reflecting table 'audit_log' from flex database...
2025-12-10 15:24:37 - OTMS - INFO - Successfully created model for table 'audit_log' from flex database
2025-12-10 15:24:37 - OTMS - INFO - Successfully loaded custom table model for 'audit_log'
2025-12-10 15:24:37 - OTMS - INFO - Retrieved 11 columns for data source 'audit_log'
2025-12-10 15:24:40 - OTMS - INFO - Loaded 68 tables from primary database
2025-12-10 15:24:40 - OTMS - INFO - Loaded 68 tables from flexible database
2025-12-10 15:24:40 - OTMS - INFO - Added 0 additional custom tables from location_config
2025-12-10 15:24:40 - OTMS - INFO - Attempting to load custom table 'audit_log'
2025-12-10 15:24:40 - OTMS - INFO - Reflecting table 'audit_log' from flex database...
2025-12-10 15:24:40 - OTMS - INFO - Successfully created model for table 'audit_log' from flex database
2025-12-10 15:24:40 - OTMS - INFO - Successfully loaded custom table model for 'audit_log'
2025-12-10 15:24:40 - OTMS - INFO - Retrieved 11 columns for data source 'audit_log'
2025-12-10 15:24:40 - OTMS - INFO - Attempting to load custom table 'audit_log'
2025-12-10 15:24:40 - OTMS - INFO - Reflecting table 'audit_log' from flex database...
2025-12-10 15:24:40 - OTMS - INFO - Successfully created model for table 'audit_log' from flex database
2025-12-10 15:24:40 - OTMS - INFO - Successfully loaded custom table model for 'audit_log'
2025-12-10 15:24:40 - OTMS - INFO - Retrieved 11 columns for data source 'audit_log'
2025-12-10 15:32:09 - OTMS - INFO - Loaded 68 tables from primary database
2025-12-10 15:32:09 - OTMS - INFO - Loaded 68 tables from flexible database
2025-12-10 15:32:10 - OTMS - INFO - Added 0 additional custom tables from location_config
2025-12-10 15:32:10 - OTMS - INFO - Loaded 68 tables from primary database
2025-12-10 15:32:10 - OTMS - INFO - Loaded 68 tables from flexible database
2025-12-10 15:32:10 - OTMS - INFO - Added 0 additional custom tables from location_config
2025-12-10 15:32:10 - OTMS - INFO - Attempting to load custom table 'audit_log'
2025-12-10 15:32:10 - OTMS - INFO - Reflecting table 'audit_log' from flex database...
2025-12-10 15:32:10 - OTMS - INFO - Successfully created model for table 'audit_log' from flex database
2025-12-10 15:32:10 - OTMS - INFO - Successfully loaded custom table model for 'audit_log'
2025-12-10 15:32:10 - OTMS - INFO - Retrieved 11 columns for data source 'audit_log'
2025-12-10 15:32:10 - OTMS - INFO - Attempting to load custom table 'audit_log'
2025-12-10 15:32:10 - OTMS - INFO - Reflecting table 'audit_log' from flex database...
2025-12-10 15:32:10 - OTMS - INFO - Successfully created model for table 'audit_log' from flex database
2025-12-10 15:32:10 - OTMS - INFO - Successfully loaded custom table model for 'audit_log'
2025-12-10 15:32:10 - OTMS - INFO - Retrieved 11 columns for data source 'audit_log'
2025-12-10 15:32:21 - OTMS - INFO - Loaded 68 tables from primary database
2025-12-10 15:32:21 - OTMS - INFO - Loaded 68 tables from flexible database
2025-12-10 15:32:21 - OTMS - INFO - Added 0 additional custom tables from location_config
2025-12-10 15:32:21 - OTMS - INFO - Attempting to load custom table 'audit_log'
2025-12-10 15:32:21 - OTMS - INFO - Reflecting table 'audit_log' from flex database...
2025-12-10 15:32:21 - OTMS - INFO - Successfully created model for table 'audit_log' from flex database
2025-12-10 15:32:21 - OTMS - INFO - Successfully loaded custom table model for 'audit_log'
2025-12-10 15:32:21 - OTMS - INFO - Retrieved 11 columns for data source 'audit_log'
2025-12-10 15:32:21 - OTMS - INFO - Attempting to load custom table 'audit_log'
2025-12-10 15:32:21 - OTMS - INFO - Reflecting table 'audit_log' from flex database...
2025-12-10 15:32:21 - OTMS - INFO - Successfully created model for table 'audit_log' from flex database
2025-12-10 15:32:21 - OTMS - INFO - Successfully loaded custom table model for 'audit_log'
2025-12-10 15:32:21 - OTMS - INFO - Retrieved 11 columns for data source 'audit_log'
2025-12-10 15:32:22 - OTMS - INFO - Loaded 68 tables from primary database
2025-12-10 15:32:22 - OTMS - INFO - Loaded 68 tables from flexible database
2025-12-10 15:32:22 - OTMS - INFO - Added 0 additional custom tables from location_config
2025-12-10 15:32:22 - OTMS - INFO - Attempting to load custom table 'audit_log'
2025-12-10 15:32:22 - OTMS - INFO - Reflecting table 'audit_log' from flex database...
2025-12-10 15:32:23 - OTMS - INFO - Successfully created model for table 'audit_log' from flex database
2025-12-10 15:32:23 - OTMS - INFO - Successfully loaded custom table model for 'audit_log'
2025-12-10 15:32:23 - OTMS - INFO - Retrieved 11 columns for data source 'audit_log'
2025-12-10 15:32:23 - OTMS - INFO - Attempting to load custom table 'audit_log'
2025-12-10 15:32:23 - OTMS - INFO - Reflecting table 'audit_log' from flex database...
2025-12-10 15:32:23 - OTMS - INFO - Successfully created model for table 'audit_log' from flex database
2025-12-10 15:32:23 - OTMS - INFO - Successfully loaded custom table model for 'audit_log'
2025-12-10 15:32:23 - OTMS - INFO - Retrieved 11 columns for data source 'audit_log'
2025-12-10 15:32:23 - OTMS - INFO - Loaded 68 tables from primary database
2025-12-10 15:32:23 - OTMS - INFO - Loaded 68 tables from flexible database
2025-12-10 15:32:23 - OTMS - INFO - Added 0 additional custom tables from location_config
2025-12-10 15:32:23 - OTMS - INFO - Attempting to load custom table 'audit_log'
2025-12-10 15:32:23 - OTMS - INFO - Reflecting table 'audit_log' from flex database...
2025-12-10 15:32:23 - OTMS - INFO - Successfully created model for table 'audit_log' from flex database
2025-12-10 15:32:23 - OTMS - INFO - Successfully loaded custom table model for 'audit_log'
2025-12-10 15:32:23 - OTMS - INFO - Retrieved 11 columns for data source 'audit_log'
2025-12-10 15:32:23 - OTMS - INFO - Attempting to load custom table 'audit_log'
2025-12-10 15:32:23 - OTMS - INFO - Reflecting table 'audit_log' from flex database...
2025-12-10 15:32:23 - OTMS - INFO - Successfully created model for table 'audit_log' from flex database
2025-12-10 15:32:23 - OTMS - INFO - Successfully loaded custom table model for 'audit_log'
2025-12-10 15:32:23 - OTMS - INFO - Retrieved 11 columns for data source 'audit_log'
2025-12-10 15:32:31 - OTMS - INFO - Loaded 68 tables from primary database
2025-12-10 15:32:31 - OTMS - INFO - Loaded 68 tables from flexible database
2025-12-10 15:32:31 - OTMS - INFO - Added 0 additional custom tables from location_config
2025-12-10 15:32:31 - OTMS - INFO - Attempting to load custom table 'audit_log'
2025-12-10 15:32:31 - OTMS - INFO - Reflecting table 'audit_log' from flex database...
2025-12-10 15:32:31 - OTMS - INFO - Successfully created model for table 'audit_log' from flex database
2025-12-10 15:32:31 - OTMS - INFO - Successfully loaded custom table model for 'audit_log'
2025-12-10 15:32:31 - OTMS - INFO - Retrieved 11 columns for data source 'audit_log'
2025-12-10 15:32:31 - OTMS - INFO - Attempting to load custom table 'audit_log'
2025-12-10 15:32:31 - OTMS - INFO - Reflecting table 'audit_log' from flex database...
2025-12-10 15:32:31 - OTMS - INFO - Successfully created model for table 'audit_log' from flex database
2025-12-10 15:32:31 - OTMS - INFO - Successfully loaded custom table model for 'audit_log'
2025-12-10 15:32:31 - OTMS - INFO - Retrieved 11 columns for data source 'audit_log'
2025-12-10 15:32:33 - OTMS - INFO - Loaded 68 tables from primary database
2025-12-10 15:32:33 - OTMS - INFO - Loaded 68 tables from flexible database
2025-12-10 15:32:33 - OTMS - INFO - Added 0 additional custom tables from location_config
2025-12-10 15:32:33 - OTMS - INFO - Attempting to load custom table 'audit_log'
2025-12-10 15:32:33 - OTMS - INFO - Reflecting table 'audit_log' from flex database...
2025-12-10 15:32:33 - OTMS - INFO - Successfully created model for table 'audit_log' from flex database
2025-12-10 15:32:33 - OTMS - INFO - Successfully loaded custom table model for 'audit_log'
2025-12-10 15:32:33 - OTMS - INFO - Retrieved 11 columns for data source 'audit_log'
2025-12-10 15:32:33 - OTMS - INFO - Attempting to load custom table 'audit_log'
2025-12-10 15:32:33 - OTMS - INFO - Reflecting table 'audit_log' from flex database...
2025-12-10 15:32:33 - OTMS - INFO - Successfully created model for table 'audit_log' from flex database
2025-12-10 15:32:33 - OTMS - INFO - Successfully loaded custom table model for 'audit_log'
2025-12-10 15:32:33 - OTMS - INFO - Retrieved 11 columns for data source 'audit_log'
2025-12-10 15:32:35 - OTMS - INFO - Loaded 68 tables from primary database
2025-12-10 15:32:35 - OTMS - INFO - Loaded 68 tables from flexible database
2025-12-10 15:32:35 - OTMS - INFO - Added 0 additional custom tables from location_config
2025-12-10 15:32:35 - OTMS - INFO - Attempting to load custom table 'audit_log'
2025-12-10 15:32:35 - OTMS - INFO - Reflecting table 'audit_log' from flex database...
2025-12-10 15:32:35 - OTMS - INFO - Successfully created model for table 'audit_log' from flex database
2025-12-10 15:32:35 - OTMS - INFO - Successfully loaded custom table model for 'audit_log'
2025-12-10 15:32:35 - OTMS - INFO - Retrieved 11 columns for data source 'audit_log'
2025-12-10 15:32:35 - OTMS - INFO - Attempting to load custom table 'audit_log'
2025-12-10 15:32:35 - OTMS - INFO - Reflecting table 'audit_log' from flex database...
2025-12-10 15:32:35 - OTMS - INFO - Successfully created model for table 'audit_log' from flex database
2025-12-10 15:32:35 - OTMS - INFO - Successfully loaded custom table model for 'audit_log'
2025-12-10 15:32:35 - OTMS - INFO - Retrieved 11 columns for data source 'audit_log'
2025-12-10 15:32:38 - OTMS - INFO - Loaded 68 tables from primary database
2025-12-10 15:32:38 - OTMS - INFO - Loaded 68 tables from flexible database
2025-12-10 15:32:38 - OTMS - INFO - Added 0 additional custom tables from location_config
2025-12-10 15:32:38 - OTMS - INFO - Attempting to load custom table 'audit_log'
2025-12-10 15:32:38 - OTMS - INFO - Reflecting table 'audit_log' from flex database...
2025-12-10 15:32:38 - OTMS - INFO - Successfully created model for table 'audit_log' from flex database
2025-12-10 15:32:38 - OTMS - INFO - Successfully loaded custom table model for 'audit_log'
2025-12-10 15:32:38 - OTMS - INFO - Retrieved 11 columns for data source 'audit_log'
2025-12-10 15:32:38 - OTMS - INFO - Attempting to load custom table 'audit_log'
2025-12-10 15:32:38 - OTMS - INFO - Reflecting table 'audit_log' from flex database...
2025-12-10 15:32:38 - OTMS - INFO - Successfully created model for table 'audit_log' from flex database
2025-12-10 15:32:38 - OTMS - INFO - Successfully loaded custom table model for 'audit_log'
2025-12-10 15:32:38 - OTMS - INFO - Retrieved 11 columns for data source 'audit_log'
2025-12-10 15:32:40 - OTMS - INFO - Loaded 68 tables from primary database
2025-12-10 15:32:40 - OTMS - INFO - Loaded 68 tables from flexible database
2025-12-10 15:32:40 - OTMS - INFO - Added 0 additional custom tables from location_config
2025-12-10 15:32:40 - OTMS - INFO - Attempting to load custom table 'audit_log'
2025-12-10 15:32:40 - OTMS - INFO - Reflecting table 'audit_log' from flex database...
2025-12-10 15:32:40 - OTMS - INFO - Successfully created model for table 'audit_log' from flex database
2025-12-10 15:32:40 - OTMS - INFO - Successfully loaded custom table model for 'audit_log'
2025-12-10 15:32:40 - OTMS - INFO - Retrieved 11 columns for data source 'audit_log'
2025-12-10 15:32:40 - OTMS - INFO - Attempting to load custom table 'audit_log'
2025-12-10 15:32:40 - OTMS - INFO - Reflecting table 'audit_log' from flex database...
2025-12-10 15:32:40 - OTMS - INFO - Successfully created model for table 'audit_log' from flex database
2025-12-10 15:32:40 - OTMS - INFO - Successfully loaded custom table model for 'audit_log'
2025-12-10 15:32:40 - OTMS - INFO - Retrieved 11 columns for data source 'audit_log'
2025-12-10 15:32:43 - OTMS - INFO - Loaded 68 tables from primary database
2025-12-10 15:32:43 - OTMS - INFO - Loaded 68 tables from flexible database
2025-12-10 15:32:43 - OTMS - INFO - Added 0 additional custom tables from location_config
2025-12-10 15:32:43 - OTMS - INFO - Attempting to load custom table 'audit_log'
2025-12-10 15:32:43 - OTMS - INFO - Reflecting table 'audit_log' from flex database...
2025-12-10 15:32:43 - OTMS - INFO - Successfully created model for table 'audit_log' from flex database
2025-12-10 15:32:43 - OTMS - INFO - Successfully loaded custom table model for 'audit_log'
2025-12-10 15:32:43 - OTMS - INFO - Retrieved 11 columns for data source 'audit_log'
2025-12-10 15:32:43 - OTMS - INFO - Attempting to load custom table 'audit_log'
2025-12-10 15:32:43 - OTMS - INFO - Reflecting table 'audit_log' from flex database...
2025-12-10 15:32:43 - OTMS - INFO - Successfully created model for table 'audit_log' from flex database
2025-12-10 15:32:43 - OTMS - INFO - Successfully loaded custom table model for 'audit_log'
2025-12-10 15:32:43 - OTMS - INFO - Retrieved 11 columns for data source 'audit_log'
2025-12-10 15:32:45 - OTMS - INFO - Loaded 68 tables from primary database
2025-12-10 15:32:45 - OTMS - INFO - Loaded 68 tables from flexible database
2025-12-10 15:32:45 - OTMS - INFO - Added 0 additional custom tables from location_config
2025-12-10 15:32:45 - OTMS - INFO - Attempting to load custom table 'audit_log'
2025-12-10 15:32:45 - OTMS - INFO - Reflecting table 'audit_log' from flex database...
2025-12-10 15:32:45 - OTMS - INFO - Successfully created model for table 'audit_log' from flex database
2025-12-10 15:32:45 - OTMS - INFO - Successfully loaded custom table model for 'audit_log'
2025-12-10 15:32:45 - OTMS - INFO - Retrieved 11 columns for data source 'audit_log'
2025-12-10 15:32:45 - OTMS - INFO - Attempting to load custom table 'audit_log'
2025-12-10 15:32:45 - OTMS - INFO - Reflecting table 'audit_log' from flex database...
2025-12-10 15:32:45 - OTMS - INFO - Successfully created model for table 'audit_log' from flex database
2025-12-10 15:32:45 - OTMS - INFO - Successfully loaded custom table model for 'audit_log'
2025-12-10 15:32:45 - OTMS - INFO - Retrieved 11 columns for data source 'audit_log'
2025-12-10 15:32:50 - OTMS - INFO - Loaded 68 tables from primary database
2025-12-10 15:32:50 - OTMS - INFO - Loaded 68 tables from flexible database
2025-12-10 15:32:50 - OTMS - INFO - Added 0 additional custom tables from location_config
2025-12-10 15:32:50 - OTMS - INFO - Attempting to load custom table 'audit_log'
2025-12-10 15:32:50 - OTMS - INFO - Reflecting table 'audit_log' from flex database...
2025-12-10 15:32:50 - OTMS - INFO - Successfully created model for table 'audit_log' from flex database
2025-12-10 15:32:50 - OTMS - INFO - Successfully loaded custom table model for 'audit_log'
2025-12-10 15:32:50 - OTMS - INFO - Retrieved 11 columns for data source 'audit_log'
2025-12-10 15:32:50 - OTMS - INFO - Attempting to load custom table 'audit_log'
2025-12-10 15:32:50 - OTMS - INFO - Reflecting table 'audit_log' from flex database...
2025-12-10 15:32:50 - OTMS - INFO - Successfully created model for table 'audit_log' from flex database
2025-12-10 15:32:50 - OTMS - INFO - Successfully loaded custom table model for 'audit_log'
2025-12-10 15:32:50 - OTMS - INFO - Retrieved 11 columns for data source 'audit_log'
2025-12-10 15:32:54 - OTMS - INFO - Loaded 68 tables from primary database
2025-12-10 15:32:54 - OTMS - INFO - Loaded 68 tables from flexible database
2025-12-10 15:32:54 - OTMS - INFO - Added 0 additional custom tables from location_config
2025-12-10 15:32:54 - OTMS - INFO - Attempting to load custom table 'audit_log'
2025-12-10 15:32:54 - OTMS - INFO - Reflecting table 'audit_log' from flex database...
2025-12-10 15:32:54 - OTMS - INFO - Successfully created model for table 'audit_log' from flex database
2025-12-10 15:32:54 - OTMS - INFO - Successfully loaded custom table model for 'audit_log'
2025-12-10 15:32:54 - OTMS - INFO - Retrieved 11 columns for data source 'audit_log'
2025-12-10 15:32:54 - OTMS - INFO - Attempting to load custom table 'audit_log'
2025-12-10 15:32:54 - OTMS - INFO - Reflecting table 'audit_log' from flex database...
2025-12-10 15:32:54 - OTMS - INFO - Successfully created model for table 'audit_log' from flex database
2025-12-10 15:32:54 - OTMS - INFO - Successfully loaded custom table model for 'audit_log'
2025-12-10 15:32:54 - OTMS - INFO - Retrieved 11 columns for data source 'audit_log'
2025-12-10 15:32:56 - OTMS - INFO - Loaded 68 tables from primary database
2025-12-10 15:32:56 - OTMS - INFO - Loaded 68 tables from flexible database
2025-12-10 15:32:56 - OTMS - INFO - Added 0 additional custom tables from location_config
2025-12-10 15:32:56 - OTMS - INFO - Attempting to load custom table 'audit_log'
2025-12-10 15:32:56 - OTMS - INFO - Reflecting table 'audit_log' from flex database...
2025-12-10 15:32:56 - OTMS - INFO - Successfully created model for table 'audit_log' from flex database
2025-12-10 15:32:56 - OTMS - INFO - Successfully loaded custom table model for 'audit_log'
2025-12-10 15:32:56 - OTMS - INFO - Retrieved 11 columns for data source 'audit_log'
2025-12-10 15:32:56 - OTMS - INFO - Attempting to load custom table 'audit_log'
2025-12-10 15:32:56 - OTMS - INFO - Reflecting table 'audit_log' from flex database...
2025-12-10 15:32:56 - OTMS - INFO - Successfully created model for table 'audit_log' from flex database
2025-12-10 15:32:56 - OTMS - INFO - Successfully loaded custom table model for 'audit_log'
2025-12-10 15:32:56 - OTMS - INFO - Retrieved 11 columns for data source 'audit_log'
2025-12-10 15:32:59 - OTMS - INFO - Loaded 68 tables from primary database
2025-12-10 15:32:59 - OTMS - INFO - Loaded 68 tables from flexible database
2025-12-10 15:32:59 - OTMS - INFO - Added 0 additional custom tables from location_config
2025-12-10 15:32:59 - OTMS - INFO - Attempting to load custom table 'audit_log'
2025-12-10 15:32:59 - OTMS - INFO - Reflecting table 'audit_log' from flex database...
2025-12-10 15:32:59 - OTMS - INFO - Successfully created model for table 'audit_log' from flex database
2025-12-10 15:32:59 - OTMS - INFO - Successfully loaded custom table model for 'audit_log'
2025-12-10 15:32:59 - OTMS - INFO - Retrieved 11 columns for data source 'audit_log'
2025-12-10 15:32:59 - OTMS - INFO - Attempting to load custom table 'audit_log'
2025-12-10 15:32:59 - OTMS - INFO - Reflecting table 'audit_log' from flex database...
2025-12-10 15:32:59 - OTMS - INFO - Successfully created model for table 'audit_log' from flex database
2025-12-10 15:32:59 - OTMS - INFO - Successfully loaded custom table model for 'audit_log'
2025-12-10 15:32:59 - OTMS - INFO - Retrieved 11 columns for data source 'audit_log'
2025-12-10 15:33:07 - OTMS - INFO - Loaded 68 tables from primary database
2025-12-10 15:33:07 - OTMS - INFO - Loaded 68 tables from flexible database
2025-12-10 15:33:07 - OTMS - INFO - Added 0 additional custom tables from location_config
2025-12-10 15:33:07 - OTMS - INFO - Attempting to load custom table 'audit_log'
2025-12-10 15:33:07 - OTMS - INFO - Reflecting table 'audit_log' from flex database...
2025-12-10 15:33:07 - OTMS - INFO - Successfully created model for table 'audit_log' from flex database
2025-12-10 15:33:07 - OTMS - INFO - Successfully loaded custom table model for 'audit_log'
2025-12-10 15:33:07 - OTMS - INFO - Retrieved 11 columns for data source 'audit_log'
2025-12-10 15:33:07 - OTMS - INFO - Attempting to load custom table 'audit_log'
2025-12-10 15:33:07 - OTMS - INFO - Reflecting table 'audit_log' from flex database...
2025-12-10 15:33:07 - OTMS - INFO - Successfully created model for table 'audit_log' from flex database
2025-12-10 15:33:07 - OTMS - INFO - Successfully loaded custom table model for 'audit_log'
2025-12-10 15:33:07 - OTMS - INFO - Retrieved 11 columns for data source 'audit_log'
2025-12-10 15:33:09 - OTMS - INFO - Loaded 68 tables from primary database
2025-12-10 15:33:09 - OTMS - INFO - Loaded 68 tables from flexible database
2025-12-10 15:33:09 - OTMS - INFO - Added 0 additional custom tables from location_config
2025-12-10 15:33:09 - OTMS - INFO - Attempting to load custom table 'audit_log'
2025-12-10 15:33:09 - OTMS - INFO - Reflecting table 'audit_log' from flex database...
2025-12-10 15:33:09 - OTMS - INFO - Successfully created model for table 'audit_log' from flex database
2025-12-10 15:33:09 - OTMS - INFO - Successfully loaded custom table model for 'audit_log'
2025-12-10 15:33:09 - OTMS - INFO - Retrieved 11 columns for data source 'audit_log'
2025-12-10 15:33:09 - OTMS - INFO - Attempting to load custom table 'audit_log'
2025-12-10 15:33:09 - OTMS - INFO - Reflecting table 'audit_log' from flex database...
2025-12-10 15:33:09 - OTMS - INFO - Successfully created model for table 'audit_log' from flex database
2025-12-10 15:33:09 - OTMS - INFO - Successfully loaded custom table model for 'audit_log'
2025-12-10 15:33:09 - OTMS - INFO - Retrieved 11 columns for data source 'audit_log'
2025-12-10 15:33:13 - OTMS - INFO - Loaded 68 tables from primary database
2025-12-10 15:33:13 - OTMS - INFO - Loaded 68 tables from flexible database
2025-12-10 15:33:13 - OTMS - INFO - Added 0 additional custom tables from location_config
2025-12-10 15:33:13 - OTMS - INFO - Attempting to load custom table 'audit_log'
2025-12-10 15:33:13 - OTMS - INFO - Reflecting table 'audit_log' from flex database...
2025-12-10 15:33:13 - OTMS - INFO - Successfully created model for table 'audit_log' from flex database
2025-12-10 15:33:13 - OTMS - INFO - Successfully loaded custom table model for 'audit_log'
2025-12-10 15:33:13 - OTMS - INFO - Retrieved 11 columns for data source 'audit_log'
2025-12-10 15:33:13 - OTMS - INFO - Attempting to load custom table 'audit_log'
2025-12-10 15:33:13 - OTMS - INFO - Reflecting table 'audit_log' from flex database...
2025-12-10 15:33:13 - OTMS - INFO - Successfully created model for table 'audit_log' from flex database
2025-12-10 15:33:13 - OTMS - INFO - Successfully loaded custom table model for 'audit_log'
2025-12-10 15:33:13 - OTMS - INFO - Retrieved 11 columns for data source 'audit_log'
2025-12-10 15:33:16 - OTMS - INFO - Attempting to create custom table 'export_utapate_terminal_export_data_tulja_kalyani' for location_id=9
2025-12-10 15:33:16 - OTMS - INFO - Database connection verified for table 'export_utapate_terminal_export_data_tulja_kalyani' creation
2025-12-10 15:33:16 - OTMS - INFO - Table 'export_utapate_terminal_export_data_tulja_kalyani' does not exist. Creating new table...
2025-12-10 15:33:16 - OTMS - INFO - Processing 3 custom column definitions for table 'export_utapate_terminal_export_data_tulja_kalyani'
2025-12-10 15:33:16 - OTMS - INFO - Added column 'bl_date' (date) to table 'export_utapate_terminal_export_data_tulja_kalyani'
2025-12-10 15:33:16 - OTMS - INFO - Added column 'vessel_name' (text) to table 'export_utapate_terminal_export_data_tulja_kalyani'
2025-12-10 15:33:16 - OTMS - INFO - Added column 'quantity' (number) to table 'export_utapate_terminal_export_data_tulja_kalyani'
2025-12-10 15:33:16 - OTMS - INFO - Creating table 'export_utapate_terminal_export_data_tulja_kalyani' with 10 columns in database...
2025-12-10 15:33:16 - OTMS - INFO - ✅ Successfully created table 'export_utapate_terminal_export_data_tulja_kalyani'
2025-12-10 15:33:16 - OTMS - INFO - Loaded 69 tables from primary database
2025-12-10 15:33:16 - OTMS - INFO - Loaded 69 tables from flexible database
2025-12-10 15:33:16 - OTMS - INFO - Added 0 additional custom tables from location_config
2025-12-10 15:33:16 - OTMS - INFO - Attempting to load custom table 'export_utapate_terminal_export_data_tulja_kalyani'
2025-12-10 15:33:16 - OTMS - INFO - Reflecting table 'export_utapate_terminal_export_data_tulja_kalyani' from flex database...
2025-12-10 15:33:16 - OTMS - INFO - Successfully created model for table 'export_utapate_terminal_export_data_tulja_kalyani' from flex database
2025-12-10 15:33:16 - OTMS - INFO - Successfully loaded custom table model for 'export_utapate_terminal_export_data_tulja_kalyani'
2025-12-10 15:33:16 - OTMS - INFO - Retrieved 10 columns for data source 'export_utapate_terminal_export_data_tulja_kalyani'
2025-12-10 15:33:16 - OTMS - INFO - Attempting to load custom table 'audit_log'
2025-12-10 15:33:16 - OTMS - INFO - Reflecting table 'audit_log' from flex database...
2025-12-10 15:33:16 - OTMS - INFO - Successfully created model for table 'audit_log' from flex database
2025-12-10 15:33:16 - OTMS - INFO - Successfully loaded custom table model for 'audit_log'
2025-12-10 15:33:16 - OTMS - INFO - Retrieved 11 columns for data source 'audit_log'
2025-12-10 15:33:20 - OTMS - INFO - Reflecting table 'export_utapate_terminal_export_data_tulja_kalyani' from flex database...
2025-12-10 15:33:20 - OTMS - INFO - Successfully created model for table 'export_utapate_terminal_export_data_tulja_kalyani' from flex database
2025-12-10 15:35:15 - OTMS - INFO - Reflecting table 'export_utapate_terminal_export_data_tulja_kalyani' from flex database...
2025-12-10 15:35:15 - OTMS - INFO - Successfully created model for table 'export_utapate_terminal_export_data_tulja_kalyani' from flex database
2025-12-10 15:35:15 - OTMS - INFO - Reflecting table 'export_utapate_terminal_export_data_tulja_kalyani' from flex database...
2025-12-10 15:35:15 - OTMS - INFO - Successfully created model for table 'export_utapate_terminal_export_data_tulja_kalyani' from flex database
2025-12-10 15:35:48 - OTMS - INFO - Reflecting table 'export_utapate_terminal_export_data_tulja_kalyani' from flex database...
2025-12-10 15:35:48 - OTMS - INFO - Successfully created model for table 'export_utapate_terminal_export_data_tulja_kalyani' from flex database
2025-12-10 15:36:01 - OTMS - INFO - Reflecting table 'export_utapate_terminal_export_data_tulja_kalyani' from flex database...
2025-12-10 15:36:01 - OTMS - INFO - Successfully created model for table 'export_utapate_terminal_export_data_tulja_kalyani' from flex database
2025-12-10 15:36:31 - OTMS - INFO - Reflecting table 'export_utapate_terminal_export_data_tulja_kalyani' from flex database...
2025-12-10 15:36:31 - OTMS - INFO - Successfully created model for table 'export_utapate_terminal_export_data_tulja_kalyani' from flex database
2025-12-10 15:36:35 - OTMS - INFO - Reflecting table 'export_utapate_terminal_export_data_tulja_kalyani' from flex database...
2025-12-10 15:36:35 - OTMS - INFO - Successfully created model for table 'export_utapate_terminal_export_data_tulja_kalyani' from flex database
2025-12-10 15:36:47 - OTMS - INFO - Loaded 69 tables from primary database
2025-12-10 15:36:47 - OTMS - INFO - Loaded 69 tables from flexible database
2025-12-10 15:36:47 - OTMS - INFO - Added 0 additional custom tables from location_config
2025-12-10 15:36:47 - OTMS - INFO - Attempting to load custom table 'audit_log'
2025-12-10 15:36:47 - OTMS - INFO - Reflecting table 'audit_log' from flex database...
2025-12-10 15:36:47 - OTMS - INFO - Successfully created model for table 'audit_log' from flex database
2025-12-10 15:36:47 - OTMS - INFO - Successfully loaded custom table model for 'audit_log'
2025-12-10 15:36:47 - OTMS - INFO - Retrieved 11 columns for data source 'audit_log'
2025-12-10 15:36:47 - OTMS - INFO - Attempting to load custom table 'audit_log'
2025-12-10 15:36:47 - OTMS - INFO - Reflecting table 'audit_log' from flex database...
2025-12-10 15:36:47 - OTMS - INFO - Successfully created model for table 'audit_log' from flex database
2025-12-10 15:36:47 - OTMS - INFO - Successfully loaded custom table model for 'audit_log'
2025-12-10 15:36:47 - OTMS - INFO - Retrieved 11 columns for data source 'audit_log'
2025-12-10 15:36:47 - OTMS - INFO - Attempting to load custom table 'audit_log'
2025-12-10 15:36:47 - OTMS - INFO - Reflecting table 'audit_log' from flex database...
2025-12-10 15:36:47 - OTMS - INFO - Successfully created model for table 'audit_log' from flex database
2025-12-10 15:36:47 - OTMS - INFO - Successfully loaded custom table model for 'audit_log'
2025-12-10 15:36:47 - OTMS - INFO - Retrieved 11 columns for data source 'audit_log'
2025-12-10 15:36:47 - OTMS - INFO - Attempting to load custom table 'audit_log'
2025-12-10 15:36:47 - OTMS - INFO - Reflecting table 'audit_log' from flex database...
2025-12-10 15:36:47 - OTMS - INFO - Successfully created model for table 'audit_log' from flex database
2025-12-10 15:36:47 - OTMS - INFO - Successfully loaded custom table model for 'audit_log'
2025-12-10 15:36:47 - OTMS - INFO - Retrieved 11 columns for data source 'audit_log'
2025-12-10 15:36:47 - OTMS - INFO - Attempting to load custom table 'audit_log'
2025-12-10 15:36:47 - OTMS - INFO - Reflecting table 'audit_log' from flex database...
2025-12-10 15:36:47 - OTMS - INFO - Successfully created model for table 'audit_log' from flex database
2025-12-10 15:36:47 - OTMS - INFO - Successfully loaded custom table model for 'audit_log'
2025-12-10 15:36:47 - OTMS - INFO - Retrieved 11 columns for data source 'audit_log'
2025-12-10 15:36:47 - OTMS - INFO - Attempting to load custom table 'audit_log'
2025-12-10 15:36:47 - OTMS - INFO - Reflecting table 'audit_log' from flex database...
2025-12-10 15:36:47 - OTMS - INFO - Successfully created model for table 'audit_log' from flex database
2025-12-10 15:36:47 - OTMS - INFO - Successfully loaded custom table model for 'audit_log'
2025-12-10 15:36:47 - OTMS - INFO - Retrieved 11 columns for data source 'audit_log'
2025-12-10 15:38:41 - OTMS - INFO - Loaded 69 tables from primary database
2025-12-10 15:38:41 - OTMS - INFO - Loaded 69 tables from flexible database
2025-12-10 15:38:41 - OTMS - INFO - Added 0 additional custom tables from location_config
2025-12-10 15:38:41 - OTMS - INFO - Attempting to load custom table 'export_utapate_terminal_export_data_tulja_kalyani'
2025-12-10 15:38:41 - OTMS - INFO - Reflecting table 'export_utapate_terminal_export_data_tulja_kalyani' from flex database...
2025-12-10 15:38:41 - OTMS - INFO - Successfully created model for table 'export_utapate_terminal_export_data_tulja_kalyani' from flex database
2025-12-10 15:38:41 - OTMS - INFO - Successfully loaded custom table model for 'export_utapate_terminal_export_data_tulja_kalyani'
2025-12-10 15:38:41 - OTMS - INFO - Retrieved 10 columns for data source 'export_utapate_terminal_export_data_tulja_kalyani'
2025-12-10 15:38:41 - OTMS - INFO - Attempting to load custom table 'audit_log'
2025-12-10 15:38:41 - OTMS - INFO - Reflecting table 'audit_log' from flex database...
2025-12-10 15:38:41 - OTMS - INFO - Successfully created model for table 'audit_log' from flex database
2025-12-10 15:38:41 - OTMS - INFO - Successfully loaded custom table model for 'audit_log'
2025-12-10 15:38:41 - OTMS - INFO - Retrieved 11 columns for data source 'audit_log'
2025-12-10 15:38:54 - OTMS - INFO - Loaded 69 tables from primary database
2025-12-10 15:38:54 - OTMS - INFO - Loaded 69 tables from flexible database
2025-12-10 15:38:54 - OTMS - INFO - Added 0 additional custom tables from location_config
2025-12-10 15:38:54 - OTMS - INFO - Attempting to load custom table 'export_utapate_terminal_export_data_tulja_kalyani'
2025-12-10 15:38:54 - OTMS - INFO - Reflecting table 'export_utapate_terminal_export_data_tulja_kalyani' from flex database...
2025-12-10 15:38:54 - OTMS - INFO - Successfully created model for table 'export_utapate_terminal_export_data_tulja_kalyani' from flex database
2025-12-10 15:38:54 - OTMS - INFO - Successfully loaded custom table model for 'export_utapate_terminal_export_data_tulja_kalyani'
2025-12-10 15:38:54 - OTMS - INFO - Retrieved 10 columns for data source 'export_utapate_terminal_export_data_tulja_kalyani'
2025-12-10 15:39:56 - OTMS - INFO - Loaded 69 tables from primary database
2025-12-10 15:39:56 - OTMS - INFO - Loaded 69 tables from flexible database
2025-12-10 15:39:56 - OTMS - INFO - Added 0 additional custom tables from location_config
2025-12-10 15:39:56 - OTMS - INFO - Attempting to load custom table 'export_utapate_terminal_export_data_tulja_kalyani'
2025-12-10 15:39:56 - OTMS - INFO - Reflecting table 'export_utapate_terminal_export_data_tulja_kalyani' from flex database...
2025-12-10 15:39:56 - OTMS - INFO - Successfully created model for table 'export_utapate_terminal_export_data_tulja_kalyani' from flex database
2025-12-10 15:39:56 - OTMS - INFO - Successfully loaded custom table model for 'export_utapate_terminal_export_data_tulja_kalyani'
2025-12-10 15:39:56 - OTMS - INFO - Retrieved 10 columns for data source 'export_utapate_terminal_export_data_tulja_kalyani'
2025-12-10 15:39:56 - OTMS - INFO - Attempting to load custom table 'audit_log'
2025-12-10 15:39:56 - OTMS - INFO - Reflecting table 'audit_log' from flex database...
2025-12-10 15:39:56 - OTMS - INFO - Successfully created model for table 'audit_log' from flex database
2025-12-10 15:39:56 - OTMS - INFO - Successfully loaded custom table model for 'audit_log'
2025-12-10 15:39:56 - OTMS - INFO - Retrieved 11 columns for data source 'audit_log'
2025-12-10 16:10:54 - OTMS - INFO - Loaded 72 tables from primary database
2025-12-10 16:10:54 - OTMS - INFO - Loaded 72 tables from flexible database
2025-12-10 16:10:54 - OTMS - INFO - Added 0 additional custom tables from location_config
2025-12-10 16:10:54 - OTMS - INFO - Attempting to load custom table 'export_utapate_terminal_export_data_tulja_kalyani'
2025-12-10 16:10:54 - OTMS - INFO - Reflecting table 'export_utapate_terminal_export_data_tulja_kalyani' from flex database...
2025-12-10 16:10:54 - OTMS - INFO - Successfully created model for table 'export_utapate_terminal_export_data_tulja_kalyani' from flex database
2025-12-10 16:10:54 - OTMS - INFO - Successfully loaded custom table model for 'export_utapate_terminal_export_data_tulja_kalyani'
2025-12-10 16:10:54 - OTMS - INFO - Retrieved 10 columns for data source 'export_utapate_terminal_export_data_tulja_kalyani'
2025-12-10 16:10:54 - OTMS - INFO - Attempting to load custom table 'audit_log'
2025-12-10 16:10:54 - OTMS - INFO - Reflecting table 'audit_log' from flex database...
2025-12-10 16:10:54 - OTMS - INFO - Successfully created model for table 'audit_log' from flex database
2025-12-10 16:10:54 - OTMS - INFO - Successfully loaded custom table model for 'audit_log'
2025-12-10 16:10:54 - OTMS - INFO - Retrieved 11 columns for data source 'audit_log'
2025-12-10 16:17:31 - OTMS - INFO - Loaded 72 tables from primary database
2025-12-10 16:17:31 - OTMS - INFO - Loaded 72 tables from flexible database
2025-12-10 16:17:31 - OTMS - INFO - Added 0 additional custom tables from location_config
2025-12-10 16:17:31 - OTMS - INFO - Attempting to load custom table 'export_utapate_terminal_export_data_tulja_kalyani'
2025-12-10 16:17:31 - OTMS - INFO - Reflecting table 'export_utapate_terminal_export_data_tulja_kalyani' from flex database...
2025-12-10 16:17:31 - OTMS - INFO - Successfully created model for table 'export_utapate_terminal_export_data_tulja_kalyani' from flex database
2025-12-10 16:17:31 - OTMS - INFO - Successfully loaded custom table model for 'export_utapate_terminal_export_data_tulja_kalyani'
2025-12-10 16:17:31 - OTMS - INFO - Retrieved 10 columns for data source 'export_utapate_terminal_export_data_tulja_kalyani'
2025-12-10 16:17:31 - OTMS - INFO - Attempting to load custom table 'audit_log'
2025-12-10 16:17:31 - OTMS - INFO - Reflecting table 'audit_log' from flex database...
2025-12-10 16:17:31 - OTMS - INFO - Successfully created model for table 'audit_log' from flex database
2025-12-10 16:17:31 - OTMS - INFO - Successfully loaded custom table model for 'audit_log'
2025-12-10 16:17:31 - OTMS - INFO - Retrieved 11 columns for data source 'audit_log'
2025-12-10 16:17:34 - OTMS - INFO - Loaded 72 tables from primary database
2025-12-10 16:17:34 - OTMS - INFO - Loaded 72 tables from flexible database
2025-12-10 16:17:34 - OTMS - INFO - Added 0 additional custom tables from location_config
2025-12-10 16:17:34 - OTMS - INFO - Attempting to load custom table 'export_utapate_terminal_export_data_tulja_kalyani'
2025-12-10 16:17:34 - OTMS - INFO - Reflecting table 'export_utapate_terminal_export_data_tulja_kalyani' from flex database...
2025-12-10 16:17:34 - OTMS - INFO - Successfully created model for table 'export_utapate_terminal_export_data_tulja_kalyani' from flex database
2025-12-10 16:17:34 - OTMS - INFO - Successfully loaded custom table model for 'export_utapate_terminal_export_data_tulja_kalyani'
2025-12-10 16:17:34 - OTMS - INFO - Retrieved 10 columns for data source 'export_utapate_terminal_export_data_tulja_kalyani'
2025-12-10 16:17:34 - OTMS - INFO - Attempting to load custom table 'audit_log'
2025-12-10 16:17:34 - OTMS - INFO - Reflecting table 'audit_log' from flex database...
2025-12-10 16:17:34 - OTMS - INFO - Successfully created model for table 'audit_log' from flex database
2025-12-10 16:17:34 - OTMS - INFO - Successfully loaded custom table model for 'audit_log'
2025-12-10 16:17:34 - OTMS - INFO - Retrieved 11 columns for data source 'audit_log'
2025-12-10 16:20:18 - OTMS - INFO - Loaded 72 tables from primary database
2025-12-10 16:20:18 - OTMS - INFO - Loaded 72 tables from flexible database
2025-12-10 16:20:18 - OTMS - INFO - Added 0 additional custom tables from location_config
2025-12-10 16:20:18 - OTMS - INFO - Attempting to load custom table 'export_utapate_terminal_export_data_tulja_kalyani'
2025-12-10 16:20:18 - OTMS - INFO - Reflecting table 'export_utapate_terminal_export_data_tulja_kalyani' from flex database...
2025-12-10 16:20:18 - OTMS - INFO - Successfully created model for table 'export_utapate_terminal_export_data_tulja_kalyani' from flex database
2025-12-10 16:20:18 - OTMS - INFO - Successfully loaded custom table model for 'export_utapate_terminal_export_data_tulja_kalyani'
2025-12-10 16:20:18 - OTMS - INFO - Retrieved 10 columns for data source 'export_utapate_terminal_export_data_tulja_kalyani'
2025-12-10 16:20:18 - OTMS - INFO - Attempting to load custom table 'audit_log'
2025-12-10 16:20:18 - OTMS - INFO - Reflecting table 'audit_log' from flex database...
2025-12-10 16:20:18 - OTMS - INFO - Successfully created model for table 'audit_log' from flex database
2025-12-10 16:20:18 - OTMS - INFO - Successfully loaded custom table model for 'audit_log'
2025-12-10 16:20:18 - OTMS - INFO - Retrieved 11 columns for data source 'audit_log'
2025-12-10 16:20:24 - OTMS - INFO - Loaded 72 tables from primary database
2025-12-10 16:20:24 - OTMS - INFO - Loaded 72 tables from flexible database
2025-12-10 16:20:24 - OTMS - INFO - Added 0 additional custom tables from location_config
2025-12-10 16:20:24 - OTMS - INFO - Attempting to load custom table 'export_utapate_terminal_export_data_tulja_kalyani'
2025-12-10 16:20:24 - OTMS - INFO - Reflecting table 'export_utapate_terminal_export_data_tulja_kalyani' from flex database...
2025-12-10 16:20:24 - OTMS - INFO - Successfully created model for table 'export_utapate_terminal_export_data_tulja_kalyani' from flex database
2025-12-10 16:20:24 - OTMS - INFO - Successfully loaded custom table model for 'export_utapate_terminal_export_data_tulja_kalyani'
2025-12-10 16:20:24 - OTMS - INFO - Retrieved 10 columns for data source 'export_utapate_terminal_export_data_tulja_kalyani'
2025-12-10 16:20:24 - OTMS - INFO - Attempting to load custom table 'audit_log'
2025-12-10 16:20:24 - OTMS - INFO - Reflecting table 'audit_log' from flex database...
2025-12-10 16:20:24 - OTMS - INFO - Successfully created model for table 'audit_log' from flex database
2025-12-10 16:20:24 - OTMS - INFO - Successfully loaded custom table model for 'audit_log'
2025-12-10 16:20:24 - OTMS - INFO - Retrieved 11 columns for data source 'audit_log'
2025-12-10 16:20:34 - OTMS - INFO - Loaded 72 tables from primary database
2025-12-10 16:20:34 - OTMS - INFO - Loaded 72 tables from flexible database
2025-12-10 16:20:34 - OTMS - INFO - Added 0 additional custom tables from location_config
2025-12-10 16:20:34 - OTMS - INFO - Attempting to load custom table 'export_utapate_terminal_export_data_tulja_kalyani'
2025-12-10 16:20:34 - OTMS - INFO - Reflecting table 'export_utapate_terminal_export_data_tulja_kalyani' from flex database...
2025-12-10 16:20:34 - OTMS - INFO - Successfully created model for table 'export_utapate_terminal_export_data_tulja_kalyani' from flex database
2025-12-10 16:20:34 - OTMS - INFO - Successfully loaded custom table model for 'export_utapate_terminal_export_data_tulja_kalyani'
2025-12-10 16:20:34 - OTMS - INFO - Retrieved 10 columns for data source 'export_utapate_terminal_export_data_tulja_kalyani'
2025-12-10 16:20:34 - OTMS - INFO - Attempting to load custom table 'audit_log'
2025-12-10 16:20:34 - OTMS - INFO - Reflecting table 'audit_log' from flex database...
2025-12-10 16:20:34 - OTMS - INFO - Successfully created model for table 'audit_log' from flex database
2025-12-10 16:20:34 - OTMS - INFO - Successfully loaded custom table model for 'audit_log'
2025-12-10 16:20:34 - OTMS - INFO - Retrieved 11 columns for data source 'audit_log'
2025-12-10 16:21:06 - OTMS - INFO - Loaded 72 tables from primary database
2025-12-10 16:21:06 - OTMS - INFO - Loaded 72 tables from flexible database
2025-12-10 16:21:06 - OTMS - INFO - Added 0 additional custom tables from location_config
2025-12-10 16:21:06 - OTMS - INFO - Attempting to load custom table 'export_utapate_terminal_export_data_tulja_kalyani'
2025-12-10 16:21:06 - OTMS - INFO - Reflecting table 'export_utapate_terminal_export_data_tulja_kalyani' from flex database...
2025-12-10 16:21:06 - OTMS - INFO - Successfully created model for table 'export_utapate_terminal_export_data_tulja_kalyani' from flex database
2025-12-10 16:21:06 - OTMS - INFO - Successfully loaded custom table model for 'export_utapate_terminal_export_data_tulja_kalyani'
2025-12-10 16:21:06 - OTMS - INFO - Retrieved 10 columns for data source 'export_utapate_terminal_export_data_tulja_kalyani'
2025-12-10 16:21:06 - OTMS - INFO - Attempting to load custom table 'audit_log'
2025-12-10 16:21:06 - OTMS - INFO - Reflecting table 'audit_log' from flex database...
2025-12-10 16:21:06 - OTMS - INFO - Successfully created model for table 'audit_log' from flex database
2025-12-10 16:21:06 - OTMS - INFO - Successfully loaded custom table model for 'audit_log'
2025-12-10 16:21:06 - OTMS - INFO - Retrieved 11 columns for data source 'audit_log'
2025-12-10 16:21:21 - OTMS - INFO - Loaded 72 tables from primary database
2025-12-10 16:21:21 - OTMS - INFO - Loaded 72 tables from flexible database
2025-12-10 16:21:21 - OTMS - INFO - Added 0 additional custom tables from location_config
2025-12-10 16:21:21 - OTMS - INFO - Attempting to load custom table 'export_utapate_terminal_export_data_tulja_kalyani'
2025-12-10 16:21:21 - OTMS - INFO - Reflecting table 'export_utapate_terminal_export_data_tulja_kalyani' from flex database...
2025-12-10 16:21:21 - OTMS - INFO - Successfully created model for table 'export_utapate_terminal_export_data_tulja_kalyani' from flex database
2025-12-10 16:21:21 - OTMS - INFO - Successfully loaded custom table model for 'export_utapate_terminal_export_data_tulja_kalyani'
2025-12-10 16:21:21 - OTMS - INFO - Retrieved 10 columns for data source 'export_utapate_terminal_export_data_tulja_kalyani'
2025-12-10 16:21:21 - OTMS - INFO - Attempting to load custom table 'audit_log'
2025-12-10 16:21:21 - OTMS - INFO - Reflecting table 'audit_log' from flex database...
2025-12-10 16:21:21 - OTMS - INFO - Successfully created model for table 'audit_log' from flex database
2025-12-10 16:21:21 - OTMS - INFO - Successfully loaded custom table model for 'audit_log'
2025-12-10 16:21:21 - OTMS - INFO - Retrieved 11 columns for data source 'audit_log'
2025-12-10 16:21:30 - OTMS - INFO - Loaded 72 tables from primary database
2025-12-10 16:21:30 - OTMS - INFO - Loaded 72 tables from flexible database
2025-12-10 16:21:30 - OTMS - INFO - Added 0 additional custom tables from location_config
2025-12-10 16:21:30 - OTMS - INFO - Attempting to load custom table 'export_utapate_terminal_export_data_tulja_kalyani'
2025-12-10 16:21:30 - OTMS - INFO - Reflecting table 'export_utapate_terminal_export_data_tulja_kalyani' from flex database...
2025-12-10 16:21:30 - OTMS - INFO - Successfully created model for table 'export_utapate_terminal_export_data_tulja_kalyani' from flex database
2025-12-10 16:21:30 - OTMS - INFO - Successfully loaded custom table model for 'export_utapate_terminal_export_data_tulja_kalyani'
2025-12-10 16:21:30 - OTMS - INFO - Retrieved 10 columns for data source 'export_utapate_terminal_export_data_tulja_kalyani'
2025-12-10 16:21:30 - OTMS - INFO - Attempting to load custom table 'audit_log'
2025-12-10 16:21:30 - OTMS - INFO - Reflecting table 'audit_log' from flex database...
2025-12-10 16:21:30 - OTMS - INFO - Successfully created model for table 'audit_log' from flex database
2025-12-10 16:21:30 - OTMS - INFO - Successfully loaded custom table model for 'audit_log'
2025-12-10 16:21:30 - OTMS - INFO - Retrieved 11 columns for data source 'audit_log'
2025-12-10 16:29:26 - OTMS - INFO - Loaded 72 tables from primary database
2025-12-10 16:29:26 - OTMS - INFO - Loaded 72 tables from flexible database
2025-12-10 16:29:26 - OTMS - INFO - Added 0 additional custom tables from location_config
2025-12-10 16:29:26 - OTMS - INFO - Attempting to load custom table 'export_utapate_terminal_export_data_tulja_kalyani'
2025-12-10 16:29:26 - OTMS - INFO - Reflecting table 'export_utapate_terminal_export_data_tulja_kalyani' from flex database...
2025-12-10 16:29:26 - OTMS - INFO - Successfully created model for table 'export_utapate_terminal_export_data_tulja_kalyani' from flex database
2025-12-10 16:29:26 - OTMS - INFO - Successfully loaded custom table model for 'export_utapate_terminal_export_data_tulja_kalyani'
2025-12-10 16:29:26 - OTMS - INFO - Retrieved 10 columns for data source 'export_utapate_terminal_export_data_tulja_kalyani'
2025-12-10 16:29:26 - OTMS - INFO - Attempting to load custom table 'audit_log'
2025-12-10 16:29:26 - OTMS - INFO - Reflecting table 'audit_log' from flex database...
2025-12-10 16:29:26 - OTMS - INFO - Successfully created model for table 'audit_log' from flex database
2025-12-10 16:29:26 - OTMS - INFO - Successfully loaded custom table model for 'audit_log'
2025-12-10 16:29:26 - OTMS - INFO - Retrieved 11 columns for data source 'audit_log'
2025-12-10 16:33:05 - OTMS - INFO - Loaded 72 tables from primary database
2025-12-10 16:33:05 - OTMS - INFO - Loaded 72 tables from flexible database
2025-12-10 16:33:05 - OTMS - INFO - Added 0 additional custom tables from location_config
2025-12-10 16:33:05 - OTMS - INFO - Attempting to load custom table 'export_utapate_terminal_export_data_tulja_kalyani'
2025-12-10 16:33:05 - OTMS - INFO - Reflecting table 'export_utapate_terminal_export_data_tulja_kalyani' from flex database...
2025-12-10 16:33:05 - OTMS - INFO - Successfully created model for table 'export_utapate_terminal_export_data_tulja_kalyani' from flex database
2025-12-10 16:33:05 - OTMS - INFO - Successfully loaded custom table model for 'export_utapate_terminal_export_data_tulja_kalyani'
2025-12-10 16:33:05 - OTMS - INFO - Retrieved 10 columns for data source 'export_utapate_terminal_export_data_tulja_kalyani'
2025-12-10 16:33:05 - OTMS - INFO - Attempting to load custom table 'audit_log'
2025-12-10 16:33:05 - OTMS - INFO - Reflecting table 'audit_log' from flex database...
2025-12-10 16:33:05 - OTMS - INFO - Successfully created model for table 'audit_log' from flex database
2025-12-10 16:33:05 - OTMS - INFO - Successfully loaded custom table model for 'audit_log'
2025-12-10 16:33:05 - OTMS - INFO - Retrieved 11 columns for data source 'audit_log'
2025-12-10 16:33:06 - OTMS - INFO - Loaded 72 tables from primary database
2025-12-10 16:33:06 - OTMS - INFO - Loaded 72 tables from flexible database
2025-12-10 16:33:06 - OTMS - INFO - Added 0 additional custom tables from location_config
2025-12-10 16:33:06 - OTMS - INFO - Attempting to load custom table 'export_utapate_terminal_export_data_tulja_kalyani'
2025-12-10 16:33:06 - OTMS - INFO - Reflecting table 'export_utapate_terminal_export_data_tulja_kalyani' from flex database...
2025-12-10 16:33:06 - OTMS - INFO - Successfully created model for table 'export_utapate_terminal_export_data_tulja_kalyani' from flex database
2025-12-10 16:33:06 - OTMS - INFO - Successfully loaded custom table model for 'export_utapate_terminal_export_data_tulja_kalyani'
2025-12-10 16:33:06 - OTMS - INFO - Retrieved 10 columns for data source 'export_utapate_terminal_export_data_tulja_kalyani'
2025-12-10 16:33:06 - OTMS - INFO - Attempting to load custom table 'audit_log'
2025-12-10 16:33:06 - OTMS - INFO - Reflecting table 'audit_log' from flex database...
2025-12-10 16:33:06 - OTMS - INFO - Successfully created model for table 'audit_log' from flex database
2025-12-10 16:33:06 - OTMS - INFO - Successfully loaded custom table model for 'audit_log'
2025-12-10 16:33:06 - OTMS - INFO - Retrieved 11 columns for data source 'audit_log'
2025-12-10 16:36:50 - OTMS - INFO - Loaded 72 tables from primary database
2025-12-10 16:36:50 - OTMS - INFO - Loaded 72 tables from flexible database
2025-12-10 16:36:50 - OTMS - INFO - Added 0 additional custom tables from location_config
2025-12-10 16:36:50 - OTMS - INFO - Attempting to load custom table 'export_utapate_terminal_export_data_tulja_kalyani'
2025-12-10 16:36:50 - OTMS - INFO - Reflecting table 'export_utapate_terminal_export_data_tulja_kalyani' from flex database...
2025-12-10 16:36:50 - OTMS - INFO - Successfully created model for table 'export_utapate_terminal_export_data_tulja_kalyani' from flex database
2025-12-10 16:36:50 - OTMS - INFO - Successfully loaded custom table model for 'export_utapate_terminal_export_data_tulja_kalyani'
2025-12-10 16:36:50 - OTMS - INFO - Retrieved 10 columns for data source 'export_utapate_terminal_export_data_tulja_kalyani'
2025-12-10 16:36:50 - OTMS - INFO - Attempting to load custom table 'audit_log'
2025-12-10 16:36:50 - OTMS - INFO - Reflecting table 'audit_log' from flex database...
2025-12-10 16:36:50 - OTMS - INFO - Successfully created model for table 'audit_log' from flex database
2025-12-10 16:36:50 - OTMS - INFO - Successfully loaded custom table model for 'audit_log'
2025-12-10 16:36:50 - OTMS - INFO - Retrieved 11 columns for data source 'audit_log'
2025-12-10 16:39:30 - OTMS - INFO - Loaded 72 tables from primary database
2025-12-10 16:39:30 - OTMS - INFO - Loaded 72 tables from flexible database
2025-12-10 16:39:30 - OTMS - INFO - Added 0 additional custom tables from location_config
2025-12-10 16:39:30 - OTMS - INFO - Attempting to load custom table 'export_utapate_terminal_export_data_tulja_kalyani'
2025-12-10 16:39:30 - OTMS - INFO - Reflecting table 'export_utapate_terminal_export_data_tulja_kalyani' from flex database...
2025-12-10 16:39:30 - OTMS - INFO - Successfully created model for table 'export_utapate_terminal_export_data_tulja_kalyani' from flex database
2025-12-10 16:39:30 - OTMS - INFO - Successfully loaded custom table model for 'export_utapate_terminal_export_data_tulja_kalyani'
2025-12-10 16:39:30 - OTMS - INFO - Retrieved 10 columns for data source 'export_utapate_terminal_export_data_tulja_kalyani'
2025-12-10 16:39:30 - OTMS - INFO - Attempting to load custom table 'audit_log'
2025-12-10 16:39:30 - OTMS - INFO - Reflecting table 'audit_log' from flex database...
2025-12-10 16:39:30 - OTMS - INFO - Successfully created model for table 'audit_log' from flex database
2025-12-10 16:39:30 - OTMS - INFO - Successfully loaded custom table model for 'audit_log'
2025-12-10 16:39:30 - OTMS - INFO - Retrieved 11 columns for data source 'audit_log'
2025-12-10 16:39:34 - OTMS - INFO - Loaded 72 tables from primary database
2025-12-10 16:39:34 - OTMS - INFO - Loaded 72 tables from flexible database
2025-12-10 16:39:34 - OTMS - INFO - Added 0 additional custom tables from location_config
2025-12-10 16:39:34 - OTMS - INFO - Attempting to load custom table 'export_utapate_terminal_export_data_tulja_kalyani'
2025-12-10 16:39:34 - OTMS - INFO - Reflecting table 'export_utapate_terminal_export_data_tulja_kalyani' from flex database...
2025-12-10 16:39:34 - OTMS - INFO - Successfully created model for table 'export_utapate_terminal_export_data_tulja_kalyani' from flex database
2025-12-10 16:39:34 - OTMS - INFO - Successfully loaded custom table model for 'export_utapate_terminal_export_data_tulja_kalyani'
2025-12-10 16:39:34 - OTMS - INFO - Retrieved 10 columns for data source 'export_utapate_terminal_export_data_tulja_kalyani'
2025-12-10 16:39:34 - OTMS - INFO - Attempting to load custom table 'audit_log'
2025-12-10 16:39:34 - OTMS - INFO - Reflecting table 'audit_log' from flex database...
2025-12-10 16:39:34 - OTMS - INFO - Successfully created model for table 'audit_log' from flex database
2025-12-10 16:39:34 - OTMS - INFO - Successfully loaded custom table model for 'audit_log'
2025-12-10 16:39:34 - OTMS - INFO - Retrieved 11 columns for data source 'audit_log'
2025-12-10 16:53:43 - OTMS - INFO - Loaded 72 tables from primary database
2025-12-10 16:53:43 - OTMS - INFO - Loaded 72 tables from flexible database
2025-12-10 16:53:43 - OTMS - INFO - Added 0 additional custom tables from location_config
2025-12-10 16:53:43 - OTMS - INFO - Attempting to load custom table 'export_utapate_terminal_export_data_tulja_kalyani'
2025-12-10 16:53:43 - OTMS - INFO - Reflecting table 'export_utapate_terminal_export_data_tulja_kalyani' from flex database...
2025-12-10 16:53:43 - OTMS - INFO - Successfully created model for table 'export_utapate_terminal_export_data_tulja_kalyani' from flex database
2025-12-10 16:53:43 - OTMS - INFO - Successfully loaded custom table model for 'export_utapate_terminal_export_data_tulja_kalyani'
2025-12-10 16:53:43 - OTMS - INFO - Retrieved 10 columns for data source 'export_utapate_terminal_export_data_tulja_kalyani'
2025-12-10 16:53:43 - OTMS - INFO - Attempting to load custom table 'audit_log'
2025-12-10 16:53:43 - OTMS - INFO - Reflecting table 'audit_log' from flex database...
2025-12-10 16:53:43 - OTMS - INFO - Successfully created model for table 'audit_log' from flex database
2025-12-10 16:53:43 - OTMS - INFO - Successfully loaded custom table model for 'audit_log'
2025-12-10 16:53:43 - OTMS - INFO - Retrieved 11 columns for data source 'audit_log'
2025-12-10 16:53:49 - OTMS - INFO - Loaded 72 tables from primary database
2025-12-10 16:53:49 - OTMS - INFO - Loaded 72 tables from flexible database
2025-12-10 16:53:49 - OTMS - INFO - Added 0 additional custom tables from location_config
2025-12-10 16:53:49 - OTMS - INFO - Attempting to load custom table 'export_utapate_terminal_export_data_tulja_kalyani'
2025-12-10 16:53:49 - OTMS - INFO - Reflecting table 'export_utapate_terminal_export_data_tulja_kalyani' from flex database...
2025-12-10 16:53:49 - OTMS - INFO - Successfully created model for table 'export_utapate_terminal_export_data_tulja_kalyani' from flex database
2025-12-10 16:53:49 - OTMS - INFO - Successfully loaded custom table model for 'export_utapate_terminal_export_data_tulja_kalyani'
2025-12-10 16:53:49 - OTMS - INFO - Retrieved 10 columns for data source 'export_utapate_terminal_export_data_tulja_kalyani'
2025-12-10 16:53:49 - OTMS - INFO - Attempting to load custom table 'audit_log'
2025-12-10 16:53:49 - OTMS - INFO - Reflecting table 'audit_log' from flex database...
2025-12-10 16:53:49 - OTMS - INFO - Successfully created model for table 'audit_log' from flex database
2025-12-10 16:53:49 - OTMS - INFO - Successfully loaded custom table model for 'audit_log'
2025-12-10 16:53:49 - OTMS - INFO - Retrieved 11 columns for data source 'audit_log'
2025-12-10 16:53:51 - OTMS - INFO - Loaded 72 tables from primary database
2025-12-10 16:53:51 - OTMS - INFO - Loaded 72 tables from flexible database
2025-12-10 16:53:51 - OTMS - INFO - Added 0 additional custom tables from location_config
2025-12-10 16:53:51 - OTMS - INFO - Attempting to load custom table 'export_utapate_terminal_export_data_tulja_kalyani'
2025-12-10 16:53:51 - OTMS - INFO - Reflecting table 'export_utapate_terminal_export_data_tulja_kalyani' from flex database...
2025-12-10 16:53:51 - OTMS - INFO - Successfully created model for table 'export_utapate_terminal_export_data_tulja_kalyani' from flex database
2025-12-10 16:53:51 - OTMS - INFO - Successfully loaded custom table model for 'export_utapate_terminal_export_data_tulja_kalyani'
2025-12-10 16:53:51 - OTMS - INFO - Retrieved 10 columns for data source 'export_utapate_terminal_export_data_tulja_kalyani'
2025-12-10 16:53:51 - OTMS - INFO - Attempting to load custom table 'audit_log'
2025-12-10 16:53:51 - OTMS - INFO - Reflecting table 'audit_log' from flex database...
2025-12-10 16:53:51 - OTMS - INFO - Successfully created model for table 'audit_log' from flex database
2025-12-10 16:53:51 - OTMS - INFO - Successfully loaded custom table model for 'audit_log'
2025-12-10 16:53:51 - OTMS - INFO - Retrieved 11 columns for data source 'audit_log'
2025-12-10 16:59:46 - OTMS - INFO - Loaded 72 tables from primary database
2025-12-10 16:59:46 - OTMS - INFO - Loaded 72 tables from flexible database
2025-12-10 16:59:46 - OTMS - INFO - Added 0 additional custom tables from location_config
2025-12-10 16:59:46 - OTMS - INFO - Attempting to load custom table 'export_utapate_terminal_export_data_tulja_kalyani'
2025-12-10 16:59:46 - OTMS - INFO - Reflecting table 'export_utapate_terminal_export_data_tulja_kalyani' from flex database...
2025-12-10 16:59:46 - OTMS - INFO - Successfully created model for table 'export_utapate_terminal_export_data_tulja_kalyani' from flex database
2025-12-10 16:59:46 - OTMS - INFO - Successfully loaded custom table model for 'export_utapate_terminal_export_data_tulja_kalyani'
2025-12-10 16:59:46 - OTMS - INFO - Retrieved 10 columns for data source 'export_utapate_terminal_export_data_tulja_kalyani'
2025-12-10 16:59:46 - OTMS - INFO - Attempting to load custom table 'audit_log'
2025-12-10 16:59:46 - OTMS - INFO - Reflecting table 'audit_log' from flex database...
2025-12-10 16:59:46 - OTMS - INFO - Successfully created model for table 'audit_log' from flex database
2025-12-10 16:59:46 - OTMS - INFO - Successfully loaded custom table model for 'audit_log'
2025-12-10 16:59:46 - OTMS - INFO - Retrieved 11 columns for data source 'audit_log'
2025-12-10 16:59:52 - OTMS - INFO - Loaded 72 tables from primary database
2025-12-10 16:59:52 - OTMS - INFO - Loaded 72 tables from flexible database
2025-12-10 16:59:52 - OTMS - INFO - Added 0 additional custom tables from location_config
2025-12-10 16:59:52 - OTMS - INFO - Attempting to load custom table 'export_utapate_terminal_export_data_tulja_kalyani'
2025-12-10 16:59:52 - OTMS - INFO - Reflecting table 'export_utapate_terminal_export_data_tulja_kalyani' from flex database...
2025-12-10 16:59:52 - OTMS - INFO - Successfully created model for table 'export_utapate_terminal_export_data_tulja_kalyani' from flex database
2025-12-10 16:59:52 - OTMS - INFO - Successfully loaded custom table model for 'export_utapate_terminal_export_data_tulja_kalyani'
2025-12-10 16:59:52 - OTMS - INFO - Retrieved 10 columns for data source 'export_utapate_terminal_export_data_tulja_kalyani'
2025-12-10 16:59:52 - OTMS - INFO - Attempting to load custom table 'audit_log'
2025-12-10 16:59:52 - OTMS - INFO - Reflecting table 'audit_log' from flex database...
2025-12-10 16:59:52 - OTMS - INFO - Successfully created model for table 'audit_log' from flex database
2025-12-10 16:59:52 - OTMS - INFO - Successfully loaded custom table model for 'audit_log'
2025-12-10 16:59:52 - OTMS - INFO - Retrieved 11 columns for data source 'audit_log'
2025-12-10 17:20:43 - OTMS - INFO - Loaded 72 tables from primary database
2025-12-10 17:20:43 - OTMS - INFO - Loaded 72 tables from flexible database
2025-12-10 17:20:43 - OTMS - INFO - Added 0 additional custom tables from location_config
2025-12-10 17:20:43 - OTMS - INFO - Attempting to load custom table 'export_utapate_terminal_export_data_tulja_kalyani'
2025-12-10 17:20:43 - OTMS - INFO - Reflecting table 'export_utapate_terminal_export_data_tulja_kalyani' from flex database...
2025-12-10 17:20:43 - OTMS - INFO - Successfully created model for table 'export_utapate_terminal_export_data_tulja_kalyani' from flex database
2025-12-10 17:20:43 - OTMS - INFO - Successfully loaded custom table model for 'export_utapate_terminal_export_data_tulja_kalyani'
2025-12-10 17:20:43 - OTMS - INFO - Retrieved 10 columns for data source 'export_utapate_terminal_export_data_tulja_kalyani'
2025-12-10 17:20:43 - OTMS - INFO - Attempting to load custom table 'audit_log'
2025-12-10 17:20:43 - OTMS - INFO - Reflecting table 'audit_log' from flex database...
2025-12-10 17:20:43 - OTMS - INFO - Successfully created model for table 'audit_log' from flex database
2025-12-10 17:20:43 - OTMS - INFO - Successfully loaded custom table model for 'audit_log'
2025-12-10 17:20:43 - OTMS - INFO - Retrieved 11 columns for data source 'audit_log'
2025-12-10 17:21:04 - OTMS - INFO - Loaded 72 tables from primary database
2025-12-10 17:21:04 - OTMS - INFO - Loaded 72 tables from flexible database
2025-12-10 17:21:04 - OTMS - INFO - Added 0 additional custom tables from location_config
2025-12-10 17:21:04 - OTMS - INFO - Attempting to load custom table 'export_utapate_terminal_export_data_tulja_kalyani'
2025-12-10 17:21:04 - OTMS - INFO - Reflecting table 'export_utapate_terminal_export_data_tulja_kalyani' from flex database...
2025-12-10 17:21:04 - OTMS - INFO - Successfully created model for table 'export_utapate_terminal_export_data_tulja_kalyani' from flex database
2025-12-10 17:21:04 - OTMS - INFO - Successfully loaded custom table model for 'export_utapate_terminal_export_data_tulja_kalyani'
2025-12-10 17:21:04 - OTMS - INFO - Retrieved 10 columns for data source 'export_utapate_terminal_export_data_tulja_kalyani'
2025-12-10 17:21:04 - OTMS - INFO - Attempting to load custom table 'audit_log'
2025-12-10 17:21:04 - OTMS - INFO - Reflecting table 'audit_log' from flex database...
2025-12-10 17:21:04 - OTMS - INFO - Successfully created model for table 'audit_log' from flex database
2025-12-10 17:21:04 - OTMS - INFO - Successfully loaded custom table model for 'audit_log'
2025-12-10 17:21:04 - OTMS - INFO - Retrieved 11 columns for data source 'audit_log'
2025-12-10 17:21:27 - OTMS - INFO - Loaded 72 tables from primary database
2025-12-10 17:21:27 - OTMS - INFO - Loaded 72 tables from flexible database
2025-12-10 17:21:27 - OTMS - INFO - Added 0 additional custom tables from location_config
2025-12-10 17:21:27 - OTMS - INFO - Attempting to load custom table 'export_utapate_terminal_export_data_tulja_kalyani'
2025-12-10 17:21:27 - OTMS - INFO - Reflecting table 'export_utapate_terminal_export_data_tulja_kalyani' from flex database...
2025-12-10 17:21:27 - OTMS - INFO - Successfully created model for table 'export_utapate_terminal_export_data_tulja_kalyani' from flex database
2025-12-10 17:21:27 - OTMS - INFO - Successfully loaded custom table model for 'export_utapate_terminal_export_data_tulja_kalyani'
2025-12-10 17:21:27 - OTMS - INFO - Retrieved 10 columns for data source 'export_utapate_terminal_export_data_tulja_kalyani'
2025-12-10 17:21:27 - OTMS - INFO - Attempting to load custom table 'audit_log'
2025-12-10 17:21:27 - OTMS - INFO - Reflecting table 'audit_log' from flex database...
2025-12-10 17:21:27 - OTMS - INFO - Successfully created model for table 'audit_log' from flex database
2025-12-10 17:21:27 - OTMS - INFO - Successfully loaded custom table model for 'audit_log'
2025-12-10 17:21:27 - OTMS - INFO - Retrieved 11 columns for data source 'audit_log'
2025-12-10 17:21:29 - OTMS - INFO - Loaded 72 tables from primary database
2025-12-10 17:21:29 - OTMS - INFO - Loaded 72 tables from flexible database
2025-12-10 17:21:29 - OTMS - INFO - Added 0 additional custom tables from location_config
2025-12-10 17:21:29 - OTMS - INFO - Attempting to load custom table 'export_utapate_terminal_export_data_tulja_kalyani'
2025-12-10 17:21:29 - OTMS - INFO - Reflecting table 'export_utapate_terminal_export_data_tulja_kalyani' from flex database...
2025-12-10 17:21:29 - OTMS - INFO - Successfully created model for table 'export_utapate_terminal_export_data_tulja_kalyani' from flex database
2025-12-10 17:21:29 - OTMS - INFO - Successfully loaded custom table model for 'export_utapate_terminal_export_data_tulja_kalyani'
2025-12-10 17:21:29 - OTMS - INFO - Retrieved 10 columns for data source 'export_utapate_terminal_export_data_tulja_kalyani'
2025-12-10 17:21:29 - OTMS - INFO - Attempting to load custom table 'audit_log'
2025-12-10 17:21:29 - OTMS - INFO - Reflecting table 'audit_log' from flex database...
2025-12-10 17:21:29 - OTMS - INFO - Successfully created model for table 'audit_log' from flex database
2025-12-10 17:21:29 - OTMS - INFO - Successfully loaded custom table model for 'audit_log'
2025-12-10 17:21:29 - OTMS - INFO - Retrieved 11 columns for data source 'audit_log'
2025-12-10 17:21:32 - OTMS - INFO - Loaded 72 tables from primary database
2025-12-10 17:21:32 - OTMS - INFO - Loaded 72 tables from flexible database
2025-12-10 17:21:32 - OTMS - INFO - Added 0 additional custom tables from location_config
2025-12-10 17:21:32 - OTMS - INFO - Attempting to load custom table 'export_utapate_terminal_export_data_tulja_kalyani'
2025-12-10 17:21:32 - OTMS - INFO - Reflecting table 'export_utapate_terminal_export_data_tulja_kalyani' from flex database...
2025-12-10 17:21:32 - OTMS - INFO - Successfully created model for table 'export_utapate_terminal_export_data_tulja_kalyani' from flex database
2025-12-10 17:21:32 - OTMS - INFO - Successfully loaded custom table model for 'export_utapate_terminal_export_data_tulja_kalyani'
2025-12-10 17:21:32 - OTMS - INFO - Retrieved 10 columns for data source 'export_utapate_terminal_export_data_tulja_kalyani'
2025-12-10 17:21:32 - OTMS - INFO - Attempting to load custom table 'audit_log'
2025-12-10 17:21:32 - OTMS - INFO - Reflecting table 'audit_log' from flex database...
2025-12-10 17:21:32 - OTMS - INFO - Successfully created model for table 'audit_log' from flex database
2025-12-10 17:21:32 - OTMS - INFO - Successfully loaded custom table model for 'audit_log'
2025-12-10 17:21:32 - OTMS - INFO - Retrieved 11 columns for data source 'audit_log'
2025-12-10 17:21:34 - OTMS - INFO - Loaded 72 tables from primary database
2025-12-10 17:21:34 - OTMS - INFO - Loaded 72 tables from flexible database
2025-12-10 17:21:34 - OTMS - INFO - Added 0 additional custom tables from location_config
2025-12-10 17:21:34 - OTMS - INFO - Attempting to load custom table 'export_utapate_terminal_export_data_tulja_kalyani'
2025-12-10 17:21:34 - OTMS - INFO - Reflecting table 'export_utapate_terminal_export_data_tulja_kalyani' from flex database...
2025-12-10 17:21:34 - OTMS - INFO - Successfully created model for table 'export_utapate_terminal_export_data_tulja_kalyani' from flex database
2025-12-10 17:21:34 - OTMS - INFO - Successfully loaded custom table model for 'export_utapate_terminal_export_data_tulja_kalyani'
2025-12-10 17:21:34 - OTMS - INFO - Retrieved 10 columns for data source 'export_utapate_terminal_export_data_tulja_kalyani'
2025-12-10 17:21:34 - OTMS - INFO - Attempting to load custom table 'audit_log'
2025-12-10 17:21:34 - OTMS - INFO - Reflecting table 'audit_log' from flex database...
2025-12-10 17:21:34 - OTMS - INFO - Successfully created model for table 'audit_log' from flex database
2025-12-10 17:21:34 - OTMS - INFO - Successfully loaded custom table model for 'audit_log'
2025-12-10 17:21:34 - OTMS - INFO - Retrieved 11 columns for data source 'audit_log'
2025-12-10 17:21:36 - OTMS - INFO - Loaded 72 tables from primary database
2025-12-10 17:21:36 - OTMS - INFO - Loaded 72 tables from flexible database
2025-12-10 17:21:36 - OTMS - INFO - Added 0 additional custom tables from location_config
2025-12-10 17:21:36 - OTMS - INFO - Attempting to load custom table 'export_utapate_terminal_export_data_tulja_kalyani'
2025-12-10 17:21:36 - OTMS - INFO - Reflecting table 'export_utapate_terminal_export_data_tulja_kalyani' from flex database...
2025-12-10 17:21:36 - OTMS - INFO - Successfully created model for table 'export_utapate_terminal_export_data_tulja_kalyani' from flex database
2025-12-10 17:21:36 - OTMS - INFO - Successfully loaded custom table model for 'export_utapate_terminal_export_data_tulja_kalyani'
2025-12-10 17:21:36 - OTMS - INFO - Retrieved 10 columns for data source 'export_utapate_terminal_export_data_tulja_kalyani'
2025-12-10 17:21:36 - OTMS - INFO - Attempting to load custom table 'audit_log'
2025-12-10 17:21:36 - OTMS - INFO - Reflecting table 'audit_log' from flex database...
2025-12-10 17:21:36 - OTMS - INFO - Successfully created model for table 'audit_log' from flex database
2025-12-10 17:21:36 - OTMS - INFO - Successfully loaded custom table model for 'audit_log'
2025-12-10 17:21:36 - OTMS - INFO - Retrieved 11 columns for data source 'audit_log'
2025-12-10 17:22:01 - OTMS - INFO - Loaded 72 tables from primary database
2025-12-10 17:22:01 - OTMS - INFO - Loaded 72 tables from flexible database
2025-12-10 17:22:01 - OTMS - INFO - Added 0 additional custom tables from location_config
2025-12-10 17:22:01 - OTMS - INFO - Attempting to load custom table 'export_utapate_terminal_export_data_tulja_kalyani'
2025-12-10 17:22:01 - OTMS - INFO - Reflecting table 'export_utapate_terminal_export_data_tulja_kalyani' from flex database...
2025-12-10 17:22:01 - OTMS - INFO - Successfully created model for table 'export_utapate_terminal_export_data_tulja_kalyani' from flex database
2025-12-10 17:22:01 - OTMS - INFO - Successfully loaded custom table model for 'export_utapate_terminal_export_data_tulja_kalyani'
2025-12-10 17:22:01 - OTMS - INFO - Retrieved 10 columns for data source 'export_utapate_terminal_export_data_tulja_kalyani'
2025-12-10 17:22:01 - OTMS - INFO - Attempting to load custom table 'audit_log'
2025-12-10 17:22:01 - OTMS - INFO - Reflecting table 'audit_log' from flex database...
2025-12-10 17:22:02 - OTMS - INFO - Successfully created model for table 'audit_log' from flex database
2025-12-10 17:22:02 - OTMS - INFO - Successfully loaded custom table model for 'audit_log'
2025-12-10 17:22:02 - OTMS - INFO - Retrieved 11 columns for data source 'audit_log'
2025-12-10 17:22:05 - OTMS - INFO - Loaded 72 tables from primary database
2025-12-10 17:22:05 - OTMS - INFO - Loaded 72 tables from flexible database
2025-12-10 17:22:05 - OTMS - INFO - Added 0 additional custom tables from location_config
2025-12-10 17:22:05 - OTMS - INFO - Attempting to load custom table 'export_utapate_terminal_export_data_tulja_kalyani'
2025-12-10 17:22:05 - OTMS - INFO - Reflecting table 'export_utapate_terminal_export_data_tulja_kalyani' from flex database...
2025-12-10 17:22:06 - OTMS - INFO - Successfully created model for table 'export_utapate_terminal_export_data_tulja_kalyani' from flex database
2025-12-10 17:22:06 - OTMS - INFO - Successfully loaded custom table model for 'export_utapate_terminal_export_data_tulja_kalyani'
2025-12-10 17:22:06 - OTMS - INFO - Retrieved 10 columns for data source 'export_utapate_terminal_export_data_tulja_kalyani'
2025-12-10 17:22:06 - OTMS - INFO - Attempting to load custom table 'audit_log'
2025-12-10 17:22:06 - OTMS - INFO - Reflecting table 'audit_log' from flex database...
2025-12-10 17:22:06 - OTMS - INFO - Successfully created model for table 'audit_log' from flex database
2025-12-10 17:22:06 - OTMS - INFO - Successfully loaded custom table model for 'audit_log'
2025-12-10 17:22:06 - OTMS - INFO - Retrieved 11 columns for data source 'audit_log'
2025-12-10 17:22:09 - OTMS - INFO - Loaded 72 tables from primary database
2025-12-10 17:22:09 - OTMS - INFO - Loaded 72 tables from flexible database
2025-12-10 17:22:09 - OTMS - INFO - Added 0 additional custom tables from location_config
2025-12-10 17:22:09 - OTMS - INFO - Attempting to load custom table 'export_utapate_terminal_export_data_tulja_kalyani'
2025-12-10 17:22:09 - OTMS - INFO - Reflecting table 'export_utapate_terminal_export_data_tulja_kalyani' from flex database...
2025-12-10 17:22:09 - OTMS - INFO - Successfully created model for table 'export_utapate_terminal_export_data_tulja_kalyani' from flex database
2025-12-10 17:22:09 - OTMS - INFO - Successfully loaded custom table model for 'export_utapate_terminal_export_data_tulja_kalyani'
2025-12-10 17:22:09 - OTMS - INFO - Retrieved 10 columns for data source 'export_utapate_terminal_export_data_tulja_kalyani'
2025-12-10 17:22:09 - OTMS - INFO - Attempting to load custom table 'audit_log'
2025-12-10 17:22:09 - OTMS - INFO - Reflecting table 'audit_log' from flex database...
2025-12-10 17:22:09 - OTMS - INFO - Successfully created model for table 'audit_log' from flex database
2025-12-10 17:22:09 - OTMS - INFO - Successfully loaded custom table model for 'audit_log'
2025-12-10 17:22:09 - OTMS - INFO - Retrieved 11 columns for data source 'audit_log'
2025-12-10 17:22:17 - OTMS - INFO - Loaded 72 tables from primary database
2025-12-10 17:22:17 - OTMS - INFO - Loaded 72 tables from flexible database
2025-12-10 17:22:17 - OTMS - INFO - Added 0 additional custom tables from location_config
2025-12-10 17:22:17 - OTMS - INFO - Attempting to load custom table 'export_utapate_terminal_export_data_tulja_kalyani'
2025-12-10 17:22:17 - OTMS - INFO - Reflecting table 'export_utapate_terminal_export_data_tulja_kalyani' from flex database...
2025-12-10 17:22:17 - OTMS - INFO - Successfully created model for table 'export_utapate_terminal_export_data_tulja_kalyani' from flex database
2025-12-10 17:22:17 - OTMS - INFO - Successfully loaded custom table model for 'export_utapate_terminal_export_data_tulja_kalyani'
2025-12-10 17:22:17 - OTMS - INFO - Retrieved 10 columns for data source 'export_utapate_terminal_export_data_tulja_kalyani'
2025-12-10 17:22:17 - OTMS - INFO - Attempting to load custom table 'audit_log'
2025-12-10 17:22:17 - OTMS - INFO - Reflecting table 'audit_log' from flex database...
2025-12-10 17:22:17 - OTMS - INFO - Successfully created model for table 'audit_log' from flex database
2025-12-10 17:22:17 - OTMS - INFO - Successfully loaded custom table model for 'audit_log'
2025-12-10 17:22:17 - OTMS - INFO - Retrieved 11 columns for data source 'audit_log'
2025-12-10 17:22:25 - OTMS - INFO - Loaded 72 tables from primary database
2025-12-10 17:22:25 - OTMS - INFO - Loaded 72 tables from flexible database
2025-12-10 17:22:25 - OTMS - INFO - Added 0 additional custom tables from location_config
2025-12-10 17:22:25 - OTMS - INFO - Attempting to load custom table 'export_utapate_terminal_export_data_tulja_kalyani'
2025-12-10 17:22:25 - OTMS - INFO - Reflecting table 'export_utapate_terminal_export_data_tulja_kalyani' from flex database...
2025-12-10 17:22:25 - OTMS - INFO - Successfully created model for table 'export_utapate_terminal_export_data_tulja_kalyani' from flex database
2025-12-10 17:22:25 - OTMS - INFO - Successfully loaded custom table model for 'export_utapate_terminal_export_data_tulja_kalyani'
2025-12-10 17:22:25 - OTMS - INFO - Retrieved 10 columns for data source 'export_utapate_terminal_export_data_tulja_kalyani'
2025-12-10 17:22:25 - OTMS - INFO - Attempting to load custom table 'audit_log'
2025-12-10 17:22:25 - OTMS - INFO - Reflecting table 'audit_log' from flex database...
2025-12-10 17:22:25 - OTMS - INFO - Successfully created model for table 'audit_log' from flex database
2025-12-10 17:22:25 - OTMS - INFO - Successfully loaded custom table model for 'audit_log'
2025-12-10 17:22:25 - OTMS - INFO - Retrieved 11 columns for data source 'audit_log'
2025-12-10 17:22:35 - OTMS - INFO - Loaded 72 tables from primary database
2025-12-10 17:22:35 - OTMS - INFO - Loaded 72 tables from flexible database
2025-12-10 17:22:35 - OTMS - INFO - Added 0 additional custom tables from location_config
2025-12-10 17:22:35 - OTMS - INFO - Attempting to load custom table 'export_utapate_terminal_export_data_tulja_kalyani'
2025-12-10 17:22:35 - OTMS - INFO - Reflecting table 'export_utapate_terminal_export_data_tulja_kalyani' from flex database...
2025-12-10 17:22:35 - OTMS - INFO - Successfully created model for table 'export_utapate_terminal_export_data_tulja_kalyani' from flex database
2025-12-10 17:22:35 - OTMS - INFO - Successfully loaded custom table model for 'export_utapate_terminal_export_data_tulja_kalyani'
2025-12-10 17:22:35 - OTMS - INFO - Retrieved 10 columns for data source 'export_utapate_terminal_export_data_tulja_kalyani'
2025-12-10 17:22:35 - OTMS - INFO - Attempting to load custom table 'audit_log'
2025-12-10 17:22:35 - OTMS - INFO - Reflecting table 'audit_log' from flex database...
2025-12-10 17:22:35 - OTMS - INFO - Successfully created model for table 'audit_log' from flex database
2025-12-10 17:22:35 - OTMS - INFO - Successfully loaded custom table model for 'audit_log'
2025-12-10 17:22:35 - OTMS - INFO - Retrieved 11 columns for data source 'audit_log'
2025-12-10 17:22:37 - OTMS - INFO - Loaded 72 tables from primary database
2025-12-10 17:22:37 - OTMS - INFO - Loaded 72 tables from flexible database
2025-12-10 17:22:37 - OTMS - INFO - Added 0 additional custom tables from location_config
2025-12-10 17:22:37 - OTMS - INFO - Attempting to load custom table 'export_utapate_terminal_export_data_tulja_kalyani'
2025-12-10 17:22:37 - OTMS - INFO - Reflecting table 'export_utapate_terminal_export_data_tulja_kalyani' from flex database...
2025-12-10 17:22:37 - OTMS - INFO - Successfully created model for table 'export_utapate_terminal_export_data_tulja_kalyani' from flex database
2025-12-10 17:22:37 - OTMS - INFO - Successfully loaded custom table model for 'export_utapate_terminal_export_data_tulja_kalyani'
2025-12-10 17:22:37 - OTMS - INFO - Retrieved 10 columns for data source 'export_utapate_terminal_export_data_tulja_kalyani'
2025-12-10 17:22:37 - OTMS - INFO - Attempting to load custom table 'audit_log'
2025-12-10 17:22:37 - OTMS - INFO - Reflecting table 'audit_log' from flex database...
2025-12-10 17:22:37 - OTMS - INFO - Successfully created model for table 'audit_log' from flex database
2025-12-10 17:22:37 - OTMS - INFO - Successfully loaded custom table model for 'audit_log'
2025-12-10 17:22:37 - OTMS - INFO - Retrieved 11 columns for data source 'audit_log'
2025-12-10 17:22:43 - OTMS - INFO - Loaded 72 tables from primary database
2025-12-10 17:22:43 - OTMS - INFO - Loaded 72 tables from flexible database
2025-12-10 17:22:43 - OTMS - INFO - Added 0 additional custom tables from location_config
2025-12-10 17:22:43 - OTMS - INFO - Attempting to load custom table 'export_utapate_terminal_export_data_tulja_kalyani'
2025-12-10 17:22:43 - OTMS - INFO - Reflecting table 'export_utapate_terminal_export_data_tulja_kalyani' from flex database...
2025-12-10 17:22:43 - OTMS - INFO - Successfully created model for table 'export_utapate_terminal_export_data_tulja_kalyani' from flex database
2025-12-10 17:22:43 - OTMS - INFO - Successfully loaded custom table model for 'export_utapate_terminal_export_data_tulja_kalyani'
2025-12-10 17:22:43 - OTMS - INFO - Retrieved 10 columns for data source 'export_utapate_terminal_export_data_tulja_kalyani'
2025-12-10 17:22:43 - OTMS - INFO - Attempting to load custom table 'audit_log'
2025-12-10 17:22:43 - OTMS - INFO - Reflecting table 'audit_log' from flex database...
2025-12-10 17:22:43 - OTMS - INFO - Successfully created model for table 'audit_log' from flex database
2025-12-10 17:22:43 - OTMS - INFO - Successfully loaded custom table model for 'audit_log'
2025-12-10 17:22:43 - OTMS - INFO - Retrieved 11 columns for data source 'audit_log'
2025-12-10 17:23:01 - OTMS - INFO - Loaded 72 tables from primary database
2025-12-10 17:23:01 - OTMS - INFO - Loaded 72 tables from flexible database
2025-12-10 17:23:01 - OTMS - INFO - Added 0 additional custom tables from location_config
2025-12-10 17:23:01 - OTMS - INFO - Attempting to load custom table 'export_utapate_terminal_export_data_tulja_kalyani'
2025-12-10 17:23:01 - OTMS - INFO - Reflecting table 'export_utapate_terminal_export_data_tulja_kalyani' from flex database...
2025-12-10 17:23:01 - OTMS - INFO - Successfully created model for table 'export_utapate_terminal_export_data_tulja_kalyani' from flex database
2025-12-10 17:23:01 - OTMS - INFO - Successfully loaded custom table model for 'export_utapate_terminal_export_data_tulja_kalyani'
2025-12-10 17:23:01 - OTMS - INFO - Retrieved 10 columns for data source 'export_utapate_terminal_export_data_tulja_kalyani'
2025-12-10 17:23:01 - OTMS - INFO - Attempting to load custom table 'audit_log'
2025-12-10 17:23:01 - OTMS - INFO - Reflecting table 'audit_log' from flex database...
2025-12-10 17:23:01 - OTMS - INFO - Successfully created model for table 'audit_log' from flex database
2025-12-10 17:23:01 - OTMS - INFO - Successfully loaded custom table model for 'audit_log'
2025-12-10 17:23:01 - OTMS - INFO - Retrieved 11 columns for data source 'audit_log'
2025-12-10 17:23:31 - OTMS - INFO - Loaded 72 tables from primary database
2025-12-10 17:23:31 - OTMS - INFO - Loaded 72 tables from flexible database
2025-12-10 17:23:31 - OTMS - INFO - Added 0 additional custom tables from location_config
2025-12-10 17:23:31 - OTMS - INFO - Attempting to load custom table 'export_utapate_terminal_export_data_tulja_kalyani'
2025-12-10 17:23:31 - OTMS - INFO - Reflecting table 'export_utapate_terminal_export_data_tulja_kalyani' from flex database...
2025-12-10 17:23:31 - OTMS - INFO - Successfully created model for table 'export_utapate_terminal_export_data_tulja_kalyani' from flex database
2025-12-10 17:23:31 - OTMS - INFO - Successfully loaded custom table model for 'export_utapate_terminal_export_data_tulja_kalyani'
2025-12-10 17:23:31 - OTMS - INFO - Retrieved 10 columns for data source 'export_utapate_terminal_export_data_tulja_kalyani'
2025-12-10 17:23:31 - OTMS - INFO - Attempting to load custom table 'audit_log'
2025-12-10 17:23:31 - OTMS - INFO - Reflecting table 'audit_log' from flex database...
2025-12-10 17:23:31 - OTMS - INFO - Successfully created model for table 'audit_log' from flex database
2025-12-10 17:23:31 - OTMS - INFO - Successfully loaded custom table model for 'audit_log'
2025-12-10 17:23:31 - OTMS - INFO - Retrieved 11 columns for data source 'audit_log'
2025-12-10 17:23:36 - OTMS - INFO - Loaded 72 tables from primary database
2025-12-10 17:23:36 - OTMS - INFO - Loaded 72 tables from flexible database
2025-12-10 17:23:36 - OTMS - INFO - Added 0 additional custom tables from location_config
2025-12-10 17:23:36 - OTMS - INFO - Attempting to load custom table 'export_utapate_terminal_export_data_tulja_kalyani'
2025-12-10 17:23:36 - OTMS - INFO - Reflecting table 'export_utapate_terminal_export_data_tulja_kalyani' from flex database...
2025-12-10 17:23:36 - OTMS - INFO - Successfully created model for table 'export_utapate_terminal_export_data_tulja_kalyani' from flex database
2025-12-10 17:23:36 - OTMS - INFO - Successfully loaded custom table model for 'export_utapate_terminal_export_data_tulja_kalyani'
2025-12-10 17:23:36 - OTMS - INFO - Retrieved 10 columns for data source 'export_utapate_terminal_export_data_tulja_kalyani'
2025-12-10 17:23:36 - OTMS - INFO - Attempting to load custom table 'audit_log'
2025-12-10 17:23:36 - OTMS - INFO - Reflecting table 'audit_log' from flex database...
2025-12-10 17:23:36 - OTMS - INFO - Successfully created model for table 'audit_log' from flex database
2025-12-10 17:23:36 - OTMS - INFO - Successfully loaded custom table model for 'audit_log'
2025-12-10 17:23:36 - OTMS - INFO - Retrieved 11 columns for data source 'audit_log'
2025-12-10 17:23:40 - OTMS - INFO - Loaded 72 tables from primary database
2025-12-10 17:23:40 - OTMS - INFO - Loaded 72 tables from flexible database
2025-12-10 17:23:40 - OTMS - INFO - Added 0 additional custom tables from location_config
2025-12-10 17:23:40 - OTMS - INFO - Attempting to load custom table 'export_utapate_terminal_export_data_tulja_kalyani'
2025-12-10 17:23:40 - OTMS - INFO - Reflecting table 'export_utapate_terminal_export_data_tulja_kalyani' from flex database...
2025-12-10 17:23:40 - OTMS - INFO - Successfully created model for table 'export_utapate_terminal_export_data_tulja_kalyani' from flex database
2025-12-10 17:23:40 - OTMS - INFO - Successfully loaded custom table model for 'export_utapate_terminal_export_data_tulja_kalyani'
2025-12-10 17:23:40 - OTMS - INFO - Retrieved 10 columns for data source 'export_utapate_terminal_export_data_tulja_kalyani'
2025-12-10 17:23:40 - OTMS - INFO - Attempting to load custom table 'audit_log'
2025-12-10 17:23:40 - OTMS - INFO - Reflecting table 'audit_log' from flex database...
2025-12-10 17:23:40 - OTMS - INFO - Successfully created model for table 'audit_log' from flex database
2025-12-10 17:23:40 - OTMS - INFO - Successfully loaded custom table model for 'audit_log'
2025-12-10 17:23:40 - OTMS - INFO - Retrieved 11 columns for data source 'audit_log'
2025-12-10 17:26:04 - OTMS - INFO - Loaded 72 tables from primary database
2025-12-10 17:26:04 - OTMS - INFO - Loaded 72 tables from flexible database
2025-12-10 17:26:04 - OTMS - INFO - Added 0 additional custom tables from location_config
2025-12-10 17:26:04 - OTMS - INFO - Attempting to load custom table 'export_utapate_terminal_export_data_tulja_kalyani'
2025-12-10 17:26:04 - OTMS - INFO - Reflecting table 'export_utapate_terminal_export_data_tulja_kalyani' from flex database...
2025-12-10 17:26:04 - OTMS - INFO - Successfully created model for table 'export_utapate_terminal_export_data_tulja_kalyani' from flex database
2025-12-10 17:26:04 - OTMS - INFO - Successfully loaded custom table model for 'export_utapate_terminal_export_data_tulja_kalyani'
2025-12-10 17:26:04 - OTMS - INFO - Retrieved 10 columns for data source 'export_utapate_terminal_export_data_tulja_kalyani'
2025-12-10 17:26:04 - OTMS - INFO - Attempting to load custom table 'audit_log'
2025-12-10 17:26:04 - OTMS - INFO - Reflecting table 'audit_log' from flex database...
2025-12-10 17:26:04 - OTMS - INFO - Successfully created model for table 'audit_log' from flex database
2025-12-10 17:26:04 - OTMS - INFO - Successfully loaded custom table model for 'audit_log'
2025-12-10 17:26:04 - OTMS - INFO - Retrieved 11 columns for data source 'audit_log'
